-- phpMyAdmin SQL Dump
-- version 4.8.3
-- https://www.phpmyadmin.net/
--
-- Host: 127.0.0.1
-- Generation Time: 29-Nov-2018 às 20:21
-- Versão do servidor: 10.1.35-MariaDB
-- versão do PHP: 7.2.9

SET SQL_MODE = "NO_AUTO_VALUE_ON_ZERO";
SET AUTOCOMMIT = 0;
START TRANSACTION;
SET time_zone = "+00:00";


/*!40101 SET @OLD_CHARACTER_SET_CLIENT=@@CHARACTER_SET_CLIENT */;
/*!40101 SET @OLD_CHARACTER_SET_RESULTS=@@CHARACTER_SET_RESULTS */;
/*!40101 SET @OLD_COLLATION_CONNECTION=@@COLLATION_CONNECTION */;
/*!40101 SET NAMES utf8mb4 */;

--
-- Database: `brain`
--

-- --------------------------------------------------------

--
-- Estrutura da tabela `administrative_file`
--

CREATE TABLE `administrative_file` (
  `id` int(8) NOT NULL,
  `id_registry` int(8) NOT NULL,
  `path_to_file` varchar(80) COLLATE utf8_bin NOT NULL,
  `status` varchar(7) COLLATE utf8_bin NOT NULL,
  `registration_date` timestamp NOT NULL DEFAULT CURRENT_TIMESTAMP,
  `expiration_date` date NOT NULL,
  `paid_date` date NOT NULL
) ENGINE=InnoDB DEFAULT CHARSET=utf8 COLLATE=utf8_bin;

--
-- Extraindo dados da tabela `administrative_file`
--

INSERT INTO `administrative_file` (`id`, `id_registry`, `path_to_file`, `status`, `registration_date`, `expiration_date`, `paid_date`) VALUES
(1, 1, 'primeirocartorioguarapuava-janeiro.pdf', 'pago', '2017-11-30 19:04:59', '2017-11-30', '2017-11-30'),
(2, 1, 'primeirocartorioguarapuava-fevereiro.pdf', 'pago', '2017-11-30 19:09:00', '2017-12-30', '2017-12-04'),
(3, 1, 'primeirocartorioguarapuava-fevereiro.pdf', 'pago', '2017-11-30 19:11:42', '2017-12-11', '2018-01-04'),
(4, 1, 'primeirocartorioguarapuava-fevereiro.pdf', 'pago', '2017-11-30 19:13:19', '2018-01-10', '2018-01-29'),
(5, 1, 'primeirocartorioguarapuava-janeiro.pdf', 'pago', '2017-11-30 19:17:34', '0000-00-00', '2018-10-29'),
(6, 5, '1cartoriodemaringa-janeiro.pdf', 'pago', '2017-12-04 13:29:02', '2017-12-12', '2017-12-04'),
(7, 5, '1cartoriodemaringa-fevereiro.pdf', 'pago', '2017-12-04 13:29:02', '2017-11-30', '2017-12-04');

-- --------------------------------------------------------

--
-- Estrutura da tabela `authorization_user_page`
--

CREATE TABLE `authorization_user_page` (
  `id` int(8) NOT NULL,
  `id_user` int(8) NOT NULL,
  `id_page` int(8) NOT NULL,
  `access` varchar(3) COLLATE utf8_unicode_ci NOT NULL
) ENGINE=InnoDB DEFAULT CHARSET=utf8 COLLATE=utf8_unicode_ci;

--
-- Extraindo dados da tabela `authorization_user_page`
--

INSERT INTO `authorization_user_page` (`id`, `id_user`, `id_page`, `access`) VALUES
(1, 1, 1, 'yes'),
(2, 1, 2, 'yes'),
(3, 1, 3, 'yes'),
(4, 1, 4, 'yes'),
(5, 1, 5, 'yes'),
(6, 1, 6, 'yes'),
(7, 1, 7, 'yes'),
(8, 1, 8, 'yes'),
(9, 4, 2, 'yes'),
(10, 4, 4, 'yes'),
(11, 4, 5, 'yes'),
(12, 4, 6, 'yes'),
(13, 2, 6, 'yes'),
(14, 2, 2, 'yes'),
(15, 3, 6, 'yes'),
(16, 3, 2, 'yes'),
(17, 8, 2, 'yes'),
(18, 8, 6, 'yes'),
(19, 9, 2, 'yes'),
(20, 9, 6, 'yes'),
(21, 10, 2, 'yes'),
(22, 10, 6, 'yes'),
(23, 7, 2, 'yes'),
(24, 7, 6, 'yes'),
(25, 4, 3, 'yes'),
(26, 3, 3, 'yes'),
(27, 3, 4, 'yes'),
(28, 3, 5, 'yes'),
(29, 2, 3, 'yes'),
(30, 2, 4, 'yes'),
(31, 3, 4, 'yes'),
(32, 3, 3, 'yes'),
(33, 7, 4, 'yes'),
(34, 7, 3, 'yes'),
(35, 8, 4, 'yes'),
(36, 8, 3, 'yes'),
(37, 9, 4, 'yes'),
(38, 9, 3, 'yes'),
(39, 10, 4, 'yes'),
(40, 10, 3, 'yes'),
(41, 11, 1, 'yes'),
(42, 11, 2, 'yes'),
(43, 11, 3, 'yes'),
(44, 11, 4, 'yes'),
(45, 11, 5, ''),
(46, 11, 6, 'yes'),
(47, 11, 7, 'yes'),
(48, 11, 8, 'yes');

-- --------------------------------------------------------

--
-- Estrutura da tabela `category_module`
--

CREATE TABLE `category_module` (
  `id` int(11) NOT NULL,
  `description` varchar(60) COLLATE utf8_bin NOT NULL,
  `t_group` varchar(6) COLLATE utf8_bin NOT NULL
) ENGINE=InnoDB DEFAULT CHARSET=utf8 COLLATE=utf8_bin;

--
-- Extraindo dados da tabela `category_module`
--

INSERT INTO `category_module` (`id`, `description`, `t_group`) VALUES
(1, 'Matrícula', 'nivel1'),
(2, 'Transcrição', 'nivel2'),
(3, 'Minuta', 'nivel1'),
(4, 'Condição da Parte', 'nivel1'),
(5, 'Natureza Formal', 'nivel1'),
(7, 'Modelos de Ficha', 'nivel1'),
(8, 'Itens pré-definidos', 'nivel1'),
(9, 'Digitalização e Scanners', 'nivel1'),
(10, 'Impressora e Impressão', 'nivel1'),
(11, 'Rede', 'nivel1'),
(12, 'Usuário', 'nivel1'),
(13, 'Atos', 'nivel1'),
(14, 'Financeiro', 'nivel2'),
(15, 'Protocolo', 'nivel1'),
(16, 'Dúvidas', 'nivel2'),
(17, 'IMOB', 'nivel1'),
(18, 'Serviços', 'nivel1'),
(19, 'Fichas', 'nivel1'),
(20, 'Atos.', 'nivel2'),
(21, 'Office', 'nivel1'),
(22, 'Backup', 'nivel1'),
(23, 'Backup.', 'nivel2'),
(24, 'Impressão', 'nivel2'),
(25, 'Desregistrar', 'nivel1'),
(26, 'Instalações', 'nivel1'),
(27, 'Unificar pessoas', 'nivel1'),
(28, 'Cartório', 'nivel1'),
(29, 'DOI', 'nivel2'),
(30, 'Selos.', 'nivel2'),
(31, 'Central de Indisponibilidade', 'nivel2'),
(32, 'Comprovantes e Recibos', 'nivel2'),
(33, 'Alta produção', 'nivel2'),
(34, 'Serviços.', 'nivel2'),
(35, 'Servidor', 'nivel2'),
(36, 'Replicação', 'nivel2'),
(37, 'Area', 'nivel2'),
(38, 'SQL', 'nivel2'),
(39, 'Protocolo.', 'nivel2'),
(40, 'Banco de Dados', 'nivel2'),
(41, 'SIG-EX', 'nivel2'),
(42, 'Erros no IMOB', 'nivel2'),
(43, 'Variáveis', 'nivel2'),
(44, 'Consultas', 'nivel2'),
(45, 'Intimações', 'nivel2'),
(46, 'Registro Eletrônico', 'nivel2'),
(47, 'Certidão', 'nivel2'),
(48, 'Consulta Processos', 'nivel2'),
(49, 'Etiquetas', 'nivel2'),
(50, 'Selos', 'nivel1'),
(51, 'Usuário.', 'nivel2'),
(52, 'Instalações.', 'nivel2');

-- --------------------------------------------------------

--
-- Estrutura da tabela `chat`
--

CREATE TABLE `chat` (
  `id` int(8) NOT NULL,
  `id_chat` int(8) NOT NULL,
  `opening_time` timestamp NULL DEFAULT '0000-00-00 00:00:00',
  `final_time` timestamp NULL DEFAULT '0000-00-00 00:00:00',
  `duration_in_minutes` int(11) DEFAULT NULL
) ENGINE=InnoDB DEFAULT CHARSET=utf8 COLLATE=utf8_bin;

--
-- Extraindo dados da tabela `chat`
--

INSERT INTO `chat` (`id`, `id_chat`, `opening_time`, `final_time`, `duration_in_minutes`) VALUES
(5, 553050, '2018-10-10 12:20:21', '0000-00-00 00:00:00', 13),
(6, 553058, '2018-10-10 13:18:34', '0000-00-00 00:00:00', 7),
(7, 553098, '2018-10-10 13:44:06', '2018-10-10 14:03:09', 19),
(8, 102, '0000-00-00 00:00:00', '0000-00-00 00:00:00', 1),
(9, 553283, '2018-10-15 12:16:42', '2018-10-15 12:35:39', 18),
(10, 553432, '2018-10-17 12:42:30', '0000-00-00 00:00:00', 5),
(11, 553438, '2018-10-17 12:45:01', '0000-00-00 00:00:00', 15),
(12, 553437, '2018-10-17 12:44:23', '2018-10-17 13:06:56', 22),
(13, 553491, '2018-10-17 13:23:24', '0000-00-00 00:00:00', 3),
(14, 553494, '2018-10-17 13:38:55', '0000-00-00 00:00:00', 14),
(15, 553600, '2018-10-17 14:04:12', '0000-00-00 00:00:00', 7),
(16, 103, '0000-00-00 00:00:00', '0000-00-00 00:00:00', 1),
(17, 553767, '2018-10-17 16:33:30', '0000-00-00 00:00:00', 2),
(18, 553766, '2018-10-17 16:31:49', '0000-00-00 00:00:00', 7),
(19, 553787, '2018-10-17 16:49:50', '0000-00-00 00:00:00', 18),
(20, 553788, '2018-10-17 16:50:09', '2018-10-17 17:11:49', 21),
(21, 553790, '2018-10-17 16:55:42', '0000-00-00 00:00:00', 20),
(22, 104, '0000-00-00 00:00:00', '0000-00-00 00:00:00', 1),
(24, 553868, '2018-10-17 17:13:37', '0000-00-00 00:00:00', 10),
(25, 553867, '2018-10-17 17:13:20', '0000-00-00 00:00:00', 11),
(26, 553912, '2018-10-17 17:34:52', '0000-00-00 00:00:00', 2),
(27, 553910, '2018-10-17 17:30:57', '0000-00-00 00:00:00', 10),
(28, 554085, '2018-10-17 17:54:52', '0000-00-00 00:00:00', 10),
(30, 554131, '2018-10-17 18:41:34', '0000-00-00 00:00:00', 5),
(31, 554346, '2018-10-17 18:54:41', '2018-10-17 19:06:45', 12),
(32, 55555, '0000-00-00 00:00:00', '0000-00-00 00:00:00', 1),
(33, 554126, '2018-10-17 18:25:16', '2018-10-17 19:15:38', 50),
(34, 554725, '2018-10-17 19:15:56', '0000-00-00 00:00:00', 8),
(36, 554726, '2018-10-17 19:33:20', '0000-00-00 00:00:00', 17),
(37, 554727, '2018-10-17 19:45:22', '2018-10-17 19:59:11', 13),
(38, 554825, '2018-10-17 20:11:52', '2018-10-17 20:30:34', 18),
(39, 554127, '2018-10-17 18:26:37', '2018-10-17 18:59:45', 33),
(40, 105, '0000-00-00 00:00:00', '0000-00-00 00:00:00', 1),
(42, 555034, '2018-10-18 11:35:23', '2018-10-18 11:47:41', 12),
(43, 106, '0000-00-00 00:00:00', '0000-00-00 00:00:00', 1),
(44, 555041, '2018-10-18 11:46:25', '2018-10-18 12:09:39', 23),
(45, 555066, '2018-10-18 11:48:31', '2018-10-18 12:06:18', 17),
(46, 555155, '2018-10-18 12:06:47', '2018-10-18 12:25:57', 19),
(47, 555244, '2018-10-18 12:09:51', '2018-10-18 12:42:26', 32),
(48, 555246, '2018-10-18 12:11:00', '2018-10-18 12:52:35', 41),
(49, 555304, '2018-10-18 12:39:29', '0000-00-00 00:00:00', 27),
(50, 555531, '2018-10-18 13:07:43', '0000-00-00 00:00:00', 3),
(51, 555042, '2018-10-18 11:46:55', '2018-10-18 13:37:51', 110),
(52, 555704, '2018-10-18 13:36:54', '0000-00-00 00:00:00', 15),
(53, 555665, '2018-10-18 13:31:34', '2018-10-18 13:57:39', 26),
(54, 107, '0000-00-00 00:00:00', '0000-00-00 00:00:00', 1),
(55, 555852, '2018-10-18 14:14:58', '2018-10-18 14:31:28', 16),
(56, 556231, '2018-10-18 16:30:06', '0000-00-00 00:00:00', 20),
(57, 556238, '2018-10-18 16:46:45', '0000-00-00 00:00:00', 39),
(58, 556254, '2018-10-18 16:57:30', '2018-10-18 18:18:52', 81),
(59, 556596, '2018-10-18 18:29:50', '0000-00-00 00:00:00', 46),
(60, 556650, '2018-10-18 19:04:59', '0000-00-00 00:00:00', 13),
(61, 556652, '2018-10-18 19:16:32', '2018-10-18 19:27:09', 10),
(62, 108, '0000-00-00 00:00:00', '0000-00-00 00:00:00', 1),
(63, 556821, '2018-10-18 19:53:12', '0000-00-00 00:00:00', 17),
(64, 556823, '2018-10-18 19:56:28', '2018-10-18 20:56:12', 59),
(65, 109, '0000-00-00 00:00:00', '0000-00-00 00:00:00', 1),
(66, 557110, '2018-10-19 11:40:17', '2018-10-19 12:06:38', 26),
(67, 557113, '2018-10-19 11:54:31', '2018-10-19 12:05:21', 10),
(68, 557227, '2018-10-19 12:14:55', '0000-00-00 00:00:00', 2),
(69, 557248, '2018-10-19 12:26:13', '0000-00-00 00:00:00', 28),
(70, 557307, '2018-10-19 12:55:45', '2018-10-19 13:40:36', 44),
(71, 557213, '2018-10-19 12:09:13', '2018-10-19 13:15:01', 65),
(72, 557409, '2018-10-19 13:19:16', '0000-00-00 00:00:00', 7),
(73, 557463, '2018-10-19 13:31:18', '0000-00-00 00:00:00', 14),
(74, 557465, '2018-10-19 13:33:21', '2018-10-19 14:03:57', 30),
(75, 557614, '2018-10-19 13:58:52', '0000-00-00 00:00:00', 15),
(76, 557615, '2018-10-19 14:00:12', '2018-10-19 14:14:18', 14),
(77, 557647, '2018-10-19 14:09:36', '0000-00-00 00:00:00', 15),
(78, 557776, '2018-10-19 14:22:07', '0000-00-00 00:00:00', 30),
(79, 557646, '2018-10-19 14:07:45', '2018-10-19 15:24:38', 76),
(80, 557992, '2018-10-19 16:25:53', '0000-00-00 00:00:00', 6),
(81, 110, '0000-00-00 00:00:00', '0000-00-00 00:00:00', 1),
(82, 558047, '2018-10-19 17:35:48', '0000-00-00 00:00:00', 6),
(83, 558048, '2018-10-19 17:45:13', '2018-10-19 18:03:10', 17),
(84, 111, '0000-00-00 00:00:00', '0000-00-00 00:00:00', 1),
(85, 558120, '2018-10-19 18:38:39', '2018-10-19 18:59:59', 21),
(86, 558121, '2018-10-19 18:42:40', '0000-00-00 00:00:00', 26),
(87, 558310, '2018-10-19 19:25:30', '0000-00-00 00:00:00', 14),
(88, 558122, '2018-10-19 18:58:40', '0000-00-00 00:00:00', 67),
(89, 558381, '2018-10-19 19:48:56', '0000-00-00 00:00:00', 31),
(90, 558589, '2018-10-22 12:42:01', '0000-00-00 00:00:00', 51),
(91, 112, '0000-00-00 00:00:00', '0000-00-00 00:00:00', 1),
(92, 558591, '2018-10-22 12:52:21', '2018-10-22 15:09:54', 137),
(93, 558590, '2018-10-22 12:48:06', '2018-10-22 13:14:58', 26),
(94, 113, '0000-00-00 00:00:00', '0000-00-00 00:00:00', 1),
(95, 558707, '2018-10-22 13:23:12', '0000-00-00 00:00:00', 34),
(96, 114, '0000-00-00 00:00:00', '0000-00-00 00:00:00', 1),
(97, 115, '0000-00-00 00:00:00', '0000-00-00 00:00:00', 1),
(98, 116, '0000-00-00 00:00:00', '0000-00-00 00:00:00', 1),
(99, 558927, '2018-10-22 14:24:15', '0000-00-00 00:00:00', 40),
(100, 117, '0000-00-00 00:00:00', '0000-00-00 00:00:00', 1),
(101, 558826, '2018-10-22 14:09:55', '0000-00-00 00:00:00', 20),
(102, 558969, '2018-10-22 14:44:38', '0000-00-00 00:00:00', 50),
(103, 118, '0000-00-00 00:00:00', '0000-00-00 00:00:00', 1),
(104, 119, '0000-00-00 00:00:00', '0000-00-00 00:00:00', 1),
(105, 559106, '2018-10-22 15:09:23', '2018-10-22 15:21:29', 12),
(106, 120, '0000-00-00 00:00:00', '0000-00-00 00:00:00', 1),
(107, 121, '0000-00-00 00:00:00', '0000-00-00 00:00:00', 1),
(108, 559274, '2018-10-22 15:31:01', '2018-10-22 16:01:09', 30),
(109, 558770, '2018-10-22 14:00:08', '2018-10-22 14:23:39', 23),
(110, 559276, '2018-10-22 15:47:58', '2018-10-22 15:58:10', 10),
(111, 559404, '2018-10-22 17:13:31', '0000-00-00 00:00:00', 55),
(112, 122, '0000-00-00 00:00:00', '0000-00-00 00:00:00', 1),
(113, 559414, '2018-10-22 17:33:43', '0000-00-00 00:00:00', 43),
(114, 559560, '2018-10-22 18:29:56', '0000-00-00 00:00:00', 49),
(115, 559559, '2018-10-22 18:26:44', '0000-00-00 00:00:00', 29),
(116, 559614, '2018-10-22 18:38:17', '2018-10-22 19:39:06', 60),
(117, 559447, '2018-10-22 18:06:18', '0000-00-00 00:00:00', 42),
(118, 559985, '2018-10-22 19:45:00', '0000-00-00 00:00:00', 37),
(119, 123, '0000-00-00 00:00:00', '0000-00-00 00:00:00', 1),
(120, 560120, '2018-10-22 20:38:08', '0000-00-00 00:00:00', 55),
(121, 560161, '2018-10-22 20:43:31', '2018-10-22 21:05:53', 22),
(122, 124, '0000-00-00 00:00:00', '0000-00-00 00:00:00', 1),
(123, 560761, '2018-10-23 12:22:13', '0000-00-00 00:00:00', 6),
(124, 560670, '2018-10-23 12:47:15', '0000-00-00 00:00:00', 18),
(125, 560686, '2018-10-23 12:54:09', '0000-00-00 00:00:00', 17),
(126, 560811, '2018-10-23 12:38:18', '0000-00-00 00:00:00', 27),
(127, 125, '0000-00-00 00:00:00', '0000-00-00 00:00:00', 1),
(128, 561040, '2018-10-23 13:43:05', '0000-00-00 00:00:00', 13),
(129, 561054, '2018-10-23 13:49:53', '0000-00-00 00:00:00', 18),
(130, 561138, '2018-10-23 14:14:49', '0000-00-00 00:00:00', 4),
(131, 561305, '2018-10-23 14:47:37', '2018-10-23 15:09:51', 22),
(132, 126, '0000-00-00 00:00:00', '0000-00-00 00:00:00', 1),
(133, 561635, '2018-10-23 16:40:11', '2018-10-23 17:10:58', 30),
(134, 561658, '2018-10-23 16:54:55', '2018-10-23 17:43:22', 48),
(135, 561821, '2018-10-23 17:54:49', '0000-00-00 00:00:00', 15),
(136, 561822, '2018-10-23 18:00:36', '0000-00-00 00:00:00', 12),
(137, 561832, '2018-10-23 18:11:00', '0000-00-00 00:00:00', 19),
(138, 127, '0000-00-00 00:00:00', '0000-00-00 00:00:00', 1),
(139, 562015, '2018-10-23 19:15:13', '0000-00-00 00:00:00', 5),
(140, 562008, '2018-10-23 19:13:17', '0000-00-00 00:00:00', 13),
(141, 562017, '2018-10-23 19:20:10', '0000-00-00 00:00:00', 12),
(142, 562018, '2018-10-23 19:25:38', '0000-00-00 00:00:00', 13),
(143, 562016, '2018-10-23 19:15:54', '2018-10-23 19:51:50', 35),
(144, 561954, '2018-10-23 18:41:30', '2018-10-23 18:57:21', 15),
(145, 561955, '2018-10-23 18:44:50', '2018-10-23 18:56:28', 11),
(146, 561833, '2018-10-23 18:15:35', '2018-10-23 18:33:11', 17),
(147, 561831, '2018-10-23 18:07:09', '2018-10-23 18:15:59', 8),
(148, 561637, '2018-10-23 16:48:52', '2018-10-23 17:45:30', 56),
(149, 561696, '2018-10-23 17:12:06', '2018-10-23 17:22:24', 10),
(150, 561636, '2018-10-23 16:47:54', '2018-10-23 16:52:36', 4),
(151, 128, '0000-00-00 00:00:00', '0000-00-00 00:00:00', 1),
(152, 562300, '2018-10-24 12:37:43', '0000-00-00 00:00:00', 52),
(153, 562295, '2018-10-24 12:35:14', '2018-10-24 12:45:41', 10),
(154, 562296, '2018-10-24 12:35:42', '0000-00-00 00:00:00', 35),
(155, 562334, '2018-10-24 12:47:07', '2018-10-24 12:02:13', 44),
(156, 562439, '2018-10-24 12:05:23', '0000-00-00 00:00:00', 90),
(157, 129, '0000-00-00 00:00:00', '0000-00-00 00:00:00', 1),
(158, 562299, '2018-10-24 12:37:35', '2018-10-24 12:26:56', 10),
(159, 130, '0000-00-00 00:00:00', '0000-00-00 00:00:00', 1),
(160, 562525, '2018-10-24 12:39:56', '2018-10-24 12:49:10', 9),
(161, 562530, '2018-10-24 12:45:18', '2018-10-24 12:57:28', 12),
(162, 562579, '2018-10-24 12:59:26', '0000-00-00 00:00:00', 6),
(163, 131, '0000-00-00 00:00:00', '0000-00-00 00:00:00', 1),
(164, 562580, '2018-10-24 13:07:15', '0000-00-00 00:00:00', 26),
(165, 562760, '2018-10-24 13:44:16', '0000-00-00 00:00:00', 6),
(166, 562617, '2018-10-24 13:25:42', '2018-10-24 13:45:03', 19),
(167, 132, '0000-00-00 00:00:00', '0000-00-00 00:00:00', 1),
(168, 133, '0000-00-00 00:00:00', '0000-00-00 00:00:00', 1),
(169, 562750, '2018-10-24 13:40:38', '0000-00-00 00:00:00', 28),
(170, 562852, '2018-10-24 13:59:36', '2018-10-24 14:05:00', 5),
(171, 134, '0000-00-00 00:00:00', '0000-00-00 00:00:00', 1),
(172, 562830, '2018-10-24 13:51:46', '0000-00-00 00:00:00', 20),
(173, 135, '0000-00-00 00:00:00', '0000-00-00 00:00:00', 1),
(174, 562790, '2018-10-24 13:45:38', '0000-00-00 00:00:00', 36),
(175, 136, '0000-00-00 00:00:00', '0000-00-00 00:00:00', 1),
(176, 562925, '2018-10-24 14:06:50', '0000-00-00 00:00:00', 19),
(177, 137, '0000-00-00 00:00:00', '0000-00-00 00:00:00', 1),
(178, 138, '0000-00-00 00:00:00', '0000-00-00 00:00:00', 1),
(179, 563089, '2018-10-24 16:11:35', '0000-00-00 00:00:00', 5),
(180, 563091, '2018-10-24 16:45:28', '0000-00-00 00:00:00', 3),
(181, 563192, '2018-10-24 17:17:02', '0000-00-00 00:00:00', 6),
(182, 563211, '2018-10-24 17:26:00', '0000-00-00 00:00:00', 21),
(183, 563210, '2018-10-24 17:23:50', '0000-00-00 00:00:00', 25),
(184, 563350, '2018-10-24 18:01:35', '0000-00-00 00:00:00', 8),
(185, 563351, '2018-10-24 18:06:24', '0000-00-00 00:00:00', 61),
(186, 563489, '2018-10-24 19:20:51', '0000-00-00 00:00:00', 4),
(187, 563584, '2018-10-24 19:46:29', '0000-00-00 00:00:00', 2),
(188, 563461, '2018-10-24 18:43:10', '2018-10-24 19:41:58', 58),
(189, 563487, '2018-10-24 19:02:27', '2018-10-24 19:41:26', 38),
(190, 563250, '2018-10-24 17:47:48', '2018-10-24 18:41:16', 53),
(191, 563703, '2018-10-24 20:01:33', '2018-10-24 20:09:13', 7),
(192, 139, '0000-00-00 00:00:00', '0000-00-00 00:00:00', 1),
(193, 140, '0000-00-00 00:00:00', '0000-00-00 00:00:00', 1),
(194, 141, '0000-00-00 00:00:00', '0000-00-00 00:00:00', 1),
(195, 142, '0000-00-00 00:00:00', '0000-00-00 00:00:00', 1),
(196, 563873, '2018-10-25 12:38:38', '2018-10-25 12:49:34', 10),
(197, 563903, '2018-10-25 12:53:15', '0000-00-00 00:00:00', 52),
(198, 563904, '2018-10-25 13:02:12', '2018-10-25 13:15:37', 13),
(199, 143, '0000-00-00 00:00:00', '0000-00-00 00:00:00', 1),
(200, 563994, '2018-10-25 13:19:30', '0000-00-00 00:00:00', 47),
(201, 564013, '2018-10-25 13:32:54', '2018-10-25 14:17:51', 44),
(202, 144, '0000-00-00 00:00:00', '0000-00-00 00:00:00', 1),
(203, 564134, '2018-10-25 14:36:26', '0000-00-00 00:00:00', 45),
(204, 564163, '2018-10-25 14:46:53', '0000-00-00 00:00:00', 54),
(205, 145, '0000-00-00 00:00:00', '0000-00-00 00:00:00', 1),
(206, 564428, '2018-10-25 15:37:56', '0000-00-00 00:00:00', 52),
(207, 564136, '2018-10-25 14:39:58', '2018-10-25 15:28:42', 48),
(208, 564431, '2018-10-25 15:42:42', '0000-00-00 00:00:00', 46),
(209, 564509, '2018-10-25 17:16:12', '0000-00-00 00:00:00', 36),
(210, 564507, '2018-10-25 17:11:00', '2018-10-25 17:22:45', 11),
(211, 564552, '2018-10-25 16:32:37', '0000-00-00 00:00:00', 22),
(212, 564508, '2018-10-25 16:12:00', '0000-00-00 00:00:00', 69),
(213, 146, '0000-00-00 00:00:00', '0000-00-00 00:00:00', 1),
(214, 564671, '2018-10-25 17:06:34', '0000-00-00 00:00:00', 18),
(215, 564883, '2018-10-25 17:31:10', '0000-00-00 00:00:00', 11),
(216, 564885, '2018-10-25 17:46:14', '0000-00-00 00:00:00', 6),
(217, 565325, '2018-10-25 19:00:48', '0000-00-00 00:00:00', 8),
(218, 147, '0000-00-00 00:00:00', '0000-00-00 00:00:00', 1),
(219, 565327, '2018-10-25 19:22:48', '0000-00-00 00:00:00', 4),
(220, 565438, '2018-10-25 20:13:29', '2018-10-25 20:27:42', 14),
(221, 565699, '2018-10-26 13:15:27', '0000-00-00 00:00:00', 14),
(222, 565787, '2018-10-26 13:38:25', '0000-00-00 00:00:00', 5),
(223, 565718, '2018-10-26 13:19:35', '0000-00-00 00:00:00', 34),
(224, 565848, '2018-10-26 13:56:17', '0000-00-00 00:00:00', 4),
(226, 566558, '2018-10-26 16:42:08', '0000-00-00 00:00:00', 9),
(227, 566488, '2018-10-26 16:09:46', '2018-10-26 16:35:39', 25),
(228, 566765, '2018-10-26 17:07:23', '0000-00-00 00:00:00', 2),
(229, 566788, '2018-10-26 17:18:25', '0000-00-00 00:00:00', 3),
(230, 148, '0000-00-00 00:00:00', '0000-00-00 00:00:00', 1),
(231, 566898, '2018-10-26 17:41:04', '0000-00-00 00:00:00', 13),
(232, 566922, '2018-10-26 17:54:42', '0000-00-00 00:00:00', 86),
(233, 567270, '2018-10-26 19:17:38', '0000-00-00 00:00:00', 7),
(234, 149, '0000-00-00 00:00:00', '0000-00-00 00:00:00', 1),
(235, 567635, '2018-10-29 12:51:35', '0000-00-00 00:00:00', 12),
(236, 567637, '2018-10-29 12:54:38', '0000-00-00 00:00:00', 14),
(237, 567652, '2018-10-29 13:03:14', '0000-00-00 00:00:00', 20),
(238, 567667, '2018-10-29 13:10:36', '0000-00-00 00:00:00', 45),
(239, 150, '0000-00-00 00:00:00', '0000-00-00 00:00:00', 1),
(240, 567946, '2018-10-29 14:10:10', '0000-00-00 00:00:00', 5),
(241, 567947, '2018-10-29 14:10:30', '2018-10-29 14:30:30', 20),
(242, 567899, '2018-10-29 13:56:28', '2018-10-29 15:04:51', 68),
(243, 568481, '2018-10-29 16:11:13', '0000-00-00 00:00:00', 3),
(244, 568612, '2018-10-29 17:48:18', '0000-00-00 00:00:00', 6),
(245, 568610, '2018-10-29 17:42:57', '2018-10-29 18:00:57', 18),
(246, 568609, '2018-10-29 17:41:21', '2018-10-29 18:06:59', 25),
(247, 151, '0000-00-00 00:00:00', '0000-00-00 00:00:00', 1),
(248, 568918, '2018-10-29 18:34:51', '0000-00-00 00:00:00', 7),
(249, 569105, '2018-10-29 19:01:16', '0000-00-00 00:00:00', 13),
(250, 569181, '2018-10-29 19:26:07', '0000-00-00 00:00:00', 12),
(251, 569218, '2018-10-29 19:35:24', '0000-00-00 00:00:00', 14),
(252, 569604, '2018-10-29 19:53:08', '0000-00-00 00:00:00', 5),
(253, 569551, '2018-10-29 19:48:16', '2018-10-29 20:14:46', 26),
(254, 569934, '2018-10-30 11:39:37', '0000-00-00 00:00:00', 12),
(255, 569936, '2018-10-30 11:48:43', '0000-00-00 00:00:00', 10),
(256, 152, '0000-00-00 00:00:00', '0000-00-00 00:00:00', 1),
(257, 569989, '2018-10-30 12:00:13', '0000-00-00 00:00:00', 20),
(258, 153, '0000-00-00 00:00:00', '0000-00-00 00:00:00', 1),
(260, 570046, '2018-10-30 12:14:50', '0000-00-00 00:00:00', 23),
(261, 570043, '2018-10-30 12:12:01', '0000-00-00 00:00:00', 28),
(262, 570188, '2018-10-30 12:35:49', '0000-00-00 00:00:00', 6),
(263, 570187, '2018-10-30 12:34:51', '0000-00-00 00:00:00', 9),
(264, 570211, '2018-10-30 12:45:00', '0000-00-00 00:00:00', 7),
(265, 570152, '2018-10-30 12:31:59', '0000-00-00 00:00:00', 21),
(266, 570210, '2018-10-30 12:42:40', '2018-10-30 13:14:02', 31),
(267, 570467, '2018-10-30 13:03:15', '0000-00-00 00:00:00', 25),
(268, 154, '0000-00-00 00:00:00', '0000-00-00 00:00:00', 1),
(269, 570640, '2018-10-30 13:46:05', '2018-10-30 14:12:22', 26),
(270, 570597, '2018-10-30 13:43:47', '0000-00-00 00:00:00', 17),
(271, 570529, '2018-10-30 13:16:55', '2018-10-30 13:44:26', 27),
(272, 155, '0000-00-00 00:00:00', '0000-00-00 00:00:00', 1),
(273, 156, '0000-00-00 00:00:00', '0000-00-00 00:00:00', 1),
(274, 570596, '2018-10-30 13:33:47', '2018-10-30 13:48:28', 14),
(275, 570969, '2018-10-30 16:01:00', '2018-10-30 16:11:20', 10),
(276, 570970, '2018-10-30 16:04:51', '0000-00-00 00:00:00', 9),
(277, 570975, '2018-10-30 16:10:38', '0000-00-00 00:00:00', 11),
(278, 570971, '2018-10-30 16:05:29', '0000-00-00 00:00:00', 18),
(279, 570976, '2018-10-30 16:10:40', '0000-00-00 00:00:00', 16),
(280, 571019, '2018-10-30 16:18:07', '2018-10-30 17:23:06', 64),
(281, 571018, '2018-10-30 16:17:00', '0000-00-00 00:00:00', 16),
(282, 157, '0000-00-00 00:00:00', '0000-00-00 00:00:00', 1),
(283, 158, '0000-00-00 00:00:00', '0000-00-00 00:00:00', 1),
(284, 571151, '2018-10-30 16:37:23', '0000-00-00 00:00:00', 12),
(285, 571193, '2018-10-30 16:42:55', '0000-00-00 00:00:00', 30),
(286, 159, '0000-00-00 00:00:00', '0000-00-00 00:00:00', 1),
(287, 571311, '2018-10-30 17:13:38', '0000-00-00 00:00:00', 9),
(288, 571500, '2018-10-30 17:34:03', '0000-00-00 00:00:00', 8),
(289, 571465, '2018-10-30 17:31:27', '0000-00-00 00:00:00', 12),
(290, 570974, '2018-10-30 16:10:07', '2018-10-30 16:47:47', 37),
(291, 571312, '2018-10-30 17:15:04', '0000-00-00 00:00:00', 31),
(292, 571590, '2018-10-30 17:40:00', '0000-00-00 00:00:00', 14),
(293, 571313, '2018-10-30 17:20:20', '0000-00-00 00:00:00', 35),
(294, 571589, '2018-10-30 17:39:38', '0000-00-00 00:00:00', 25),
(295, 571683, '2018-10-30 18:04:00', '2018-10-30 19:44:09', 100),
(296, 160, '0000-00-00 00:00:00', '0000-00-00 00:00:00', 1),
(297, 571622, '2018-10-30 17:48:50', '0000-00-00 00:00:00', 28),
(298, 571591, '2018-10-30 17:42:16', '2018-10-30 18:24:46', 42),
(299, 571764, '2018-10-30 18:13:48', '0000-00-00 00:00:00', 9),
(300, 571635, '2018-10-30 18:01:26', '0000-00-00 00:00:00', 26),
(301, 571682, '2018-10-30 18:02:13', '2018-10-30 19:04:57', 62),
(302, 571763, '2018-10-30 18:13:01', '0000-00-00 00:00:00', 18),
(303, 572042, '2018-10-30 18:30:41', '0000-00-00 00:00:00', 5),
(304, 572066, '2018-10-30 18:36:22', '0000-00-00 00:00:00', 5),
(305, 572068, '2018-10-30 18:38:10', '0000-00-00 00:00:00', 7),
(306, 571765, '2018-10-30 18:15:23', '0000-00-00 00:00:00', 44),
(307, 572043, '2018-10-30 18:31:15', '2018-10-30 19:25:57', 54),
(308, 572247, '2018-10-30 18:59:24', '0000-00-00 00:00:00', 14),
(309, 572328, '2018-10-30 19:08:51', '0000-00-00 00:00:00', 11),
(310, 572326, '2018-10-30 19:05:59', '0000-00-00 00:00:00', 19),
(311, 572547, '2018-10-30 19:42:27', '0000-00-00 00:00:00', 9),
(312, 572622, '2018-10-30 19:54:35', '0000-00-00 00:00:00', 4),
(313, 572434, '2018-10-30 19:23:15', '0000-00-00 00:00:00', 39),
(314, 161, '0000-00-00 00:00:00', '0000-00-00 00:00:00', 1),
(315, 572520, '2018-10-30 19:26:31', '0000-00-00 00:00:00', 47),
(316, 573431, '2018-10-31 11:32:13', '0000-00-00 00:00:00', 12),
(317, 573436, '2018-10-31 11:38:43', '0000-00-00 00:00:00', 7),
(318, 573434, '2018-10-31 11:37:21', '0000-00-00 00:00:00', 10),
(319, 573438, '2018-10-31 11:39:10', '2018-10-31 11:46:06', 6),
(320, 573439, '2018-10-31 11:39:42', '0000-00-00 00:00:00', 24),
(321, 573493, '2018-10-31 11:51:39', '0000-00-00 00:00:00', 13),
(322, 573596, '2018-10-31 12:00:08', '0000-00-00 00:00:00', 5),
(323, 162, '0000-00-00 00:00:00', '0000-00-00 00:00:00', 1),
(324, 573494, '2018-10-31 11:54:06', '0000-00-00 00:00:00', 17),
(325, 573595, '2018-10-31 11:56:59', '0000-00-00 00:00:00', 32),
(326, 573640, '2018-10-31 12:32:36', '0000-00-00 00:00:00', 11),
(327, 163, '0000-00-00 00:00:00', '0000-00-00 00:00:00', 1),
(328, 573683, '2018-10-31 12:36:18', '0000-00-00 00:00:00', 14),
(329, 573689, '2018-10-31 12:45:51', '0000-00-00 00:00:00', 11),
(330, 573641, '2018-10-31 12:34:21', '0000-00-00 00:00:00', 24),
(331, 573823, '2018-10-31 12:50:00', '0000-00-00 00:00:00', 9),
(332, 573684, '2018-10-31 12:36:29', '0000-00-00 00:00:00', 24),
(333, 573825, '2018-10-31 12:50:58', '0000-00-00 00:00:00', 17),
(334, 573822, '2018-10-31 12:49:07', '0000-00-00 00:00:00', 19),
(335, 573688, '2018-10-31 12:43:55', '2018-10-31 13:08:58', 25),
(336, 574081, '2018-10-31 13:02:50', '0000-00-00 00:00:00', 10),
(337, 573821, '2018-10-31 12:48:33', '0000-00-00 00:00:00', 27),
(338, 164, '0000-00-00 00:00:00', '0000-00-00 00:00:00', 1),
(339, 574324, '2018-10-31 13:17:55', '0000-00-00 00:00:00', 2),
(340, 573686, '2018-10-31 12:39:49', '0000-00-00 00:00:00', 47),
(341, 165, '0000-00-00 00:00:00', '0000-00-00 00:00:00', 1),
(342, 573956, '2018-10-31 12:53:14', '0000-00-00 00:00:00', 39),
(343, 573824, '2018-10-31 12:50:50', '0000-00-00 00:00:00', 43),
(344, 574400, '2018-10-31 13:28:05', '0000-00-00 00:00:00', 9),
(345, 574353, '2018-10-31 13:24:41', '0000-00-00 00:00:00', 13),
(346, 574352, '2018-10-31 13:22:37', '2018-10-31 13:48:29', 25),
(347, 574481, '2018-10-31 13:46:03', '0000-00-00 00:00:00', 14),
(348, 574455, '2018-10-31 13:36:00', '0000-00-00 00:00:00', 24),
(349, 574921, '2018-10-31 13:58:29', '0000-00-00 00:00:00', 7),
(350, 574454, '2018-10-31 13:35:33', '0000-00-00 00:00:00', 31),
(351, 166, '0000-00-00 00:00:00', '0000-00-00 00:00:00', 1),
(352, 574882, '2018-10-31 13:55:40', '0000-00-00 00:00:00', 24),
(353, 575171, '2018-10-31 14:13:47', '2018-10-31 15:03:38', 49),
(354, 575354, '2018-10-31 14:49:47', '0000-00-00 00:00:00', 6),
(355, 575599, '2018-10-31 16:03:45', '2018-10-31 16:27:47', 24),
(356, 575602, '2018-10-31 16:17:35', '0000-00-00 00:00:00', 10),
(357, 575612, '2018-10-31 16:25:44', '0000-00-00 00:00:00', 5),
(358, 575745, '2018-10-31 16:45:27', '0000-00-00 00:00:00', 4),
(359, 575730, '2018-10-31 16:43:34', '0000-00-00 00:00:00', 8),
(360, 575761, '2018-10-31 16:51:58', '0000-00-00 00:00:00', 8),
(361, 575744, '2018-10-31 16:45:12', '0000-00-00 00:00:00', 22),
(362, 575763, '2018-10-31 16:53:12', '0000-00-00 00:00:00', 20),
(363, 575888, '2018-10-31 17:11:39', '0000-00-00 00:00:00', 10),
(364, 575999, '2018-10-31 17:22:07', '0000-00-00 00:00:00', 3),
(365, 575819, '2018-10-31 17:07:00', '0000-00-00 00:00:00', 20),
(366, 576029, '2018-10-31 17:31:32', '0000-00-00 00:00:00', 5),
(367, 575998, '2018-10-31 17:21:44', '0000-00-00 00:00:00', 15),
(368, 575762, '2018-10-31 16:52:49', '2018-10-31 17:15:48', 22),
(369, 576130, '2018-10-31 17:48:30', '0000-00-00 00:00:00', 11),
(370, 576137, '2018-10-31 18:01:23', '2018-10-31 18:22:41', 21),
(371, 576203, '2018-10-31 18:13:48', '0000-00-00 00:00:00', 8),
(372, 576202, '2018-10-31 18:08:58', '0000-00-00 00:00:00', 17),
(373, 167, '0000-00-00 00:00:00', '0000-00-00 00:00:00', 1),
(374, 576299, '2018-10-31 18:29:02', '0000-00-00 00:00:00', 8),
(375, 576257, '2018-10-31 18:20:10', '0000-00-00 00:00:00', 22),
(376, 576388, '2018-10-31 18:38:13', '0000-00-00 00:00:00', 11),
(377, 576389, '2018-10-31 18:44:48', '0000-00-00 00:00:00', 8),
(379, 576416, '2018-10-31 19:00:16', '0000-00-00 00:00:00', 9),
(380, 576434, '2018-10-31 19:07:46', '0000-00-00 00:00:00', 5),
(381, 576435, '2018-10-31 19:09:56', '0000-00-00 00:00:00', 11),
(382, 576437, '2018-10-31 19:10:58', '0000-00-00 00:00:00', 14),
(383, 576571, '2018-10-31 19:28:11', '0000-00-00 00:00:00', 3),
(384, 576436, '2018-10-31 19:10:48', '0000-00-00 00:00:00', 30),
(385, 576574, '2018-10-31 19:32:03', '0000-00-00 00:00:00', 10),
(386, 576433, '2018-10-31 19:07:29', '0000-00-00 00:00:00', 35),
(387, 576573, '2018-10-31 19:29:59', '0000-00-00 00:00:00', 16),
(388, 576570, '2018-10-31 19:18:34', '0000-00-00 00:00:00', 38),
(389, 577016, '2018-10-31 20:09:01', '0000-00-00 00:00:00', 4),
(390, 577015, '2018-10-31 20:05:20', '0000-00-00 00:00:00', 13),
(391, 577220, '2018-11-01 11:31:49', '0000-00-00 00:00:00', 9),
(392, 577224, '2018-11-01 11:40:21', '0000-00-00 00:00:00', 14),
(393, 577226, '2018-11-01 11:54:38', '0000-00-00 00:00:00', 5),
(394, 577228, '2018-11-01 12:06:01', '0000-00-00 00:00:00', 3),
(395, 577227, '2018-11-01 11:56:21', '0000-00-00 00:00:00', 17),
(396, 168, '0000-00-00 00:00:00', '0000-00-00 00:00:00', 1),
(397, 577377, '2018-11-01 12:18:17', '0000-00-00 00:00:00', 9),
(398, 577446, '2018-11-01 12:27:31', '0000-00-00 00:00:00', 5),
(399, 577447, '2018-11-01 12:29:57', '2018-11-01 12:41:16', 11),
(400, 577505, '2018-11-01 12:39:08', '0000-00-00 00:00:00', 9),
(401, 577532, '2018-11-01 12:48:39', '0000-00-00 00:00:00', 5),
(402, 577533, '2018-11-01 12:52:37', '0000-00-00 00:00:00', 8),
(403, 169, '0000-00-00 00:00:00', '0000-00-00 00:00:00', 1),
(404, 577657, '2018-11-01 13:03:28', '0000-00-00 00:00:00', 7),
(405, 577692, '2018-11-01 13:11:34', '0000-00-00 00:00:00', 4),
(406, 577753, '2018-11-01 13:17:20', '0000-00-00 00:00:00', 11),
(407, 577806, '2018-11-01 13:29:23', '0000-00-00 00:00:00', 7),
(408, 577807, '2018-11-01 13:33:32', '0000-00-00 00:00:00', 10),
(409, 577886, '2018-11-01 14:05:54', '2018-11-01 14:41:48', 35),
(410, 170, '0000-00-00 00:00:00', '0000-00-00 00:00:00', 1),
(411, 577887, '2018-11-01 14:06:12', '0000-00-00 00:00:00', 12),
(412, 577898, '2018-11-01 14:15:31', '0000-00-00 00:00:00', 7),
(413, 577889, '2018-11-01 14:08:55', '0000-00-00 00:00:00', 16),
(414, 577896, '2018-11-01 14:14:06', '0000-00-00 00:00:00', 12),
(415, 577897, '2018-11-01 14:14:08', '0000-00-00 00:00:00', 16),
(416, 577885, '2018-11-01 14:05:18', '0000-00-00 00:00:00', 42),
(417, 578215, '2018-11-01 14:43:20', '0000-00-00 00:00:00', 12),
(418, 578355, '2018-11-01 16:07:53', '0000-00-00 00:00:00', 5),
(419, 578356, '2018-11-01 16:16:40', '0000-00-00 00:00:00', 16),
(420, 171, '0000-00-00 00:00:00', '0000-00-00 00:00:00', 1),
(421, 578398, '2018-11-01 16:37:26', '0000-00-00 00:00:00', 9),
(422, 578397, '2018-11-01 16:36:07', '0000-00-00 00:00:00', 30),
(423, 578399, '2018-11-01 16:49:44', '0000-00-00 00:00:00', 28),
(424, 578441, '2018-11-01 17:07:02', '0000-00-00 00:00:00', 12),
(425, 172, '0000-00-00 00:00:00', '0000-00-00 00:00:00', 1),
(426, 578454, '2018-11-01 17:28:10', '0000-00-00 00:00:00', 6),
(427, 578457, '2018-11-01 17:29:02', '0000-00-00 00:00:00', 18),
(428, 578455, '2018-11-01 17:28:37', '2018-11-01 17:48:39', 20),
(429, 578579, '2018-11-01 17:45:27', '0000-00-00 00:00:00', 10),
(430, 578635, '2018-11-01 17:50:56', '0000-00-00 00:00:00', 11),
(431, 173, '0000-00-00 00:00:00', '0000-00-00 00:00:00', 1),
(432, 578559, '2018-11-01 17:37:44', '0000-00-00 00:00:00', 28),
(433, 578636, '2018-11-01 17:55:19', '0000-00-00 00:00:00', 12),
(434, 174, '0000-00-00 00:00:00', '0000-00-00 00:00:00', 1),
(435, 578558, '2018-11-01 17:37:40', '2018-11-01 18:24:55', 47),
(436, 578776, '2018-11-01 18:10:17', '0000-00-00 00:00:00', 9),
(437, 578637, '2018-11-01 17:57:44', '0000-00-00 00:00:00', 38),
(438, 175, '0000-00-00 00:00:00', '0000-00-00 00:00:00', 1),
(439, 579108, '2018-11-01 18:58:11', '0000-00-00 00:00:00', 25),
(440, 579113, '2018-11-01 19:22:00', '0000-00-00 00:00:00', 8),
(441, 579110, '2018-11-01 19:07:21', '0000-00-00 00:00:00', 24),
(442, 579112, '2018-11-01 19:21:14', '0000-00-00 00:00:00', 11),
(443, 176, '0000-00-00 00:00:00', '0000-00-00 00:00:00', 1),
(444, 177, '0000-00-00 00:00:00', '0000-00-00 00:00:00', 1),
(445, 579529, '2018-11-01 20:06:55', '0000-00-00 00:00:00', 3),
(446, 579731, '2018-11-05 10:37:31', '0000-00-00 00:00:00', 13),
(447, 579732, '2018-11-05 10:44:05', '0000-00-00 00:00:00', 8),
(448, 579734, '2018-11-05 10:49:23', '0000-00-00 00:00:00', 9),
(449, 579736, '2018-11-05 10:50:59', '0000-00-00 00:00:00', 16),
(450, 579733, '2018-11-05 10:48:41', '0000-00-00 00:00:00', 20),
(451, 579772, '2018-11-05 11:06:41', '0000-00-00 00:00:00', 7),
(452, 579770, '2018-11-05 11:05:59', '0000-00-00 00:00:00', 19),
(453, 579896, '2018-11-05 11:18:47', '0000-00-00 00:00:00', 5),
(454, 178, '0000-00-00 00:00:00', '0000-00-00 00:00:00', 1),
(455, 579962, '2018-11-05 11:31:10', '0000-00-00 00:00:00', 26),
(456, 580081, '2018-11-05 11:48:36', '0000-00-00 00:00:00', 9),
(457, 579931, '2018-11-05 11:28:26', '0000-00-00 00:00:00', 34),
(458, 580100, '2018-11-05 11:59:45', '0000-00-00 00:00:00', 7),
(459, 580125, '2018-11-05 12:00:37', '0000-00-00 00:00:00', 9),
(460, 580145, '2018-11-05 12:04:54', '0000-00-00 00:00:00', 11),
(461, 580240, '2018-11-05 12:10:09', '2018-11-05 12:41:20', 31),
(462, 580146, '2018-11-05 12:05:14', '0000-00-00 00:00:00', 38),
(463, 580280, '2018-11-05 12:13:12', '0000-00-00 00:00:00', 44),
(464, 580281, '2018-11-05 12:21:18', '0000-00-00 00:00:00', 38),
(465, 580282, '2018-11-05 12:22:34', '0000-00-00 00:00:00', 60),
(466, 581232, '2018-11-05 15:02:23', '0000-00-00 00:00:00', 7),
(467, 581233, '2018-11-05 15:07:22', '0000-00-00 00:00:00', 15),
(468, 581239, '2018-11-05 15:20:06', '0000-00-00 00:00:00', 6),
(469, 581238, '2018-11-05 15:18:43', '0000-00-00 00:00:00', 15),
(470, 581235, '2018-11-05 15:11:50', '0000-00-00 00:00:00', 28),
(471, 581236, '2018-11-05 15:18:03', '0000-00-00 00:00:00', 30),
(472, 581326, '2018-11-05 15:42:56', '0000-00-00 00:00:00', 20),
(473, 581237, '2018-11-05 15:18:32', '0000-00-00 00:00:00', 45),
(474, 581448, '2018-11-05 15:57:37', '0000-00-00 00:00:00', 13),
(475, 581449, '2018-11-05 15:58:17', '2018-11-05 16:29:12', 30),
(476, 581451, '2018-11-05 15:59:38', '0000-00-00 00:00:00', 18),
(477, 581500, '2018-11-05 16:16:12', '0000-00-00 00:00:00', 12),
(478, 581241, '2018-11-05 15:29:32', '0000-00-00 00:00:00', 59),
(479, 581450, '2018-11-05 15:58:56', '0000-00-00 00:00:00', 42),
(480, 581499, '2018-11-05 16:12:46', '0000-00-00 00:00:00', 38),
(485, 581760, '2018-11-05 16:52:49', '2018-11-05 17:04:19', 11),
(486, 581501, '2018-11-05 16:16:54', '0000-00-00 00:00:00', 68),
(487, 581657, '2018-11-05 16:38:10', '0000-00-00 00:00:00', 48),
(488, 581827, '2018-11-05 17:14:06', '0000-00-00 00:00:00', 15),
(489, 582184, '2018-11-05 17:28:32', '0000-00-00 00:00:00', 10),
(490, 582211, '2018-11-05 17:31:45', '0000-00-00 00:00:00', 15),
(491, 581564, '2018-11-05 16:31:06', '0000-00-00 00:00:00', 81),
(492, 582368, '2018-11-05 17:42:12', '0000-00-00 00:00:00', 11),
(493, 582510, '2018-11-05 17:42:53', '0000-00-00 00:00:00', 15),
(494, 582547, '2018-11-05 17:56:57', '0000-00-00 00:00:00', 7),
(495, 581759, '2018-11-05 16:51:54', '0000-00-00 00:00:00', 74),
(496, 179, '0000-00-00 00:00:00', '0000-00-00 00:00:00', 1),
(497, 582809, '2018-11-05 18:23:15', '0000-00-00 00:00:00', 10),
(498, 582183, '2018-11-05 17:27:30', '0000-00-00 00:00:00', 76),
(499, 582511, '2018-11-05 17:44:54', '0000-00-00 00:00:00', 59),
(500, 582813, '2018-11-05 18:42:25', '0000-00-00 00:00:00', 4),
(501, 582641, '2018-11-05 18:05:43', '0000-00-00 00:00:00', 50),
(502, 583175, '2018-11-05 18:53:43', '0000-00-00 00:00:00', 3),
(503, 582861, '2018-11-05 18:47:27', '0000-00-00 00:00:00', 10),
(504, 582812, '2018-11-05 18:36:59', '0000-00-00 00:00:00', 23),
(505, 583460, '2018-11-05 19:22:07', '0000-00-00 00:00:00', 2),
(506, 583461, '2018-11-05 19:22:44', '0000-00-00 00:00:00', 4),
(507, 583602, '2018-11-06 10:39:33', '0000-00-00 00:00:00', 3),
(508, 583604, '2018-11-06 10:44:00', '0000-00-00 00:00:00', 7),
(509, 180, '0000-00-00 00:00:00', '0000-00-00 00:00:00', 1),
(510, 583603, '2018-11-06 10:41:43', '2018-11-06 12:37:49', 116),
(511, 583619, '2018-11-06 10:48:51', '0000-00-00 00:00:00', 10),
(512, 583621, '2018-11-06 10:56:13', '0000-00-00 00:00:00', 5),
(513, 583674, '2018-11-06 11:13:41', '0000-00-00 00:00:00', 25),
(514, 181, '0000-00-00 00:00:00', '0000-00-00 00:00:00', 1),
(515, 583676, '2018-11-06 11:26:34', '0000-00-00 00:00:00', 23),
(516, 583722, '2018-11-06 11:43:51', '0000-00-00 00:00:00', 14),
(517, 583723, '2018-11-06 11:44:54', '0000-00-00 00:00:00', 20),
(518, 583677, '2018-11-06 11:26:56', '0000-00-00 00:00:00', 41),
(519, 583795, '2018-11-06 11:55:01', '0000-00-00 00:00:00', 15),
(520, 583678, '2018-11-06 11:31:28', '0000-00-00 00:00:00', 49),
(521, 182, '0000-00-00 00:00:00', '0000-00-00 00:00:00', 1),
(522, 583719, '2018-11-06 11:42:17', '0000-00-00 00:00:00', 46),
(523, 583794, '2018-11-06 11:54:45', '0000-00-00 00:00:00', 38),
(524, 583890, '2018-11-06 12:23:34', '0000-00-00 00:00:00', 15),
(525, 583706, '2018-11-06 11:39:46', '0000-00-00 00:00:00', 76),
(526, 583796, '2018-11-06 11:59:14', '0000-00-00 00:00:00', 59),
(527, 583888, '2018-11-06 12:20:14', '0000-00-00 00:00:00', 50),
(528, 584354, '2018-11-06 13:05:49', '0000-00-00 00:00:00', 5),
(529, 584434, '2018-11-06 13:16:53', '0000-00-00 00:00:00', 8),
(530, 584351, '2018-11-06 13:03:23', '0000-00-00 00:00:00', 31),
(531, 584287, '2018-11-06 12:58:10', '0000-00-00 00:00:00', 47),
(532, 585095, '2018-11-06 15:00:58', '0000-00-00 00:00:00', 9),
(533, 585098, '2018-11-06 15:05:49', '0000-00-00 00:00:00', 10),
(534, 585102, '2018-11-06 15:14:54', '0000-00-00 00:00:00', 19),
(535, 585120, '2018-11-06 15:22:40', '2018-11-06 16:29:05', 66),
(536, 585099, '2018-11-06 15:07:16', '0000-00-00 00:00:00', 24),
(537, 585213, '2018-11-06 15:41:01', '0000-00-00 00:00:00', 17),
(538, 183, '0000-00-00 00:00:00', '0000-00-00 00:00:00', 1),
(539, 585249, '2018-11-06 15:44:34', '0000-00-00 00:00:00', 17),
(540, 585338, '2018-11-06 16:02:09', '0000-00-00 00:00:00', 3),
(541, 585335, '2018-11-06 15:47:11', '0000-00-00 00:00:00', 20),
(542, 585379, '2018-11-06 16:08:26', '0000-00-00 00:00:00', 11),
(543, 585336, '2018-11-06 15:50:40', '0000-00-00 00:00:00', 35),
(544, 585410, '2018-11-06 16:21:27', '0000-00-00 00:00:00', 12),
(545, 585408, '2018-11-06 16:15:29', '0000-00-00 00:00:00', 20),
(546, 585678, '2018-11-06 16:42:35', '0000-00-00 00:00:00', 6),
(547, 585380, '2018-11-06 16:09:17', '0000-00-00 00:00:00', 44),
(548, 585722, '2018-11-06 16:56:32', '0000-00-00 00:00:00', 12),
(549, 585804, '2018-11-06 17:04:23', '0000-00-00 00:00:00', 6),
(550, 585721, '2018-11-06 16:51:14', '0000-00-00 00:00:00', 21),
(551, 585484, '2018-11-06 16:26:36', '0000-00-00 00:00:00', 51),
(552, 586036, '2018-11-06 17:36:58', '0000-00-00 00:00:00', 4),
(553, 586114, '2018-11-06 17:47:33', '0000-00-00 00:00:00', 7),
(554, 586078, '2018-11-06 17:44:42', '0000-00-00 00:00:00', 11),
(555, 184, '0000-00-00 00:00:00', '0000-00-00 00:00:00', 1),
(556, 586146, '2018-11-06 18:07:14', '0000-00-00 00:00:00', 5),
(557, 185, '0000-00-00 00:00:00', '0000-00-00 00:00:00', 1),
(558, 586204, '2018-11-06 18:25:55', '0000-00-00 00:00:00', 5),
(559, 586150, '2018-11-06 18:21:04', '0000-00-00 00:00:00', 11),
(560, 586149, '2018-11-06 18:20:18', '0000-00-00 00:00:00', 17),
(561, 586148, '2018-11-06 18:13:24', '0000-00-00 00:00:00', 31),
(562, 586273, '2018-11-06 18:36:04', '0000-00-00 00:00:00', 10),
(563, 586599, '2018-11-06 18:54:36', '0000-00-00 00:00:00', 4),
(564, 586295, '2018-11-06 18:50:17', '0000-00-00 00:00:00', 9),
(565, 587049, '2018-11-07 10:33:41', '0000-00-00 00:00:00', 7),
(566, 186, '0000-00-00 00:00:00', '0000-00-00 00:00:00', 1),
(567, 587080, '2018-11-07 11:06:37', '0000-00-00 00:00:00', 5),
(568, 187, '0000-00-00 00:00:00', '0000-00-00 00:00:00', 1),
(569, 587079, '2018-11-07 11:01:49', '0000-00-00 00:00:00', 25),
(570, 587096, '2018-11-07 11:17:34', '0000-00-00 00:00:00', 11),
(571, 587135, '2018-11-07 11:27:12', '0000-00-00 00:00:00', 10),
(572, 587094, '2018-11-07 11:16:53', '0000-00-00 00:00:00', 26),
(573, 188, '0000-00-00 00:00:00', '0000-00-00 00:00:00', 1),
(574, 587134, '2018-11-07 11:26:32', '0000-00-00 00:00:00', 26),
(575, 587475, '2018-11-07 12:01:29', '0000-00-00 00:00:00', 5),
(576, 189, '0000-00-00 00:00:00', '0000-00-00 00:00:00', 1),
(577, 587437, '2018-11-07 11:58:14', '0000-00-00 00:00:00', 10),
(578, 587436, '2018-11-07 11:54:38', '0000-00-00 00:00:00', 22),
(579, 587561, '2018-11-07 12:18:52', '0000-00-00 00:00:00', 11),
(580, 587477, '2018-11-07 12:08:03', '0000-00-00 00:00:00', 23),
(581, 587689, '2018-11-07 12:23:54', '0000-00-00 00:00:00', 17),
(582, 587734, '2018-11-07 12:43:39', '0000-00-00 00:00:00', 4),
(583, 587694, '2018-11-07 12:33:54', '0000-00-00 00:00:00', 14),
(584, 587781, '2018-11-07 12:49:59', '0000-00-00 00:00:00', 11),
(585, 587751, '2018-11-07 12:47:12', '0000-00-00 00:00:00', 17),
(586, 587965, '2018-11-07 13:03:29', '0000-00-00 00:00:00', 5),
(587, 190, '0000-00-00 00:00:00', '0000-00-00 00:00:00', 1),
(588, 587966, '2018-11-07 13:18:05', '0000-00-00 00:00:00', 7),
(589, 587964, '2018-11-07 13:01:51', '0000-00-00 00:00:00', 24),
(590, 588105, '2018-11-07 13:32:03', '0000-00-00 00:00:00', 1),
(591, 588100, '2018-11-07 13:25:51', '0000-00-00 00:00:00', 14),
(592, 191, '0000-00-00 00:00:00', '0000-00-00 00:00:00', 1),
(593, 588403, '2018-11-07 15:09:06', '0000-00-00 00:00:00', 7),
(594, 588404, '2018-11-07 15:12:01', '0000-00-00 00:00:00', 13),
(595, 192, '0000-00-00 00:00:00', '0000-00-00 00:00:00', 1),
(596, 588429, '2018-11-07 15:30:23', '0000-00-00 00:00:00', 12),
(597, 588508, '2018-11-07 15:47:11', '0000-00-00 00:00:00', 9),
(598, 588506, '2018-11-07 15:44:59', '0000-00-00 00:00:00', 12),
(599, 588531, '2018-11-07 15:52:17', '0000-00-00 00:00:00', 6),
(600, 193, '0000-00-00 00:00:00', '0000-00-00 00:00:00', 1),
(601, 588549, '2018-11-07 16:00:43', '0000-00-00 00:00:00', 10),
(602, 588570, '2018-11-07 16:10:56', '0000-00-00 00:00:00', 14),
(603, 588653, '2018-11-07 16:27:01', '0000-00-00 00:00:00', 10),
(604, 588656, '2018-11-07 16:32:50', '0000-00-00 00:00:00', 6),
(605, 588720, '2018-11-07 16:49:48', '0000-00-00 00:00:00', 6),
(606, 194, '0000-00-00 00:00:00', '0000-00-00 00:00:00', 1),
(607, 588826, '2018-11-07 17:12:42', '0000-00-00 00:00:00', 4),
(608, 195, '0000-00-00 00:00:00', '0000-00-00 00:00:00', 1),
(609, 588968, '2018-11-07 17:22:07', '0000-00-00 00:00:00', 6),
(610, 196, '0000-00-00 00:00:00', '0000-00-00 00:00:00', 1),
(611, 588970, '2018-11-07 17:31:38', '0000-00-00 00:00:00', 4),
(612, 589051, '2018-11-07 17:44:50', '0000-00-00 00:00:00', 5),
(613, 588971, '2018-11-07 17:33:33', '0000-00-00 00:00:00', 20),
(614, 589084, '2018-11-07 17:55:23', '0000-00-00 00:00:00', 12),
(615, 588985, '2018-11-07 17:36:30', '0000-00-00 00:00:00', 33),
(616, 589052, '2018-11-07 17:53:11', '0000-00-00 00:00:00', 26),
(617, 589133, '2018-11-07 18:13:01', '0000-00-00 00:00:00', 16),
(618, 589114, '2018-11-07 18:11:00', '0000-00-00 00:00:00', 18),
(619, 197, '0000-00-00 00:00:00', '0000-00-00 00:00:00', 1),
(620, 589281, '2018-11-07 18:34:35', '0000-00-00 00:00:00', 5),
(621, 589134, '2018-11-07 18:15:58', '0000-00-00 00:00:00', 24),
(622, 589426, '2018-11-07 18:43:45', '0000-00-00 00:00:00', 12),
(623, 589475, '2018-11-07 18:50:45', '0000-00-00 00:00:00', 16),
(624, 198, '0000-00-00 00:00:00', '0000-00-00 00:00:00', 1),
(625, 589563, '2018-11-07 19:04:14', '0000-00-00 00:00:00', 6),
(626, 589474, '2018-11-07 18:49:36', '2018-11-07 19:30:24', 40),
(627, 199, '0000-00-00 00:00:00', '0000-00-00 00:00:00', 1),
(628, 200, '0000-00-00 00:00:00', '0000-00-00 00:00:00', 1),
(629, 589810, '2018-11-08 10:33:58', '0000-00-00 00:00:00', 7),
(630, 201, '0000-00-00 00:00:00', '0000-00-00 00:00:00', 1),
(631, 589870, '2018-11-08 11:22:13', '0000-00-00 00:00:00', 13),
(632, 590342, '2018-11-08 13:12:59', '0000-00-00 00:00:00', 31),
(633, 202, '0000-00-00 00:00:00', '0000-00-00 00:00:00', 1),
(634, 590454, '2018-11-08 13:29:07', '0000-00-00 00:00:00', 13),
(635, 590341, '2018-11-08 13:07:32', '0000-00-00 00:00:00', 40),
(636, 590455, '2018-11-08 13:42:24', '0000-00-00 00:00:00', 10),
(637, 590651, '2018-11-08 15:09:24', '0000-00-00 00:00:00', 3),
(638, 590657, '2018-11-08 15:14:48', '0000-00-00 00:00:00', 13),
(639, 590698, '2018-11-08 15:38:42', '0000-00-00 00:00:00', 5),
(640, 590745, '2018-11-08 15:49:06', '0000-00-00 00:00:00', 5),
(641, 590744, '2018-11-08 15:49:05', '0000-00-00 00:00:00', 7),
(642, 590800, '2018-11-08 16:03:20', '0000-00-00 00:00:00', 6),
(643, 590936, '2018-11-08 16:19:54', '0000-00-00 00:00:00', 14),
(644, 590967, '2018-11-08 16:28:08', '0000-00-00 00:00:00', 6),
(646, 590966, '2018-11-08 16:27:30', '2018-11-08 16:38:05', 10),
(647, 591013, '2018-11-08 16:37:14', '0000-00-00 00:00:00', 17),
(648, 591048, '2018-11-08 16:49:26', '0000-00-00 00:00:00', 6),
(649, 591038, '2018-11-08 16:38:10', '0000-00-00 00:00:00', 19),
(650, 591322, '2018-11-08 17:09:22', '0000-00-00 00:00:00', 8),
(651, 591350, '2018-11-08 17:10:57', '0000-00-00 00:00:00', 8),
(652, 591403, '2018-11-08 17:17:22', '0000-00-00 00:00:00', 10),
(653, 203, '0000-00-00 00:00:00', '0000-00-00 00:00:00', 1),
(654, 591227, '2018-11-08 17:07:39', '0000-00-00 00:00:00', 37),
(655, 591496, '2018-11-08 17:40:19', '0000-00-00 00:00:00', 8),
(656, 591497, '2018-11-08 17:40:41', '0000-00-00 00:00:00', 9),
(657, 591465, '2018-11-08 17:33:50', '0000-00-00 00:00:00', 22),
(658, 591498, '2018-11-08 17:41:26', '0000-00-00 00:00:00', 20),
(659, 591499, '2018-11-08 17:45:45', '0000-00-00 00:00:00', 24),
(660, 591564, '2018-11-08 17:55:33', '0000-00-00 00:00:00', 16),
(661, 591638, '2018-11-08 17:59:23', '0000-00-00 00:00:00', 13),
(662, 591640, '2018-11-08 18:03:48', '0000-00-00 00:00:00', 14),
(663, 591639, '2018-11-08 18:03:19', '0000-00-00 00:00:00', 16),
(664, 591693, '2018-11-08 18:13:54', '0000-00-00 00:00:00', 17),
(665, 591966, '2018-11-08 18:32:23', '0000-00-00 00:00:00', 7),
(666, 591967, '2018-11-08 18:33:52', '0000-00-00 00:00:00', 6),
(667, 591994, '2018-11-08 18:36:56', '0000-00-00 00:00:00', 16),
(668, 204, '0000-00-00 00:00:00', '0000-00-00 00:00:00', 1),
(669, 205, '0000-00-00 00:00:00', '0000-00-00 00:00:00', 1),
(670, 591997, '2018-11-08 18:51:56', '0000-00-00 00:00:00', 9),
(671, 591996, '2018-11-08 18:45:51', '0000-00-00 00:00:00', 18),
(672, 592377, '2018-11-09 10:48:22', '0000-00-00 00:00:00', 5),
(673, 592379, '2018-11-09 10:58:03', '0000-00-00 00:00:00', 5),
(674, 592429, '2018-11-09 11:09:53', '0000-00-00 00:00:00', 11),
(676, 592432, '2018-11-09 11:22:31', '0000-00-00 00:00:00', 5),
(677, 592431, '2018-11-09 11:19:33', '0000-00-00 00:00:00', 13),
(679, 592455, '2018-11-09 11:27:19', '0000-00-00 00:00:00', 10),
(680, 592430, '2018-11-09 11:19:20', '0000-00-00 00:00:00', 19),
(681, 592456, '2018-11-09 11:27:48', '0000-00-00 00:00:00', 22),
(682, 206, '0000-00-00 00:00:00', '0000-00-00 00:00:00', 1),
(683, 592561, '2018-11-09 11:49:09', '0000-00-00 00:00:00', 12),
(684, 592654, '2018-11-09 12:01:15', '0000-00-00 00:00:00', 11),
(685, 592656, '2018-11-09 12:04:07', '0000-00-00 00:00:00', 18),
(686, 592683, '2018-11-09 12:09:13', '0000-00-00 00:00:00', 15),
(687, 592655, '2018-11-09 12:03:41', '0000-00-00 00:00:00', 25),
(688, 207, '0000-00-00 00:00:00', '0000-00-00 00:00:00', 1),
(689, 208, '0000-00-00 00:00:00', '0000-00-00 00:00:00', 1),
(690, 592922, '2018-11-09 12:33:20', '0000-00-00 00:00:00', 21),
(691, 593002, '2018-11-09 12:41:58', '0000-00-00 00:00:00', 14),
(692, 593016, '2018-11-09 12:52:21', '0000-00-00 00:00:00', 6),
(693, 593100, '2018-11-09 13:05:15', '0000-00-00 00:00:00', 22),
(694, 593199, '2018-11-09 13:21:42', '0000-00-00 00:00:00', 10),
(695, 593102, '2018-11-09 13:08:42', '0000-00-00 00:00:00', 24),
(696, 592480, '2018-11-09 11:41:54', '0000-00-00 00:00:00', 117),
(697, 593101, '2018-11-09 13:07:30', '0000-00-00 00:00:00', 37),
(698, 593445, '2018-11-09 13:41:37', '0000-00-00 00:00:00', 3),
(699, 593681, '2018-11-09 15:08:30', '0000-00-00 00:00:00', 6),
(700, 209, '0000-00-00 00:00:00', '0000-00-00 00:00:00', 1),
(701, 210, '0000-00-00 00:00:00', '0000-00-00 00:00:00', 1),
(702, 593683, '2018-11-09 15:14:01', '0000-00-00 00:00:00', 37),
(703, 593693, '2018-11-09 15:39:00', '0000-00-00 00:00:00', 13),
(704, 593691, '2018-11-09 15:34:41', '0000-00-00 00:00:00', 61),
(705, 593837, '2018-11-09 16:31:35', '0000-00-00 00:00:00', 8),
(706, 593838, '2018-11-09 16:37:57', '0000-00-00 00:00:00', 9),
(707, 593692, '2018-11-09 15:35:02', '0000-00-00 00:00:00', 73),
(708, 593940, '2018-11-09 17:09:12', '0000-00-00 00:00:00', 4),
(709, 211, '0000-00-00 00:00:00', '0000-00-00 00:00:00', 1),
(710, 594043, '2018-11-09 17:31:59', '0000-00-00 00:00:00', 28),
(711, 594301, '2018-11-09 18:11:45', '0000-00-00 00:00:00', 16),
(712, 594345, '2018-11-09 18:19:43', '0000-00-00 00:00:00', 13),
(713, 212, '0000-00-00 00:00:00', '0000-00-00 00:00:00', 1),
(714, 594513, '2018-11-09 18:51:49', '0000-00-00 00:00:00', 9),
(715, 213, '0000-00-00 00:00:00', '0000-00-00 00:00:00', 1),
(716, 594597, '2018-11-09 19:11:32', '0000-00-00 00:00:00', 5),
(717, 594598, '2018-11-09 19:11:49', '0000-00-00 00:00:00', 5),
(718, 594761, '2018-11-12 10:35:04', '0000-00-00 00:00:00', 3),
(719, 594762, '2018-11-12 10:36:07', '0000-00-00 00:00:00', 5),
(720, 594763, '2018-11-12 10:36:17', '0000-00-00 00:00:00', 8),
(721, 594764, '2018-11-12 10:36:36', '0000-00-00 00:00:00', 8),
(722, 214, '0000-00-00 00:00:00', '0000-00-00 00:00:00', 1),
(723, 594870, '2018-11-12 10:54:04', '0000-00-00 00:00:00', 5),
(724, 594765, '2018-11-12 10:37:37', '0000-00-00 00:00:00', 25),
(725, 594871, '2018-11-12 10:57:46', '0000-00-00 00:00:00', 5),
(726, 594768, '2018-11-12 10:42:03', '0000-00-00 00:00:00', 22),
(727, 594873, '2018-11-12 10:59:01', '0000-00-00 00:00:00', 10),
(728, 594903, '2018-11-12 11:06:32', '0000-00-00 00:00:00', 8),
(729, 594986, '2018-11-12 11:08:47', '0000-00-00 00:00:00', 14),
(730, 595035, '2018-11-12 11:13:52', '0000-00-00 00:00:00', 9),
(731, 595051, '2018-11-12 11:15:08', '0000-00-00 00:00:00', 9),
(732, 594872, '2018-11-12 10:58:57', '0000-00-00 00:00:00', 30),
(733, 215, '0000-00-00 00:00:00', '0000-00-00 00:00:00', 1),
(734, 595288, '2018-11-12 11:30:07', '0000-00-00 00:00:00', 12),
(735, 595094, '2018-11-12 11:19:32', '0000-00-00 00:00:00', 33),
(736, 595229, '2018-11-12 11:26:29', '0000-00-00 00:00:00', 82),
(737, 595371, '2018-11-12 11:50:55', '0000-00-00 00:00:00', 7),
(738, 595330, '2018-11-12 11:44:16', '0000-00-00 00:00:00', 17),
(739, 595329, '2018-11-12 11:42:05', '0000-00-00 00:00:00', 24),
(740, 595418, '2018-11-12 11:54:54', '0000-00-00 00:00:00', 18),
(741, 595538, '2018-11-12 12:11:19', '0000-00-00 00:00:00', 2),
(742, 595512, '2018-11-12 12:06:59', '0000-00-00 00:00:00', 10),
(743, 595566, '2018-11-12 12:13:35', '0000-00-00 00:00:00', 6),
(744, 595328, '2018-11-12 11:41:04', '0000-00-00 00:00:00', 44),
(745, 216, '0000-00-00 00:00:00', '0000-00-00 00:00:00', 1),
(746, 595870, '2018-11-12 12:31:56', '0000-00-00 00:00:00', 6),
(747, 595674, '2018-11-12 12:21:27', '0000-00-00 00:00:00', 30),
(748, 596015, '2018-11-12 12:54:03', '0000-00-00 00:00:00', 10),
(749, 595937, '2018-11-12 12:43:30', '0000-00-00 00:00:00', 24),
(750, 596112, '2018-11-12 13:05:06', '0000-00-00 00:00:00', 12),
(751, 595998, '2018-11-12 12:47:06', '0000-00-00 00:00:00', 44),
(752, 596498, '2018-11-12 13:42:08', '0000-00-00 00:00:00', 4),
(753, 596499, '2018-11-12 13:42:36', '0000-00-00 00:00:00', 5),
(754, 596925, '2018-11-12 15:01:54', '0000-00-00 00:00:00', 13),
(755, 596949, '2018-11-12 15:41:18', '0000-00-00 00:00:00', 4),
(756, 596956, '2018-11-12 15:44:21', '0000-00-00 00:00:00', 2),
(757, 596982, '2018-11-12 15:54:36', '0000-00-00 00:00:00', 5),
(758, 217, '0000-00-00 00:00:00', '0000-00-00 00:00:00', 1),
(759, 597061, '2018-11-12 16:10:07', '0000-00-00 00:00:00', 5),
(760, 597105, '2018-11-12 16:22:03', '2018-11-12 16:47:30', 25),
(761, 597063, '2018-11-12 16:19:47', '0000-00-00 00:00:00', 9),
(762, 597167, '2018-11-12 16:44:15', '0000-00-00 00:00:00', 5),
(763, 597195, '2018-11-12 16:51:53', '0000-00-00 00:00:00', 5),
(764, 597168, '2018-11-12 16:45:32', '0000-00-00 00:00:00', 14),
(765, 597196, '2018-11-12 16:57:02', '0000-00-00 00:00:00', 11),
(766, 597210, '2018-11-12 17:03:29', '0000-00-00 00:00:00', 8),
(767, 597283, '2018-11-12 17:09:53', '0000-00-00 00:00:00', 6),
(768, 597367, '2018-11-12 17:12:42', '0000-00-00 00:00:00', 6),
(769, 218, '0000-00-00 00:00:00', '0000-00-00 00:00:00', 1),
(770, 597369, '2018-11-12 17:19:38', '0000-00-00 00:00:00', 13),
(771, 597370, '2018-11-12 17:22:32', '0000-00-00 00:00:00', 12),
(772, 597663, '2018-11-12 17:43:24', '0000-00-00 00:00:00', 7),
(773, 597548, '2018-11-12 17:40:07', '0000-00-00 00:00:00', 16),
(774, 597698, '2018-11-12 17:49:54', '0000-00-00 00:00:00', 7),
(775, 597823, '2018-11-12 18:09:25', '0000-00-00 00:00:00', 13),
(776, 597882, '2018-11-12 18:16:07', '0000-00-00 00:00:00', 8),
(777, 597883, '2018-11-12 18:19:37', '0000-00-00 00:00:00', 8),
(778, 597885, '2018-11-12 18:39:12', '0000-00-00 00:00:00', 12),
(779, 597982, '2018-11-12 18:54:30', '0000-00-00 00:00:00', 7),
(780, 598059, '2018-11-12 19:01:35', '0000-00-00 00:00:00', 3),
(781, 598058, '2018-11-12 19:01:11', '0000-00-00 00:00:00', 5),
(782, 597980, '2018-11-12 18:54:14', '0000-00-00 00:00:00', 17),
(783, 598080, '2018-11-12 19:11:52', '0000-00-00 00:00:00', 2),
(784, 597981, '2018-11-12 18:54:22', '0000-00-00 00:00:00', 22),
(785, 219, '0000-00-00 00:00:00', '0000-00-00 00:00:00', 1),
(786, 598389, '2018-11-13 10:28:15', '0000-00-00 00:00:00', 15),
(787, 598396, '2018-11-13 10:36:13', '0000-00-00 00:00:00', 10),
(788, 598398, '2018-11-13 10:40:48', '0000-00-00 00:00:00', 8),
(789, 220, '0000-00-00 00:00:00', '0000-00-00 00:00:00', 1),
(790, 598493, '2018-11-13 11:05:36', '0000-00-00 00:00:00', 11),
(791, 598516, '2018-11-13 11:14:34', '0000-00-00 00:00:00', 5),
(792, 221, '0000-00-00 00:00:00', '0000-00-00 00:00:00', 1),
(793, 598530, '2018-11-13 11:34:48', '0000-00-00 00:00:00', 8),
(794, 598563, '2018-11-13 11:38:08', '0000-00-00 00:00:00', 12),
(795, 598583, '2018-11-13 11:41:00', '0000-00-00 00:00:00', 13),
(796, 598586, '2018-11-13 11:44:25', '0000-00-00 00:00:00', 14),
(797, 598585, '2018-11-13 11:42:34', '0000-00-00 00:00:00', 18),
(798, 598582, '2018-11-13 11:40:43', '0000-00-00 00:00:00', 22),
(799, 598584, '2018-11-13 11:42:27', '2018-11-13 13:26:49', 104),
(800, 598909, '2018-11-13 12:10:21', '0000-00-00 00:00:00', 10),
(801, 598908, '2018-11-13 12:09:31', '0000-00-00 00:00:00', 21),
(802, 598910, '2018-11-13 12:12:14', '0000-00-00 00:00:00', 25),
(803, 599073, '2018-11-13 13:02:18', '0000-00-00 00:00:00', 12),
(804, 599078, '2018-11-13 13:13:14', '0000-00-00 00:00:00', 5),
(805, 599424, '2018-11-13 13:34:58', '0000-00-00 00:00:00', 5),
(806, 599491, '2018-11-13 13:46:31', '0000-00-00 00:00:00', 2),
(807, 599649, '2018-11-13 15:13:27', '2018-11-13 15:23:27', 10),
(808, 599650, '2018-11-13 15:18:35', '0000-00-00 00:00:00', 5),
(809, 599654, '2018-11-13 15:22:03', '0000-00-00 00:00:00', 11),
(810, 599652, '2018-11-13 15:21:35', '0000-00-00 00:00:00', 12),
(811, 599673, '2018-11-13 15:24:34', '0000-00-00 00:00:00', 20),
(812, 599699, '2018-11-13 15:29:25', '0000-00-00 00:00:00', 18),
(813, 599778, '2018-11-13 15:43:47', '0000-00-00 00:00:00', 6),
(814, 599807, '2018-11-13 15:56:00', '0000-00-00 00:00:00', 6),
(815, 599725, '2018-11-13 15:33:54', '0000-00-00 00:00:00', 29),
(816, 599653, '2018-11-13 15:21:42', '0000-00-00 00:00:00', 49),
(817, 599779, '2018-11-13 15:44:34', '0000-00-00 00:00:00', 28),
(818, 599777, '2018-11-13 15:42:31', '0000-00-00 00:00:00', 42),
(819, 599806, '2018-11-13 15:55:41', '0000-00-00 00:00:00', 33),
(820, 599892, '2018-11-13 16:08:11', '0000-00-00 00:00:00', 24),
(821, 600094, '2018-11-13 16:34:06', '0000-00-00 00:00:00', 4),
(822, 600009, '2018-11-13 16:24:04', '0000-00-00 00:00:00', 24);
INSERT INTO `chat` (`id`, `id_chat`, `opening_time`, `final_time`, `duration_in_minutes`) VALUES
(823, 599971, '2018-11-13 16:20:54', '0000-00-00 00:00:00', 36),
(824, 599941, '2018-11-13 16:16:02', '0000-00-00 00:00:00', 43),
(825, 600163, '2018-11-13 16:48:48', '0000-00-00 00:00:00', 13),
(826, 600364, '2018-11-13 17:03:29', '0000-00-00 00:00:00', 16),
(827, 600526, '2018-11-13 17:19:40', '0000-00-00 00:00:00', 15),
(828, 222, '0000-00-00 00:00:00', '0000-00-00 00:00:00', 1),
(829, 600627, '2018-11-13 17:35:41', '0000-00-00 00:00:00', 14),
(830, 600500, '2018-11-13 17:11:15', '0000-00-00 00:00:00', 45),
(831, 600738, '2018-11-13 17:54:06', '0000-00-00 00:00:00', 5),
(832, 600737, '2018-11-13 17:52:11', '0000-00-00 00:00:00', 17),
(833, 600739, '2018-11-13 17:57:20', '2018-11-13 18:06:46', 9),
(834, 600766, '2018-11-13 18:05:33', '0000-00-00 00:00:00', 15),
(835, 600865, '2018-11-13 18:07:17', '2018-11-13 18:31:20', 24),
(836, 600924, '2018-11-13 18:28:13', '0000-00-00 00:00:00', 11),
(837, 600987, '2018-11-13 18:41:17', '0000-00-00 00:00:00', 9),
(838, 223, '0000-00-00 00:00:00', '0000-00-00 00:00:00', 1),
(839, 601021, '2018-11-13 18:49:52', '0000-00-00 00:00:00', 23),
(840, 224, '0000-00-00 00:00:00', '0000-00-00 00:00:00', 1),
(841, 601077, '2018-11-13 19:09:14', '0000-00-00 00:00:00', 11),
(842, 601076, '2018-11-13 19:05:39', '0000-00-00 00:00:00', 15),
(843, 601403, '2018-11-14 10:34:42', '0000-00-00 00:00:00', 15),
(844, 601406, '2018-11-14 10:47:30', '0000-00-00 00:00:00', 2),
(845, 225, '0000-00-00 00:00:00', '0000-00-00 00:00:00', 1),
(846, 601421, '2018-11-14 11:02:48', '0000-00-00 00:00:00', 9),
(847, 601422, '2018-11-14 11:08:41', '0000-00-00 00:00:00', 10),
(848, 601458, '2018-11-14 11:13:44', '0000-00-00 00:00:00', 7),
(849, 601460, '2018-11-14 11:15:38', '0000-00-00 00:00:00', 6),
(850, 601459, '2018-11-14 11:14:07', '0000-00-00 00:00:00', 11),
(851, 601561, '2018-11-14 11:29:46', '0000-00-00 00:00:00', 7),
(852, 226, '0000-00-00 00:00:00', '0000-00-00 00:00:00', 1),
(853, 601702, '2018-11-14 11:58:45', '0000-00-00 00:00:00', 9),
(854, 601753, '2018-11-14 12:00:34', '0000-00-00 00:00:00', 9),
(855, 601755, '2018-11-14 12:04:30', '0000-00-00 00:00:00', 10),
(856, 601765, '2018-11-14 12:16:41', '0000-00-00 00:00:00', 6),
(857, 601764, '2018-11-14 12:16:16', '0000-00-00 00:00:00', 7),
(858, 601763, '2018-11-14 12:10:51', '0000-00-00 00:00:00', 13),
(859, 601762, '2018-11-14 12:10:25', '0000-00-00 00:00:00', 27),
(860, 601796, '2018-11-14 12:19:24', '0000-00-00 00:00:00', 18),
(861, 601844, '2018-11-14 12:42:46', '0000-00-00 00:00:00', 20),
(862, 601978, '2018-11-14 12:58:14', '0000-00-00 00:00:00', 5),
(863, 601976, '2018-11-14 12:55:30', '0000-00-00 00:00:00', 8),
(864, 601977, '2018-11-14 12:58:07', '0000-00-00 00:00:00', 9),
(865, 602136, '2018-11-14 13:06:48', '0000-00-00 00:00:00', 4),
(866, 227, '0000-00-00 00:00:00', '0000-00-00 00:00:00', 1),
(867, 602047, '2018-11-14 13:02:39', '0000-00-00 00:00:00', 20),
(868, 602200, '2018-11-14 13:21:27', '0000-00-00 00:00:00', 16),
(869, 228, '0000-00-00 00:00:00', '0000-00-00 00:00:00', 1),
(870, 602566, '2018-11-14 15:07:12', '0000-00-00 00:00:00', 8),
(871, 602568, '2018-11-14 15:12:57', '0000-00-00 00:00:00', 4),
(872, 602569, '2018-11-14 15:14:34', '0000-00-00 00:00:00', 3),
(873, 602601, '2018-11-14 15:21:08', '0000-00-00 00:00:00', 5),
(874, 229, '0000-00-00 00:00:00', '0000-00-00 00:00:00', 1),
(875, 602627, '2018-11-14 15:29:37', '2018-11-14 15:36:29', 6),
(876, 602654, '2018-11-14 15:37:34', '0000-00-00 00:00:00', 7),
(877, 602655, '2018-11-14 15:43:15', '0000-00-00 00:00:00', 8),
(878, 602698, '2018-11-14 15:45:59', '0000-00-00 00:00:00', 6),
(879, 602743, '2018-11-14 16:04:52', '0000-00-00 00:00:00', 5),
(880, 602744, '2018-11-14 16:11:50', '0000-00-00 00:00:00', 4),
(881, 602699, '2018-11-14 15:52:13', '0000-00-00 00:00:00', 25),
(882, 602700, '2018-11-14 15:53:37', '0000-00-00 00:00:00', 27),
(883, 230, '0000-00-00 00:00:00', '0000-00-00 00:00:00', 1),
(884, 602701, '2018-11-14 15:59:14', '2018-11-14 16:42:55', 43),
(885, 602958, '2018-11-14 16:41:43', '0000-00-00 00:00:00', 8),
(886, 602994, '2018-11-14 16:43:44', '0000-00-00 00:00:00', 7),
(887, 602995, '2018-11-14 16:45:04', '0000-00-00 00:00:00', 6),
(888, 603022, '2018-11-14 17:05:53', '0000-00-00 00:00:00', 7),
(889, 231, '0000-00-00 00:00:00', '0000-00-00 00:00:00', 1),
(890, 603367, '2018-11-14 17:24:18', '0000-00-00 00:00:00', 16),
(891, 603390, '2018-11-14 17:33:22', '2018-11-14 17:48:28', 15),
(892, 603404, '2018-11-14 17:39:53', '0000-00-00 00:00:00', 12),
(893, 603523, '2018-11-14 18:02:05', '0000-00-00 00:00:00', 1),
(894, 603405, '2018-11-14 17:42:34', '2018-11-14 18:12:48', 30),
(895, 603524, '2018-11-14 18:06:20', '0000-00-00 00:00:00', 12),
(896, 603522, '2018-11-14 17:58:26', '0000-00-00 00:00:00', 23),
(897, 603612, '2018-11-14 18:10:03', '0000-00-00 00:00:00', 14),
(898, 603525, '2018-11-14 18:08:26', '0000-00-00 00:00:00', 20),
(899, 232, '0000-00-00 00:00:00', '0000-00-00 00:00:00', 1),
(900, 603648, '2018-11-14 18:18:06', '0000-00-00 00:00:00', 18),
(901, 603715, '2018-11-14 18:31:03', '0000-00-00 00:00:00', 7),
(902, 603864, '2018-11-14 18:53:13', '0000-00-00 00:00:00', 6),
(903, 603908, '2018-11-14 18:55:20', '0000-00-00 00:00:00', 5),
(904, 603937, '2018-11-14 19:10:00', '0000-00-00 00:00:00', 5),
(905, 603910, '2018-11-14 19:00:54', '0000-00-00 00:00:00', 14),
(906, 603762, '2018-11-14 18:43:36', '0000-00-00 00:00:00', 32),
(907, 233, '0000-00-00 00:00:00', '0000-00-00 00:00:00', 1),
(908, 604058, '2018-11-14 19:26:01', '0000-00-00 00:00:00', 1),
(909, 234, '0000-00-00 00:00:00', '0000-00-00 00:00:00', 1),
(910, 604226, '2018-11-16 10:35:22', '0000-00-00 00:00:00', 9),
(911, 604227, '2018-11-16 10:36:35', '0000-00-00 00:00:00', 8),
(912, 604228, '2018-11-16 10:40:04', '0000-00-00 00:00:00', 6),
(913, 235, '0000-00-00 00:00:00', '0000-00-00 00:00:00', 1),
(914, 236, '0000-00-00 00:00:00', '0000-00-00 00:00:00', 1),
(915, 604333, '2018-11-16 11:01:47', '0000-00-00 00:00:00', 15),
(916, 604367, '2018-11-16 11:19:11', '2018-11-16 11:26:04', 6),
(917, 237, '0000-00-00 00:00:00', '0000-00-00 00:00:00', 1),
(918, 604416, '2018-11-16 11:27:22', '0000-00-00 00:00:00', 9),
(919, 604415, '2018-11-16 11:27:11', '0000-00-00 00:00:00', 15),
(920, 604334, '2018-11-16 11:06:18', '0000-00-00 00:00:00', 40),
(921, 604472, '2018-11-16 11:43:52', '0000-00-00 00:00:00', 5),
(922, 604369, '2018-11-16 11:24:47', '0000-00-00 00:00:00', 29),
(923, 238, '0000-00-00 00:00:00', '0000-00-00 00:00:00', 1),
(924, 604739, '2018-11-16 12:23:50', '0000-00-00 00:00:00', 10),
(925, 604870, '2018-11-16 12:33:03', '0000-00-00 00:00:00', 7),
(926, 604742, '2018-11-16 12:30:14', '0000-00-00 00:00:00', 13),
(927, 604740, '2018-11-16 12:23:54', '0000-00-00 00:00:00', 24),
(928, 604978, '2018-11-16 12:45:58', '0000-00-00 00:00:00', 13),
(929, 604741, '2018-11-16 12:24:26', '0000-00-00 00:00:00', 36),
(930, 605131, '2018-11-16 13:14:17', '0000-00-00 00:00:00', 5),
(931, 605184, '2018-11-16 13:25:28', '0000-00-00 00:00:00', 6),
(932, 239, '0000-00-00 00:00:00', '0000-00-00 00:00:00', 1),
(933, 605262, '2018-11-16 13:36:40', '0000-00-00 00:00:00', 5),
(934, 605263, '2018-11-16 13:37:41', '0000-00-00 00:00:00', 5),
(935, 605264, '2018-11-16 13:39:31', '0000-00-00 00:00:00', 10),
(936, 605527, '2018-11-16 13:55:08', '0000-00-00 00:00:00', 5),
(937, 605693, '2018-11-16 14:59:39', '0000-00-00 00:00:00', 8),
(938, 605716, '2018-11-16 15:11:14', '0000-00-00 00:00:00', 2),
(939, 605717, '2018-11-16 15:16:03', '0000-00-00 00:00:00', 15),
(940, 605720, '2018-11-16 15:27:57', '0000-00-00 00:00:00', 9),
(941, 605718, '2018-11-16 15:24:57', '0000-00-00 00:00:00', 17),
(942, 605813, '2018-11-16 15:46:08', '0000-00-00 00:00:00', 16),
(943, 605814, '2018-11-16 15:51:13', '0000-00-00 00:00:00', 18),
(944, 605905, '2018-11-16 16:03:35', '0000-00-00 00:00:00', 10),
(945, 605815, '2018-11-16 15:53:22', '0000-00-00 00:00:00', 21),
(946, 605904, '2018-11-16 15:59:30', '0000-00-00 00:00:00', 23),
(947, 605967, '2018-11-16 16:05:20', '0000-00-00 00:00:00', 18),
(948, 606122, '2018-11-16 16:35:41', '0000-00-00 00:00:00', 13),
(949, 606228, '2018-11-16 16:55:50', '2018-11-16 17:04:25', 8),
(950, 240, '0000-00-00 00:00:00', '0000-00-00 00:00:00', 1),
(951, 606287, '2018-11-16 17:09:30', '0000-00-00 00:00:00', 16),
(952, 241, '0000-00-00 00:00:00', '0000-00-00 00:00:00', 1),
(953, 606286, '2018-11-16 17:08:40', '0000-00-00 00:00:00', 24),
(954, 606367, '2018-11-16 17:30:59', '0000-00-00 00:00:00', 5),
(955, 606263, '2018-11-16 17:03:04', '0000-00-00 00:00:00', 36),
(956, 606288, '2018-11-16 17:12:59', '0000-00-00 00:00:00', 29),
(957, 606613, '2018-11-16 18:27:10', '2018-11-16 18:36:09', 8),
(958, 606612, '2018-11-16 18:21:09', '0000-00-00 00:00:00', 16),
(959, 606815, '2018-11-16 19:15:54', '0000-00-00 00:00:00', 3),
(960, 606752, '2018-11-16 18:42:12', '0000-00-00 00:00:00', 38),
(961, 606930, '2018-11-19 10:38:25', '0000-00-00 00:00:00', 5),
(962, 242, '0000-00-00 00:00:00', '0000-00-00 00:00:00', 1),
(963, 606964, '2018-11-19 10:51:52', '2018-11-19 10:59:18', 7),
(964, 243, '0000-00-00 00:00:00', '0000-00-00 00:00:00', 1),
(965, 607022, '2018-11-19 11:35:48', '0000-00-00 00:00:00', 7),
(966, 607023, '2018-11-19 11:38:16', '0000-00-00 00:00:00', 5),
(967, 607024, '2018-11-19 11:40:47', '0000-00-00 00:00:00', 5),
(968, 244, '0000-00-00 00:00:00', '0000-00-00 00:00:00', 1),
(969, 607026, '2018-11-19 11:51:45', '2018-11-19 11:59:51', 8),
(970, 607025, '2018-11-19 11:49:09', '0000-00-00 00:00:00', 15),
(971, 607070, '2018-11-19 12:05:29', '0000-00-00 00:00:00', 6),
(972, 607071, '2018-11-19 12:05:35', '0000-00-00 00:00:00', 8),
(973, 607163, '2018-11-19 12:09:16', '0000-00-00 00:00:00', 13),
(974, 607164, '2018-11-19 12:16:17', '0000-00-00 00:00:00', 11),
(975, 607165, '2018-11-19 12:17:04', '0000-00-00 00:00:00', 11),
(976, 607193, '2018-11-19 12:22:34', '0000-00-00 00:00:00', 10),
(977, 607241, '2018-11-19 12:36:18', '0000-00-00 00:00:00', 7),
(978, 607194, '2018-11-19 12:29:00', '0000-00-00 00:00:00', 15),
(979, 607167, '2018-11-19 12:17:37', '0000-00-00 00:00:00', 27),
(980, 607242, '2018-11-19 12:38:39', '0000-00-00 00:00:00', 7),
(981, 607372, '2018-11-19 12:47:57', '0000-00-00 00:00:00', 2),
(982, 607217, '2018-11-19 12:32:43', '0000-00-00 00:00:00', 18),
(983, 607349, '2018-11-19 12:43:57', '0000-00-00 00:00:00', 15),
(984, 607166, '2018-11-19 12:17:13', '2018-11-19 12:42:47', 25),
(985, 607493, '2018-11-19 13:00:46', '0000-00-00 00:00:00', 6),
(986, 607290, '2018-11-19 12:39:25', '0000-00-00 00:00:00', 29),
(987, 607613, '2018-11-19 13:07:10', '0000-00-00 00:00:00', 10),
(988, 607492, '2018-11-19 13:00:00', '0000-00-00 00:00:00', 20),
(989, 245, '0000-00-00 00:00:00', '0000-00-00 00:00:00', 1),
(990, 607651, '2018-11-19 13:11:31', '2018-11-19 14:06:34', 55),
(991, 607769, '2018-11-19 13:18:02', '0000-00-00 00:00:00', 22),
(992, 608093, '2018-11-19 15:08:56', '0000-00-00 00:00:00', 7),
(993, 608096, '2018-11-19 15:17:56', '0000-00-00 00:00:00', 4),
(994, 608121, '2018-11-19 15:27:30', '0000-00-00 00:00:00', 2),
(995, 608095, '2018-11-19 15:17:22', '0000-00-00 00:00:00', 27),
(996, 608203, '2018-11-19 15:48:46', '0000-00-00 00:00:00', 6),
(997, 608201, '2018-11-19 15:46:36', '0000-00-00 00:00:00', 11),
(998, 608202, '2018-11-19 15:46:46', '0000-00-00 00:00:00', 19),
(999, 608171, '2018-11-19 15:44:00', '2018-11-19 15:49:26', 5),
(1000, 608249, '2018-11-19 16:08:50', '0000-00-00 00:00:00', 6),
(1001, 608231, '2018-11-19 16:02:38', '0000-00-00 00:00:00', 19),
(1002, 608367, '2018-11-19 16:11:58', '0000-00-00 00:00:00', 12),
(1003, 608412, '2018-11-19 16:16:56', '0000-00-00 00:00:00', 16),
(1004, 608446, '2018-11-19 16:23:02', '0000-00-00 00:00:00', 18),
(1005, 246, '0000-00-00 00:00:00', '0000-00-00 00:00:00', 1),
(1006, 608411, '2018-11-19 16:16:30', '0000-00-00 00:00:00', 33),
(1007, 608680, '2018-11-19 16:54:25', '0000-00-00 00:00:00', 5),
(1008, 608708, '2018-11-19 17:00:32', '0000-00-00 00:00:00', 8),
(1009, 608707, '2018-11-19 17:00:32', '0000-00-00 00:00:00', 15),
(1010, 608739, '2018-11-19 17:05:59', '0000-00-00 00:00:00', 10),
(1011, 247, '0000-00-00 00:00:00', '0000-00-00 00:00:00', 1),
(1012, 608799, '2018-11-19 17:12:05', '0000-00-00 00:00:00', 14),
(1013, 608681, '2018-11-19 16:54:52', '0000-00-00 00:00:00', 32),
(1014, 608786, '2018-11-19 17:08:14', '0000-00-00 00:00:00', 23),
(1015, 608916, '2018-11-19 17:25:11', '0000-00-00 00:00:00', 24),
(1016, 609033, '2018-11-19 17:40:03', '0000-00-00 00:00:00', 16),
(1017, 609083, '2018-11-19 17:56:23', '0000-00-00 00:00:00', 3),
(1018, 609034, '2018-11-19 17:42:14', '0000-00-00 00:00:00', 24),
(1019, 609182, '2018-11-19 18:06:06', '0000-00-00 00:00:00', 14),
(1020, 609181, '2018-11-19 18:01:06', '0000-00-00 00:00:00', 27),
(1021, 609299, '2018-11-19 18:23:07', '0000-00-00 00:00:00', 17),
(1022, 609434, '2018-11-19 18:48:23', '0000-00-00 00:00:00', 11),
(1023, 609435, '2018-11-19 18:55:27', '0000-00-00 00:00:00', 14),
(1024, 248, '0000-00-00 00:00:00', '0000-00-00 00:00:00', 1),
(1025, 249, '0000-00-00 00:00:00', '0000-00-00 00:00:00', 1),
(1026, 250, '0000-00-00 00:00:00', '0000-00-00 00:00:00', 1),
(1027, 609594, '2018-11-20 10:30:43', '0000-00-00 00:00:00', 11),
(1028, 609613, '2018-11-20 10:40:14', '0000-00-00 00:00:00', 8),
(1029, 609647, '2018-11-20 10:43:53', '0000-00-00 00:00:00', 5),
(1030, 609684, '2018-11-20 11:04:37', '0000-00-00 00:00:00', 14),
(1031, 609682, '2018-11-20 11:01:47', '0000-00-00 00:00:00', 21),
(1032, 609704, '2018-11-20 11:30:03', '0000-00-00 00:00:00', 8),
(1033, 609706, '2018-11-20 11:37:15', '0000-00-00 00:00:00', 8),
(1034, 609703, '2018-11-20 11:24:57', '0000-00-00 00:00:00', 23),
(1035, 609998, '2018-11-20 11:54:44', '0000-00-00 00:00:00', 7),
(1036, 610039, '2018-11-20 12:12:18', '0000-00-00 00:00:00', 4),
(1037, 609683, '2018-11-20 11:04:17', '0000-00-00 00:00:00', 73),
(1038, 610222, '2018-11-20 12:15:25', '0000-00-00 00:00:00', 13),
(1039, 610272, '2018-11-20 12:28:47', '0000-00-00 00:00:00', 7),
(1040, 609705, '2018-11-20 11:30:24', '0000-00-00 00:00:00', 73),
(1041, 609790, '2018-11-20 11:38:11', '0000-00-00 00:00:00', 67),
(1042, 610317, '2018-11-20 12:46:46', '0000-00-00 00:00:00', 6),
(1043, 610224, '2018-11-20 12:23:05', '0000-00-00 00:00:00', 36),
(1044, 610527, '2018-11-20 13:00:37', '0000-00-00 00:00:00', 6),
(1045, 610528, '2018-11-20 13:06:51', '0000-00-00 00:00:00', 4),
(1046, 611191, '2018-11-20 13:29:11', '0000-00-00 00:00:00', 5),
(1047, 611190, '2018-11-20 13:26:22', '0000-00-00 00:00:00', 8),
(1048, 611226, '2018-11-20 13:45:59', '0000-00-00 00:00:00', 9),
(1049, 611654, '2018-11-20 15:02:17', '0000-00-00 00:00:00', 17),
(1050, 611656, '2018-11-20 15:09:19', '0000-00-00 00:00:00', 11),
(1051, 611662, '2018-11-20 15:21:08', '0000-00-00 00:00:00', 8),
(1052, 611659, '2018-11-20 15:13:05', '0000-00-00 00:00:00', 19),
(1053, 611713, '2018-11-20 15:27:09', '0000-00-00 00:00:00', 11),
(1054, 611767, '2018-11-20 15:35:11', '0000-00-00 00:00:00', 7),
(1055, 611753, '2018-11-20 15:32:12', '0000-00-00 00:00:00', 12),
(1056, 611766, '2018-11-20 15:34:06', '0000-00-00 00:00:00', 24),
(1057, 611892, '2018-11-20 15:52:18', '0000-00-00 00:00:00', 11),
(1058, 612056, '2018-11-20 16:10:28', '0000-00-00 00:00:00', 6),
(1059, 612055, '2018-11-20 16:10:25', '0000-00-00 00:00:00', 7),
(1060, 612284, '2018-11-20 16:34:11', '0000-00-00 00:00:00', 9),
(1061, 612178, '2018-11-20 16:23:18', '0000-00-00 00:00:00', 22),
(1062, 612054, '2018-11-20 16:09:57', '0000-00-00 00:00:00', 40),
(1063, 612319, '2018-11-20 16:38:50', '0000-00-00 00:00:00', 12),
(1064, 612190, '2018-11-20 16:26:58', '0000-00-00 00:00:00', 25),
(1065, 612285, '2018-11-20 16:36:05', '0000-00-00 00:00:00', 17),
(1066, 251, '0000-00-00 00:00:00', '0000-00-00 00:00:00', 1),
(1067, 612349, '2018-11-20 16:49:24', '0000-00-00 00:00:00', 14),
(1068, 612321, '2018-11-20 16:44:38', '0000-00-00 00:00:00', 36),
(1069, 612835, '2018-11-20 17:48:37', '0000-00-00 00:00:00', 3),
(1070, 612837, '2018-11-20 17:54:47', '0000-00-00 00:00:00', 8),
(1071, 612836, '2018-11-20 17:52:58', '0000-00-00 00:00:00', 18),
(1072, 613040, '2018-11-20 18:18:43', '0000-00-00 00:00:00', 11),
(1073, 612712, '2018-11-20 17:30:04', '0000-00-00 00:00:00', 61),
(1074, 612758, '2018-11-20 17:41:21', '0000-00-00 00:00:00', 51),
(1075, 252, '0000-00-00 00:00:00', '0000-00-00 00:00:00', 1),
(1076, 613331, '2018-11-20 18:34:30', '0000-00-00 00:00:00', 19),
(1077, 613336, '2018-11-20 18:43:03', '0000-00-00 00:00:00', 24),
(1078, 613471, '2018-11-20 19:07:11', '0000-00-00 00:00:00', 5),
(1079, 253, '0000-00-00 00:00:00', '0000-00-00 00:00:00', 1),
(1080, 613704, '2018-11-21 10:37:50', '0000-00-00 00:00:00', 7),
(1081, 254, '0000-00-00 00:00:00', '0000-00-00 00:00:00', 1),
(1082, 613741, '2018-11-21 11:07:39', '0000-00-00 00:00:00', 7),
(1083, 613742, '2018-11-21 11:13:04', '2018-11-21 11:20:20', 7),
(1084, 255, '0000-00-00 00:00:00', '0000-00-00 00:00:00', 1),
(1085, 613743, '2018-11-21 11:18:42', '0000-00-00 00:00:00', 6),
(1086, 613769, '2018-11-21 11:23:34', '0000-00-00 00:00:00', 10),
(1087, 613820, '2018-11-21 11:35:00', '0000-00-00 00:00:00', 3),
(1088, 613823, '2018-11-21 11:43:40', '0000-00-00 00:00:00', 14),
(1089, 613821, '2018-11-21 11:38:57', '0000-00-00 00:00:00', 26),
(1090, 614040, '2018-11-21 12:13:27', '0000-00-00 00:00:00', 7),
(1091, 614007, '2018-11-21 12:04:42', '0000-00-00 00:00:00', 20),
(1092, 614039, '2018-11-21 12:12:08', '0000-00-00 00:00:00', 15),
(1093, 614041, '2018-11-21 12:16:38', '0000-00-00 00:00:00', 12),
(1094, 614044, '2018-11-21 12:21:09', '0000-00-00 00:00:00', 10),
(1095, 614191, '2018-11-21 12:34:41', '0000-00-00 00:00:00', 7),
(1096, 614123, '2018-11-21 12:25:39', '0000-00-00 00:00:00', 17),
(1097, 614216, '2018-11-21 12:40:32', '0000-00-00 00:00:00', 7),
(1098, 256, '0000-00-00 00:00:00', '0000-00-00 00:00:00', 1),
(1099, 614460, '2018-11-21 13:01:33', '0000-00-00 00:00:00', 10),
(1100, 614462, '2018-11-21 13:09:45', '0000-00-00 00:00:00', 12),
(1101, 614544, '2018-11-21 13:29:19', '0000-00-00 00:00:00', 12),
(1102, 614543, '2018-11-21 13:24:43', '0000-00-00 00:00:00', 18),
(1103, 614582, '2018-11-21 13:41:04', '0000-00-00 00:00:00', 4),
(1104, 614580, '2018-11-21 13:33:28', '0000-00-00 00:00:00', 14),
(1105, 614583, '2018-11-21 13:42:02', '0000-00-00 00:00:00', 9),
(1106, 257, '0000-00-00 00:00:00', '0000-00-00 00:00:00', 1),
(1107, 614805, '2018-11-21 15:05:38', '0000-00-00 00:00:00', 17),
(1108, 614806, '2018-11-21 15:15:27', '0000-00-00 00:00:00', 11),
(1109, 614808, '2018-11-21 15:16:52', '0000-00-00 00:00:00', 13),
(1110, 614812, '2018-11-21 15:24:39', '0000-00-00 00:00:00', 6),
(1111, 614811, '2018-11-21 15:20:32', '0000-00-00 00:00:00', 13),
(1112, 614858, '2018-11-21 15:30:31', '0000-00-00 00:00:00', 10),
(1113, 258, '0000-00-00 00:00:00', '0000-00-00 00:00:00', 1),
(1114, 259, '0000-00-00 00:00:00', '0000-00-00 00:00:00', 1),
(1115, 615019, '2018-11-21 15:42:51', '0000-00-00 00:00:00', 11),
(1116, 615018, '2018-11-21 15:41:42', '0000-00-00 00:00:00', 13),
(1117, 614810, '2018-11-21 15:18:28', '0000-00-00 00:00:00', 36),
(1118, 615010, '2018-11-21 15:37:40', '0000-00-00 00:00:00', 27),
(1119, 615064, '2018-11-21 15:52:54', '0000-00-00 00:00:00', 15),
(1120, 615063, '2018-11-21 15:52:04', '2018-11-21 16:08:12', 16),
(1121, 615074, '2018-11-21 16:00:36', '0000-00-00 00:00:00', 16),
(1122, 615229, '2018-11-21 16:11:11', '0000-00-00 00:00:00', 6),
(1123, 615265, '2018-11-21 16:32:31', '0000-00-00 00:00:00', 2),
(1124, 615075, '2018-11-21 16:01:10', '0000-00-00 00:00:00', 38),
(1125, 615230, '2018-11-21 16:13:54', '0000-00-00 00:00:00', 25),
(1126, 615231, '2018-11-21 16:22:37', '0000-00-00 00:00:00', 37),
(1127, 615488, '2018-11-21 16:46:27', '0000-00-00 00:00:00', 17),
(1128, 615635, '2018-11-21 17:03:23', '2018-11-21 17:08:21', 4),
(1129, 615634, '2018-11-21 17:02:42', '0000-00-00 00:00:00', 7),
(1130, 615489, '2018-11-21 16:46:54', '0000-00-00 00:00:00', 26),
(1131, 615567, '2018-11-21 17:01:21', '0000-00-00 00:00:00', 17),
(1132, 615707, '2018-11-21 17:14:48', '0000-00-00 00:00:00', 7),
(1133, 615641, '2018-11-21 17:07:10', '0000-00-00 00:00:00', 22),
(1134, 615792, '2018-11-21 17:28:51', '0000-00-00 00:00:00', 14),
(1135, 615708, '2018-11-21 17:21:45', '0000-00-00 00:00:00', 24),
(1136, 615861, '2018-11-21 17:39:23', '0000-00-00 00:00:00', 13),
(1137, 615984, '2018-11-21 17:52:57', '0000-00-00 00:00:00', 3),
(1138, 615844, '2018-11-21 17:38:55', '0000-00-00 00:00:00', 18),
(1139, 615983, '2018-11-21 17:51:50', '0000-00-00 00:00:00', 5),
(1140, 616014, '2018-11-21 17:55:39', '0000-00-00 00:00:00', 11),
(1141, 616027, '2018-11-21 18:05:04', '2018-11-21 18:17:07', 12),
(1142, 616077, '2018-11-21 18:18:40', '0000-00-00 00:00:00', 3),
(1143, 616262, '2018-11-21 18:23:09', '0000-00-00 00:00:00', 5),
(1144, 616028, '2018-11-21 18:05:39', '0000-00-00 00:00:00', 24),
(1145, 260, '0000-00-00 00:00:00', '0000-00-00 00:00:00', 1),
(1146, 261, '0000-00-00 00:00:00', '0000-00-00 00:00:00', 1),
(1147, 616778, '2018-11-21 19:14:30', '0000-00-00 00:00:00', 4),
(1148, 262, '0000-00-00 00:00:00', '0000-00-00 00:00:00', 1),
(1149, 616894, '2018-11-22 10:36:54', '0000-00-00 00:00:00', 4),
(1150, 616893, '2018-11-22 10:35:02', '0000-00-00 00:00:00', 6),
(1151, 616888, '2018-11-22 10:30:31', '0000-00-00 00:00:00', 13),
(1152, 616892, '2018-11-22 10:34:02', '0000-00-00 00:00:00', 17),
(1153, 616896, '2018-11-22 10:42:57', '0000-00-00 00:00:00', 9),
(1154, 616897, '2018-11-22 10:46:04', '0000-00-00 00:00:00', 13),
(1155, 616925, '2018-11-22 10:46:58', '0000-00-00 00:00:00', 14),
(1156, 616991, '2018-11-22 10:54:28', '0000-00-00 00:00:00', 10),
(1157, 616959, '2018-11-22 10:49:07', '2018-11-22 11:51:42', 62),
(1158, 616992, '2018-11-22 10:55:02', '0000-00-00 00:00:00', 32),
(1159, 617050, '2018-11-22 11:02:34', '0000-00-00 00:00:00', 25),
(1160, 617172, '2018-11-22 11:18:22', '0000-00-00 00:00:00', 17),
(1161, 617173, '2018-11-22 11:19:32', '0000-00-00 00:00:00', 20),
(1162, 617208, '2018-11-22 11:26:14', '0000-00-00 00:00:00', 19),
(1163, 617211, '2018-11-22 11:30:27', '0000-00-00 00:00:00', 27),
(1164, 617209, '2018-11-22 11:26:47', '0000-00-00 00:00:00', 31),
(1165, 617210, '2018-11-22 11:29:47', '0000-00-00 00:00:00', 29),
(1166, 617246, '2018-11-22 11:34:49', '0000-00-00 00:00:00', 29),
(1167, 617406, '2018-11-22 11:53:13', '0000-00-00 00:00:00', 11),
(1168, 617407, '2018-11-22 11:55:08', '0000-00-00 00:00:00', 10),
(1169, 617449, '2018-11-22 11:56:02', '0000-00-00 00:00:00', 23),
(1170, 617831, '2018-11-22 12:13:20', '0000-00-00 00:00:00', 10),
(1171, 617951, '2018-11-22 12:21:23', '0000-00-00 00:00:00', 11),
(1172, 617803, '2018-11-22 12:03:03', '0000-00-00 00:00:00', 36),
(1173, 617615, '2018-11-22 12:01:27', '0000-00-00 00:00:00', 45),
(1174, 617999, '2018-11-22 12:37:49', '0000-00-00 00:00:00', 9),
(1175, 263, '0000-00-00 00:00:00', '0000-00-00 00:00:00', 1),
(1176, 617830, '2018-11-22 12:10:40', '0000-00-00 00:00:00', 54),
(1177, 618211, '2018-11-22 12:56:53', '0000-00-00 00:00:00', 12),
(1178, 618284, '2018-11-22 13:02:20', '0000-00-00 00:00:00', 9),
(1179, 618429, '2018-11-22 13:19:45', '2018-11-22 13:33:16', 13),
(1180, 618527, '2018-11-22 13:42:16', '0000-00-00 00:00:00', 6),
(1181, 264, '0000-00-00 00:00:00', '0000-00-00 00:00:00', 1),
(1182, 618763, '2018-11-22 15:16:00', '0000-00-00 00:00:00', 8),
(1183, 618762, '2018-11-22 15:14:16', '0000-00-00 00:00:00', 17),
(1184, 618764, '2018-11-22 15:23:29', '0000-00-00 00:00:00', 17),
(1185, 618770, '2018-11-22 15:29:47', '0000-00-00 00:00:00', 11),
(1186, 265, '0000-00-00 00:00:00', '0000-00-00 00:00:00', 1),
(1187, 618800, '2018-11-22 15:35:21', '0000-00-00 00:00:00', 18),
(1188, 618799, '2018-11-22 15:32:33', '0000-00-00 00:00:00', 24),
(1189, 618801, '2018-11-22 15:38:54', '0000-00-00 00:00:00', 18),
(1190, 618832, '2018-11-22 15:43:50', '0000-00-00 00:00:00', 32),
(1191, 619071, '2018-11-22 16:15:32', '0000-00-00 00:00:00', 5),
(1192, 619072, '2018-11-22 16:19:30', '0000-00-00 00:00:00', 14),
(1193, 266, '0000-00-00 00:00:00', '0000-00-00 00:00:00', 1),
(1194, 619070, '2018-11-22 16:11:13', '0000-00-00 00:00:00', 33),
(1195, 267, '0000-00-00 00:00:00', '0000-00-00 00:00:00', 1),
(1196, 619265, '2018-11-22 16:43:09', '2018-11-22 17:05:16', 22),
(1197, 619518, '2018-11-22 17:16:59', '0000-00-00 00:00:00', 12),
(1198, 619517, '2018-11-22 17:10:49', '0000-00-00 00:00:00', 22),
(1199, 619519, '2018-11-22 17:17:30', '0000-00-00 00:00:00', 18),
(1200, 619708, '2018-11-22 17:27:35', '0000-00-00 00:00:00', 12),
(1201, 619687, '2018-11-22 17:20:24', '0000-00-00 00:00:00', 24),
(1202, 619312, '2018-11-22 16:57:49', '0000-00-00 00:00:00', 49),
(1203, 619732, '2018-11-22 17:33:23', '0000-00-00 00:00:00', 19),
(1204, 619733, '2018-11-22 17:35:14', '0000-00-00 00:00:00', 26),
(1205, 619822, '2018-11-22 17:41:49', '0000-00-00 00:00:00', 20),
(1206, 619844, '2018-11-22 17:43:01', '0000-00-00 00:00:00', 22),
(1207, 619883, '2018-11-22 17:50:08', '0000-00-00 00:00:00', 18),
(1208, 619979, '2018-11-22 18:06:05', '0000-00-00 00:00:00', 10),
(1209, 620255, '2018-11-22 18:23:23', '0000-00-00 00:00:00', 4),
(1210, 619884, '2018-11-22 17:50:52', '0000-00-00 00:00:00', 41),
(1211, 620001, '2018-11-22 18:08:06', '0000-00-00 00:00:00', 24),
(1212, 620276, '2018-11-22 18:37:01', '0000-00-00 00:00:00', 9),
(1213, 620256, '2018-11-22 18:24:15', '0000-00-00 00:00:00', 30),
(1214, 620620, '2018-11-22 18:52:57', '0000-00-00 00:00:00', 15),
(1215, 620311, '2018-11-22 18:46:23', '0000-00-00 00:00:00', 29),
(1216, 268, '0000-00-00 00:00:00', '0000-00-00 00:00:00', 1),
(1217, 621089, '2018-11-23 10:30:54', '0000-00-00 00:00:00', 7),
(1218, 621091, '2018-11-23 10:36:47', '0000-00-00 00:00:00', 18),
(1219, 621137, '2018-11-23 10:44:14', '0000-00-00 00:00:00', 13),
(1220, 621138, '2018-11-23 10:55:28', '0000-00-00 00:00:00', 3),
(1221, 621139, '2018-11-23 10:56:56', '0000-00-00 00:00:00', 6),
(1222, 269, '0000-00-00 00:00:00', '0000-00-00 00:00:00', 1),
(1223, 621200, '2018-11-23 11:20:38', '0000-00-00 00:00:00', 3),
(1224, 621199, '2018-11-23 11:17:42', '0000-00-00 00:00:00', 19),
(1225, 621201, '2018-11-23 11:23:11', '0000-00-00 00:00:00', 18),
(1226, 621224, '2018-11-23 11:33:19', '0000-00-00 00:00:00', 9),
(1227, 621202, '2018-11-23 11:25:25', '0000-00-00 00:00:00', 24),
(1228, 621277, '2018-11-23 11:40:48', '2018-11-23 14:10:16', 149),
(1229, 621203, '2018-11-23 11:29:15', '0000-00-00 00:00:00', 24),
(1230, 621305, '2018-11-23 11:47:43', '0000-00-00 00:00:00', 15),
(1231, 621276, '2018-11-23 11:40:08', '0000-00-00 00:00:00', 32),
(1232, 621313, '2018-11-23 11:50:46', '0000-00-00 00:00:00', 22),
(1233, 621647, '2018-11-23 12:08:43', '0000-00-00 00:00:00', 12),
(1234, 621646, '2018-11-23 12:08:13', '0000-00-00 00:00:00', 15),
(1235, 270, '0000-00-00 00:00:00', '0000-00-00 00:00:00', 1),
(1236, 621649, '2018-11-23 12:12:17', '0000-00-00 00:00:00', 12),
(1237, 271, '0000-00-00 00:00:00', '0000-00-00 00:00:00', 1),
(1238, 621997, '2018-11-23 12:38:25', '0000-00-00 00:00:00', 9),
(1239, 621902, '2018-11-23 12:30:46', '0000-00-00 00:00:00', 40),
(1240, 622090, '2018-11-23 12:48:53', '0000-00-00 00:00:00', 24),
(1241, 622144, '2018-11-23 12:58:50', '0000-00-00 00:00:00', 21),
(1242, 272, '0000-00-00 00:00:00', '0000-00-00 00:00:00', 1),
(1243, 622710, '2018-11-23 15:04:49', '0000-00-00 00:00:00', 10),
(1244, 622711, '2018-11-23 15:07:08', '0000-00-00 00:00:00', 19),
(1245, 622786, '2018-11-23 15:40:37', '0000-00-00 00:00:00', 12),
(1246, 622788, '2018-11-23 15:44:37', '0000-00-00 00:00:00', 16),
(1247, 622787, '2018-11-23 15:44:27', '0000-00-00 00:00:00', 17),
(1248, 273, '0000-00-00 00:00:00', '0000-00-00 00:00:00', 1),
(1249, 622797, '2018-11-23 16:03:20', '0000-00-00 00:00:00', 15),
(1250, 622907, '2018-11-23 16:19:57', '0000-00-00 00:00:00', 5),
(1251, 622798, '2018-11-23 16:04:57', '0000-00-00 00:00:00', 23),
(1252, 623061, '2018-11-23 16:31:49', '0000-00-00 00:00:00', 7),
(1253, 622796, '2018-11-23 15:59:42', '0000-00-00 00:00:00', 40),
(1254, 623062, '2018-11-23 16:36:07', '0000-00-00 00:00:00', 32),
(1255, 623226, '2018-11-23 16:58:02', '0000-00-00 00:00:00', 15),
(1256, 623294, '2018-11-23 17:04:17', '0000-00-00 00:00:00', 11),
(1257, 623293, '2018-11-23 17:03:30', '0000-00-00 00:00:00', 14),
(1258, 274, '0000-00-00 00:00:00', '0000-00-00 00:00:00', 1),
(1259, 623107, '2018-11-23 16:52:57', '0000-00-00 00:00:00', 33),
(1260, 623296, '2018-11-23 17:11:03', '0000-00-00 00:00:00', 19),
(1261, 623106, '2018-11-23 16:49:13', '2018-11-23 18:56:52', 127),
(1262, 623295, '2018-11-23 17:06:14', '0000-00-00 00:00:00', 31),
(1263, 623297, '2018-11-23 17:17:20', '0000-00-00 00:00:00', 29),
(1264, 623575, '2018-11-23 17:47:05', '2018-11-23 17:55:10', 8),
(1265, 275, '0000-00-00 00:00:00', '0000-00-00 00:00:00', 1),
(1266, 623577, '2018-11-23 17:49:24', '0000-00-00 00:00:00', 20),
(1267, 623646, '2018-11-23 18:05:34', '0000-00-00 00:00:00', 12),
(1268, 623647, '2018-11-23 18:16:23', '0000-00-00 00:00:00', 3),
(1269, 623771, '2018-11-23 18:27:11', '0000-00-00 00:00:00', 9),
(1270, 623648, '2018-11-23 18:17:52', '0000-00-00 00:00:00', 26),
(1271, 623874, '2018-11-23 18:38:42', '0000-00-00 00:00:00', 11),
(1272, 276, '0000-00-00 00:00:00', '0000-00-00 00:00:00', 1),
(1273, 623974, '2018-11-23 19:01:20', '0000-00-00 00:00:00', 10),
(1274, 624256, '2018-11-23 19:21:52', '0000-00-00 00:00:00', 3),
(1275, 624350, '2018-11-26 10:41:20', '0000-00-00 00:00:00', 3),
(1276, 277, '0000-00-00 00:00:00', '0000-00-00 00:00:00', 1),
(1277, 624397, '2018-11-26 11:35:20', '0000-00-00 00:00:00', 8),
(1278, 278, '0000-00-00 00:00:00', '0000-00-00 00:00:00', 1),
(1279, 624483, '2018-11-26 11:52:25', '0000-00-00 00:00:00', 4),
(1280, 624482, '2018-11-26 11:48:53', '0000-00-00 00:00:00', 11),
(1281, 624484, '2018-11-26 12:13:10', '2018-11-26 13:58:56', 105),
(1282, 624487, '2018-11-26 12:20:24', '0000-00-00 00:00:00', 10),
(1283, 624486, '2018-11-26 12:18:29', '0000-00-00 00:00:00', 13),
(1284, 279, '0000-00-00 00:00:00', '0000-00-00 00:00:00', 1),
(1285, 624575, '2018-11-26 12:43:25', '0000-00-00 00:00:00', 12),
(1286, 624615, '2018-11-26 12:45:24', '0000-00-00 00:00:00', 10),
(1287, 624654, '2018-11-26 13:04:11', '0000-00-00 00:00:00', 5),
(1288, 624614, '2018-11-26 12:45:01', '0000-00-00 00:00:00', 43),
(1289, 624776, '2018-11-26 13:26:06', '0000-00-00 00:00:00', 7),
(1290, 624709, '2018-11-26 13:21:51', '0000-00-00 00:00:00', 25),
(1291, 625463, '2018-11-26 15:28:12', '0000-00-00 00:00:00', 4),
(1292, 625476, '2018-11-26 15:39:40', '0000-00-00 00:00:00', 8),
(1293, 625509, '2018-11-26 15:50:23', '0000-00-00 00:00:00', 4),
(1294, 625510, '2018-11-26 15:51:31', '0000-00-00 00:00:00', 14),
(1295, 625618, '2018-11-26 16:08:30', '0000-00-00 00:00:00', 2),
(1296, 625619, '2018-11-26 16:09:14', '0000-00-00 00:00:00', 7),
(1297, 625695, '2018-11-26 16:26:23', '0000-00-00 00:00:00', 5),
(1298, 625667, '2018-11-26 16:24:42', '0000-00-00 00:00:00', 10),
(1299, 625708, '2018-11-26 16:32:15', '0000-00-00 00:00:00', 5),
(1300, 625740, '2018-11-26 16:34:30', '0000-00-00 00:00:00', 8),
(1301, 625696, '2018-11-26 16:29:03', '0000-00-00 00:00:00', 14),
(1302, 625825, '2018-11-26 16:48:01', '0000-00-00 00:00:00', 9),
(1303, 625826, '2018-11-26 16:50:41', '0000-00-00 00:00:00', 7),
(1304, 625827, '2018-11-26 16:50:42', '0000-00-00 00:00:00', 12),
(1305, 625985, '2018-11-26 17:02:08', '0000-00-00 00:00:00', 3),
(1306, 625986, '2018-11-26 17:05:06', '0000-00-00 00:00:00', 7),
(1307, 625984, '2018-11-26 17:02:01', '0000-00-00 00:00:00', 34),
(1308, 626148, '2018-11-26 17:22:54', '0000-00-00 00:00:00', 13),
(1309, 625987, '2018-11-26 17:05:27', '0000-00-00 00:00:00', 41),
(1310, 626313, '2018-11-26 17:33:46', '0000-00-00 00:00:00', 16),
(1311, 626147, '2018-11-26 17:22:06', '0000-00-00 00:00:00', 32),
(1312, 626407, '2018-11-26 18:01:39', '0000-00-00 00:00:00', 13),
(1313, 626476, '2018-11-26 18:27:05', '0000-00-00 00:00:00', 7),
(1314, 626477, '2018-11-26 18:28:10', '0000-00-00 00:00:00', 8),
(1315, 280, '0000-00-00 00:00:00', '0000-00-00 00:00:00', 1),
(1316, 626638, '2018-11-26 18:44:41', '2018-11-26 18:50:28', 5),
(1317, 626639, '2018-11-26 18:48:49', '0000-00-00 00:00:00', 11),
(1318, 281, '0000-00-00 00:00:00', '0000-00-00 00:00:00', 1),
(1319, 626829, '2018-11-27 11:20:15', '0000-00-00 00:00:00', 7),
(1320, 626830, '2018-11-27 11:25:04', '0000-00-00 00:00:00', 7),
(1321, 626832, '2018-11-27 11:32:55', '0000-00-00 00:00:00', 7),
(1322, 626869, '2018-11-27 11:35:41', '0000-00-00 00:00:00', 8),
(1323, 626899, '2018-11-27 11:47:09', '0000-00-00 00:00:00', 14),
(1324, 626898, '2018-11-27 11:45:24', '0000-00-00 00:00:00', 18),
(1325, 626900, '2018-11-27 11:51:30', '0000-00-00 00:00:00', 12),
(1326, 626987, '2018-11-27 12:04:28', '0000-00-00 00:00:00', 7),
(1327, 627016, '2018-11-27 12:08:26', '0000-00-00 00:00:00', 11),
(1328, 627019, '2018-11-27 12:14:59', '0000-00-00 00:00:00', 9),
(1329, 627088, '2018-11-27 12:18:17', '0000-00-00 00:00:00', 7),
(1330, 627017, '2018-11-27 12:10:21', '0000-00-00 00:00:00', 19),
(1331, 627018, '2018-11-27 12:12:50', '0000-00-00 00:00:00', 22),
(1332, 627135, '2018-11-27 12:27:33', '0000-00-00 00:00:00', 14),
(1333, 627323, '2018-11-27 12:34:54', '0000-00-00 00:00:00', 19),
(1334, 282, '0000-00-00 00:00:00', '0000-00-00 00:00:00', 1),
(1335, 627464, '2018-11-27 13:03:07', '0000-00-00 00:00:00', 12),
(1336, 627634, '2018-11-27 13:11:29', '0000-00-00 00:00:00', 4),
(1337, 283, '0000-00-00 00:00:00', '0000-00-00 00:00:00', 1),
(1338, 627408, '2018-11-27 12:52:09', '0000-00-00 00:00:00', 30),
(1339, 627635, '2018-11-27 13:14:30', '0000-00-00 00:00:00', 8),
(1340, 627750, '2018-11-27 13:24:06', '0000-00-00 00:00:00', 3),
(1341, 627900, '2018-11-27 13:46:56', '0000-00-00 00:00:00', 13),
(1342, 627993, '2018-11-27 15:00:16', '0000-00-00 00:00:00', 10),
(1343, 627996, '2018-11-27 15:08:42', '0000-00-00 00:00:00', 5),
(1344, 627995, '2018-11-27 15:06:13', '0000-00-00 00:00:00', 9),
(1345, 627998, '2018-11-27 15:13:22', '2018-11-27 15:25:43', 12),
(1346, 627997, '2018-11-27 15:13:17', '0000-00-00 00:00:00', 15),
(1347, 628000, '2018-11-27 15:17:05', '0000-00-00 00:00:00', 12),
(1348, 628086, '2018-11-27 15:31:32', '0000-00-00 00:00:00', 7),
(1349, 628123, '2018-11-27 15:35:43', '0000-00-00 00:00:00', 5),
(1350, 628251, '2018-11-27 15:51:14', '0000-00-00 00:00:00', 15),
(1351, 628252, '2018-11-27 15:59:31', '0000-00-00 00:00:00', 12),
(1352, 628212, '2018-11-27 15:47:32', '0000-00-00 00:00:00', 31),
(1353, 628432, '2018-11-27 16:06:57', '0000-00-00 00:00:00', 12),
(1354, 628085, '2018-11-27 15:29:27', '0000-00-00 00:00:00', 50),
(1355, 628528, '2018-11-27 16:25:24', '0000-00-00 00:00:00', 18),
(1356, 628549, '2018-11-27 16:28:45', '0000-00-00 00:00:00', 16),
(1357, 628529, '2018-11-27 16:25:32', '0000-00-00 00:00:00', 24),
(1358, 628548, '2018-11-27 16:28:16', '2018-11-27 16:50:21', 22),
(1359, 628568, '2018-11-27 16:45:28', '0000-00-00 00:00:00', 7),
(1360, 628558, '2018-11-27 16:36:16', '0000-00-00 00:00:00', 26),
(1361, 628550, '2018-11-27 16:35:16', '0000-00-00 00:00:00', 32),
(1362, 284, '0000-00-00 00:00:00', '0000-00-00 00:00:00', 1),
(1363, 628696, '2018-11-27 17:01:24', '0000-00-00 00:00:00', 18),
(1364, 628781, '2018-11-27 17:12:12', '0000-00-00 00:00:00', 16),
(1365, 628703, '2018-11-27 17:02:48', '0000-00-00 00:00:00', 31),
(1366, 628957, '2018-11-27 17:23:46', '0000-00-00 00:00:00', 11),
(1367, 628956, '2018-11-27 17:22:43', '0000-00-00 00:00:00', 20),
(1368, 629056, '2018-11-27 17:37:38', '0000-00-00 00:00:00', 18),
(1369, 629260, '2018-11-27 17:54:03', '0000-00-00 00:00:00', 11),
(1370, 628958, '2018-11-27 17:26:00', '0000-00-00 00:00:00', 43),
(1371, 629404, '2018-11-27 18:07:20', '2018-11-27 18:24:14', 16),
(1372, 629523, '2018-11-27 18:13:40', '0000-00-00 00:00:00', 22),
(1373, 629748, '2018-11-27 18:47:12', '0000-00-00 00:00:00', 8),
(1374, 629747, '2018-11-27 18:40:12', '0000-00-00 00:00:00', 18),
(1375, 629863, '2018-11-27 19:00:43', '0000-00-00 00:00:00', 15),
(1376, 629898, '2018-11-27 19:09:07', '0000-00-00 00:00:00', 11),
(1377, 630111, '2018-11-28 10:32:52', '0000-00-00 00:00:00', 5),
(1378, 630113, '2018-11-28 10:38:01', '0000-00-00 00:00:00', 2),
(1379, 630129, '2018-11-28 10:46:29', '0000-00-00 00:00:00', 4),
(1380, 630128, '2018-11-28 10:42:49', '0000-00-00 00:00:00', 12),
(1381, 630130, '2018-11-28 10:58:46', '0000-00-00 00:00:00', 14),
(1382, 630221, '2018-11-28 11:15:19', '0000-00-00 00:00:00', 10),
(1383, 630220, '2018-11-28 11:12:01', '0000-00-00 00:00:00', 15),
(1384, 630253, '2018-11-28 11:19:07', '0000-00-00 00:00:00', 10),
(1385, 630255, '2018-11-28 11:21:34', '0000-00-00 00:00:00', 21),
(1386, 630256, '2018-11-28 11:22:46', '0000-00-00 00:00:00', 23),
(1387, 630334, '2018-11-28 11:42:59', '0000-00-00 00:00:00', 20),
(1388, 630263, '2018-11-28 11:31:28', '0000-00-00 00:00:00', 32),
(1389, 630335, '2018-11-28 11:48:25', '2018-11-28 11:57:08', 8),
(1390, 630450, '2018-11-28 12:01:54', '0000-00-00 00:00:00', 5),
(1391, 630451, '2018-11-28 12:02:11', '0000-00-00 00:00:00', 5),
(1392, 630381, '2018-11-28 11:53:53', '0000-00-00 00:00:00', 24),
(1393, 630533, '2018-11-28 12:11:58', '0000-00-00 00:00:00', 14),
(1394, 630485, '2018-11-28 12:03:45', '0000-00-00 00:00:00', 27),
(1395, 630615, '2018-11-28 12:26:41', '0000-00-00 00:00:00', 6),
(1396, 630616, '2018-11-28 12:29:13', '0000-00-00 00:00:00', 11),
(1397, 630534, '2018-11-28 12:12:52', '0000-00-00 00:00:00', 31),
(1398, 630614, '2018-11-28 12:21:48', '0000-00-00 00:00:00', 32),
(1399, 630564, '2018-11-28 12:19:12', '0000-00-00 00:00:00', 36),
(1400, 630748, '2018-11-28 12:47:07', '0000-00-00 00:00:00', 10),
(1401, 630842, '2018-11-28 12:54:40', '0000-00-00 00:00:00', 12),
(1402, 630843, '2018-11-28 12:56:33', '0000-00-00 00:00:00', 13),
(1403, 285, '0000-00-00 00:00:00', '0000-00-00 00:00:00', 1),
(1404, 630841, '2018-11-28 12:53:26', '0000-00-00 00:00:00', 32),
(1405, 631000, '2018-11-28 13:20:17', '0000-00-00 00:00:00', 9),
(1406, 630839, '2018-11-28 12:53:08', '0000-00-00 00:00:00', 38),
(1407, 630715, '2018-11-28 12:42:38', '2018-11-28 14:26:39', 104),
(1408, 631512, '2018-11-28 15:16:29', '0000-00-00 00:00:00', 5),
(1409, 631514, '2018-11-28 15:19:59', '0000-00-00 00:00:00', 9),
(1410, 631515, '2018-11-28 15:25:20', '0000-00-00 00:00:00', 12),
(1411, 631517, '2018-11-28 15:34:48', '0000-00-00 00:00:00', 9),
(1412, 631513, '2018-11-28 15:18:40', '0000-00-00 00:00:00', 43),
(1413, 631519, '2018-11-28 15:35:52', '0000-00-00 00:00:00', 27),
(1414, 631642, '2018-11-28 15:54:45', '0000-00-00 00:00:00', 15),
(1415, 631728, '2018-11-28 16:11:28', '0000-00-00 00:00:00', 6),
(1416, 631726, '2018-11-28 16:07:17', '0000-00-00 00:00:00', 17),
(1417, 631755, '2018-11-28 16:21:13', '0000-00-00 00:00:00', 8),
(1418, 631727, '2018-11-28 16:08:31', '0000-00-00 00:00:00', 43),
(1419, 632005, '2018-11-28 16:51:32', '0000-00-00 00:00:00', 12),
(1420, 632065, '2018-11-28 17:10:57', '0000-00-00 00:00:00', 9),
(1421, 632078, '2018-11-28 17:18:44', '0000-00-00 00:00:00', 4),
(1422, 632061, '2018-11-28 17:05:11', '0000-00-00 00:00:00', 19),
(1423, 632069, '2018-11-28 17:16:26', '0000-00-00 00:00:00', 27),
(1424, 632095, '2018-11-28 17:42:30', '0000-00-00 00:00:00', 5),
(1425, 632086, '2018-11-28 17:29:32', '0000-00-00 00:00:00', 27),
(1426, 632092, '2018-11-28 17:38:00', '0000-00-00 00:00:00', 23),
(1427, 632368, '2018-11-28 18:05:00', '0000-00-00 00:00:00', 7),
(1428, 632590, '2018-11-28 18:33:47', '0000-00-00 00:00:00', 8),
(1429, 632591, '2018-11-28 18:34:25', '0000-00-00 00:00:00', 10),
(1430, 632483, '2018-11-28 18:15:52', '0000-00-00 00:00:00', 31),
(1431, 632592, '2018-11-28 18:42:20', '0000-00-00 00:00:00', 13),
(1432, 632662, '2018-11-28 18:49:16', '0000-00-00 00:00:00', 8),
(1433, 632786, '2018-11-28 18:57:29', '0000-00-00 00:00:00', 7),
(1434, 632984, '2018-11-29 10:30:02', '0000-00-00 00:00:00', 10),
(1435, 632988, '2018-11-29 10:39:50', '0000-00-00 00:00:00', 5),
(1436, 632990, '2018-11-29 10:59:28', '0000-00-00 00:00:00', 9),
(1437, 633147, '2018-11-29 11:08:28', '0000-00-00 00:00:00', 6),
(1438, 286, '0000-00-00 00:00:00', '0000-00-00 00:00:00', 1),
(1439, 287, '0000-00-00 00:00:00', '0000-00-00 00:00:00', 1),
(1440, 633227, '2018-11-29 11:21:16', '2018-11-29 11:42:32', 21),
(1441, 633228, '2018-11-29 11:40:08', '0000-00-00 00:00:00', 7),
(1442, 633276, '2018-11-29 11:48:06', '0000-00-00 00:00:00', 6),
(1443, 633277, '2018-11-29 11:48:24', '2018-11-29 12:05:14', 16),
(1444, 633294, '2018-11-29 12:03:25', '0000-00-00 00:00:00', 9),
(1445, 633324, '2018-11-29 12:15:30', '0000-00-00 00:00:00', 9),
(1446, 633348, '2018-11-29 12:20:18', '0000-00-00 00:00:00', 5),
(1447, 633323, '2018-11-29 12:15:07', '0000-00-00 00:00:00', 16),
(1448, 288, '0000-00-00 00:00:00', '0000-00-00 00:00:00', 1),
(1449, 633368, '2018-11-29 12:25:28', '0000-00-00 00:00:00', 12),
(1450, 633439, '2018-11-29 12:30:28', '0000-00-00 00:00:00', 16),
(1451, 633468, '2018-11-29 12:46:41', '0000-00-00 00:00:00', 14),
(1452, 289, '0000-00-00 00:00:00', '0000-00-00 00:00:00', 1),
(1453, 633603, '2018-11-29 13:00:06', '0000-00-00 00:00:00', 8),
(1454, 633638, '2018-11-29 13:09:50', '0000-00-00 00:00:00', 11),
(1455, 633677, '2018-11-29 13:13:42', '0000-00-00 00:00:00', 8),
(1456, 633678, '2018-11-29 13:20:52', '0000-00-00 00:00:00', 11),
(1457, 290, '0000-00-00 00:00:00', '0000-00-00 00:00:00', 1),
(1458, 633897, '2018-11-29 15:02:45', '0000-00-00 00:00:00', 7),
(1459, 633900, '2018-11-29 15:14:13', '0000-00-00 00:00:00', 8),
(1460, 291, '0000-00-00 00:00:00', '0000-00-00 00:00:00', 1),
(1461, 633908, '2018-11-29 15:29:06', '0000-00-00 00:00:00', 15),
(1462, 633902, '2018-11-29 15:26:12', '0000-00-00 00:00:00', 18),
(1463, 633909, '2018-11-29 15:30:01', '0000-00-00 00:00:00', 15),
(1464, 633899, '2018-11-29 15:11:47', '2018-11-29 15:37:46', 25),
(1465, 633907, '2018-11-29 15:29:01', '0000-00-00 00:00:00', 23),
(1466, 633910, '2018-11-29 15:32:12', '0000-00-00 00:00:00', 29),
(1467, 634104, '2018-11-29 15:46:01', '0000-00-00 00:00:00', 16),
(1468, 634103, '2018-11-29 15:44:31', '2018-11-29 16:06:16', 21),
(1469, 634105, '2018-11-29 15:48:45', '0000-00-00 00:00:00', 23),
(1470, 634166, '2018-11-29 15:53:48', '0000-00-00 00:00:00', 18),
(1471, 634262, '2018-11-29 16:15:08', '0000-00-00 00:00:00', 6),
(1472, 634297, '2018-11-29 16:26:40', '0000-00-00 00:00:00', 59),
(1473, 634296, '2018-11-29 16:25:09', '0000-00-00 00:00:00', 11),
(1474, 634255, '2018-11-29 16:13:23', '0000-00-00 00:00:00', 29),
(1475, 634295, '2018-11-29 16:17:58', '0000-00-00 00:00:00', 25),
(1476, 634324, '2018-11-29 16:30:01', '0000-00-00 00:00:00', 26),
(1477, 634370, '2018-11-29 16:36:56', '0000-00-00 00:00:00', 31),
(1478, 634533, '2018-11-29 17:07:02', '0000-00-00 00:00:00', 17),
(1479, 634669, '2018-11-29 17:19:23', '0000-00-00 00:00:00', 12),
(1480, 634901, '2018-11-29 17:35:28', '0000-00-00 00:00:00', 7),
(1481, 634903, '2018-11-29 17:45:58', '2018-11-29 17:53:47', 7),
(1482, 634943, '2018-11-29 17:49:33', '0000-00-00 00:00:00', 5),
(1483, 634952, '2018-11-29 17:52:37', '0000-00-00 00:00:00', 9),
(1484, 634935, '2018-11-29 17:47:12', '0000-00-00 00:00:00', 15),
(1485, 634953, '2018-11-29 17:52:55', '0000-00-00 00:00:00', 12),
(1486, 635161, '2018-11-29 18:14:49', '0000-00-00 00:00:00', 11),
(1487, 292, '0000-00-00 00:00:00', '0000-00-00 00:00:00', 1),
(1488, 635286, '2018-11-29 18:33:17', '0000-00-00 00:00:00', 3),
(1489, 634981, '2018-11-29 17:54:05', '0000-00-00 00:00:00', 43),
(1490, 635278, '2018-11-29 18:31:01', '0000-00-00 00:00:00', 13),
(1491, 635158, '2018-11-29 18:10:49', '2018-11-29 18:23:11', 12),
(1492, 293, '0000-00-00 00:00:00', '0000-00-00 00:00:00', 1),
(1493, 635279, '2018-11-29 18:31:30', '0000-00-00 00:00:00', 26),
(1494, 294, '0000-00-00 00:00:00', '0000-00-00 00:00:00', 1),
(1495, 635545, '2018-11-29 18:54:51', '0000-00-00 00:00:00', 12),
(1496, 295, '0000-00-00 00:00:00', '0000-00-00 00:00:00', 1),
(1497, 635544, '2018-11-29 18:52:06', '0000-00-00 00:00:00', 22);

-- --------------------------------------------------------

--
-- Estrutura da tabela `city`
--

CREATE TABLE `city` (
  `id` int(8) NOT NULL,
  `description` varchar(250) NOT NULL,
  `id_state` int(8) NOT NULL
) ENGINE=InnoDB DEFAULT CHARSET=latin1;

--
-- Extraindo dados da tabela `city`
--

INSERT INTO `city` (`id`, `description`, `id_state`) VALUES
(1, 'Bom Jesus do Tocantins', 4),
(2, 'Botelhos', 6),
(3, 'Campina Grande do Sul', 1),
(4, 'Cândido de Abreu', 1),
(5, 'Cascavel', 1),
(6, 'Catanduvas', 1),
(7, 'Chopinzinho', 1),
(8, 'Corbélia', 1),
(9, 'Cruzeiro do Oeste', 1),
(10, 'Curitiba', 1),
(11, 'Dois Vizinhos', 1),
(12, 'Faxinal', 1),
(13, 'Francisco Beltrão', 1),
(14, 'Grandes Rios', 1),
(15, 'Rio Negro', 1),
(16, 'Guarapuava', 1),
(17, 'Barracão', 1),
(18, 'Buritis', 3),
(19, 'Colorado do Oeste', 3),
(20, 'Costa Marques', 3),
(21, 'Espigão do Oeste', 3),
(22, 'Ariquemes', 3),
(23, 'Cacoal', 3),
(24, 'Canoas', 2),
(25, 'Dom Feliciano', 2),
(26, 'Camaqã', 2),
(27, 'Cariri do Tocantins', 4),
(28, 'Salto do Lontra', 1),
(29, 'Colinas do Tocantins', 4),
(30, 'Combinado', 4),
(31, 'Cianorte', 1),
(32, 'Foz do Iguaçu', 1),
(33, 'Guaíra', 1),
(34, 'Guaraniaçu', 1),
(35, 'Ibiporã', 1),
(36, 'Icaraíma', 1),
(37, 'Imbituva', 1),
(38, 'Ipiranga', 1),
(39, 'Jandaia do Sul', 1),
(40, 'Maringá', 1),
(41, 'Tomazina', 1),
(42, 'Santa Mariana', 1),
(43, 'São Mateus do Sul', 1),
(44, 'Primeiro de Maio', 1),
(45, 'Italva', 9),
(46, 'Ji-Paraná', 3),
(47, 'Cerejeiras', 3),
(48, 'Guajará Mirim', 3),
(50, 'Jaru', 10),
(51, 'Machadinho do Oeste', 3),
(54, 'Farroupilha', 2),
(55, 'Igrejinha', 2),
(56, 'Ijuí', 2),
(57, 'Mostardas', 2),
(58, 'Itacajá', 4),
(59, 'Itapiratins', 4),
(60, 'Bela Vista do Paraíso', 1),
(61, 'Guaraí', 4),
(62, 'Caruaru', 8),
(63, 'Recife', 8),
(64, 'Laranjeiras do Sul', 1),
(65, 'Loanda', 1),
(66, 'Mangueirinha', 1),
(67, 'Manoel Ribas', 1),
(68, 'Marmeleiro', 1),
(69, 'Ortigueira', 1),
(70, 'Pato Branco', 1),
(71, 'Pinhão', 1),
(72, 'Marechal Cândido Rondon', 1),
(73, 'Aurora do TO', 4),
(74, 'Paranaguá', 1),
(75, 'Paranavaí', 1),
(77, 'Gurupi', 1),
(79, 'Nova Brasilândia do Oeste', 3),
(80, 'Ouro Preto do Oeste', 3),
(83, 'Jaguarão', 2),
(84, 'Nova Prata', 2),
(85, 'Palmeira das Missões', 2),
(86, 'Juarina', 4),
(87, 'Lajeado', 4),
(88, 'Palmeirante', 4),
(89, 'Peixe', 4),
(90, 'Mateiros', 4),
(91, 'Gurupi', 4),
(92, 'Palmas', 4),
(93, 'Bernardo Sayão', 4),
(94, 'Formosa', 1),
(95, 'Ponte Alta do Bom Jesus', 4),
(96, 'Formosa do Oeste', 1),
(97, 'Santa Terezinha de Goiás', 5),
(98, 'Abadiânia', 5),
(99, 'São Domingos do Araguaia', 7),
(100, 'Medianeira', 1),
(101, 'Pinhais', 1),
(102, 'Piraquara', 1),
(103, 'Pitanga', 1),
(104, 'Prudentópolis', 1),
(105, 'Reserva', 1),
(106, 'Rio Branco do Sul', 1),
(107, 'Santo Antônio da Platina', 1),
(108, 'Santo Antônio do Sudoeste', 1),
(109, 'Altônia', 1),
(110, 'Porto Velho', 3),
(113, 'Pimenta Bueno', 3),
(114, 'Presidente Medice', 10),
(115, 'Santa Luzia', 3),
(116, 'São Francisco do Guaporé', 3),
(117, 'Alta Floresta do Oeste', 3),
(118, 'Alvorada do Oeste', 3),
(119, 'Piratini', 2),
(120, 'Porto Alegre', 2),
(122, 'Bom Jesus', 2),
(123, 'Pedro Afonso', 4),
(124, 'Presisdente Kennedy', 4),
(125, 'Pau D\'arco', 4),
(126, 'Rubiataba', 5),
(127, 'Uberaba', 6),
(128, 'Cambuí', 6),
(129, 'Cantagalo', 1),
(130, 'São João', 1),
(131, 'Sengés', 1),
(132, 'Sertanópolis', 1),
(133, 'Siqueira Campos', 1),
(134, 'Telêmaco Borba', 1),
(135, 'União da Vitória', 1),
(136, 'Wenceslau Braz', 1),
(137, 'Xambrê', 1),
(138, 'Antonina', 1),
(139, 'Vilhena', 3),
(140, 'Rolim de Moura', 3),
(141, 'São Miguel do Guaporé', 3),
(142, 'Santa Rosa', 2),
(143, 'São Francisco de Paula', 2),
(144, 'São Jerônimo', 2),
(145, 'Sarandi', 2),
(146, 'Arroio do Ratos', 2),
(147, 'Taguatinga', 4),
(148, 'Tupirama', 4),
(149, 'Araguaçu', 4),
(150, 'Araguaína', 4),
(151, 'Bandeirantes do Tocantins', 4),
(152, 'Santa Fé', 4),
(153, 'Porto Velho', 10),
(154, 'Taguatinga', 11),
(155, 'Vilhena', 10),
(156, 'Cacoal', 10),
(157, 'São João do Araguaia', 7),
(158, 'São Miguel do Guaporé', 10),
(159, 'Matelândia', 1),
(160, 'Ribeirão do Pinhal', 1),
(161, 'Rolim de Moura', 10),
(162, 'Santa Luzia do Oeste', 10),
(163, 'Santa Helena', 1),
(164, 'São Francisco do Guaporé', 10),
(165, 'Palotina', 1),
(166, 'Arroio Grande', 2),
(167, 'Tupiratins', 4),
(168, 'Santa Vitória do Palmar', 2),
(169, 'São Miguel das Missões', 2),
(170, 'São Sebastião do Caí', 2),
(171, 'Aliança do Tocantins', 4),
(172, 'Arapoema', 4),
(173, 'Arraias', 4),
(174, 'Augustinópolis', 4),
(175, 'Campos Lindos', 4),
(176, 'Águas Lindas de Goiás', 5),
(177, 'Campo Limpo de Goiás', 5),
(178, 'Duerê', 4),
(179, 'Paço do Lumiar', 12),
(180, 'Breu Branco', 7),
(181, 'Jacundá', 7),
(182, 'Alta Floresta do Oeste', 10),
(183, 'Alvorada do Oeste', 10),
(184, 'Ariquemes', 10),
(185, 'Buritis', 10),
(186, 'Cerejeiras', 10),
(187, 'Colorado do Oeste', 10),
(188, 'Costa Marques', 10),
(189, 'Espigão do Oeste', 10),
(190, 'Guajará Mirim', 10),
(191, 'Ji-Paraná', 10),
(192, 'Machadinho do Oeste', 10),
(193, 'Nova Brasilândia do Oeste', 10),
(194, 'Ouro Preto do Oeste', 10),
(195, 'Pimenta Bueno', 10),
(196, 'São Miguel do Tocantins', 4),
(197, 'Santa Maria do Tocantins', 4),
(198, 'Santa Fé do Araguaia', 4),
(199, 'Rio Sono', 4),
(200, 'Rio Branco do Sul', 1),
(201, 'Pitangueiras', 1),
(202, 'Lagoa da confusão', 4);

-- --------------------------------------------------------

--
-- Estrutura da tabela `client`
--

CREATE TABLE `client` (
  `id` int(8) NOT NULL,
  `name` varchar(120) NOT NULL,
  `email` varchar(160) NOT NULL,
  `id_credential` int(8) NOT NULL,
  `id_registry` int(8) NOT NULL,
  `id_role` int(8) NOT NULL
) ENGINE=InnoDB DEFAULT CHARSET=latin1;

--
-- Extraindo dados da tabela `client`
--

INSERT INTO `client` (`id`, `name`, `email`, `id_credential`, `id_registry`, `id_role`) VALUES
(1, 'Eliane', 'eliane@cartorio.com.br', 6, 2, 5),
(2, 'Irton José Diesel Junior', 'cripalmeira@gmail.com', 12, 5, 5),
(3, 'Vanessa', 'cribelavista@hotmail.com', 13, 6, 5),
(4, 'André', 'sri.wbraz@gmail.com', 14, 7, 5),
(5, 'Jamille', 'riprudentopolis@hotmail.com', 15, 8, 5),
(6, 'Vania', 'sri.wbraz@gmail.com', 16, 7, 5),
(7, 'Marivone', 'marivonegrisoli@gmail.com', 17, 9, 5),
(8, 'Murilo', 'cri1oficio@hotmail.com', 18, 1, 5),
(9, 'Adriano Lima', 'rcaaluminio@outlook.com', 19, 10, 5),
(10, 'Evanize', 'evanize@hotmail.com', 20, 11, 5),
(11, 'Lucia', 'luciahelena.almeida@hotmail.com', 21, 12, 5),
(12, 'Cinthia', 'rionegro@hotmail.com', 22, 13, 5),
(13, 'Eliane', 'ritomazina@hotmail.com', 23, 14, 5),
(14, 'Rodrigo', 'rodrigo@uberaba.com.br', 24, 15, 5),
(15, 'Alessandra', 'risantamariana@gmail.com', 25, 16, 5),
(16, 'Luciane', '3oficioregistrodeimoveis@gmail.com', 26, 2, 5),
(17, 'Caroline', 'registro.carneiro@bol.com.br', 27, 17, 5),
(18, 'Dayane Santos', 'segundorivilhena@gmail.com', 28, 18, 5),
(19, 'Adriane', 'adriane@hotmail.com', 29, 19, 5),
(20, 'Petterson', 'informatica@ri3.com.br', 30, 20, 5),
(21, 'Adriana', 'adriana@hotmail.com', 31, 21, 5),
(22, 'Marlene', 'marlene@hotmail.com', 32, 21, 5),
(23, 'Audrey', '2sri@hotmail.com.br', 33, 3, 5),
(24, 'Arielle', 'contato@segundoriportovelho.com', 34, 22, 5),
(25, 'Bruno', 'atendimento@ripinhais.com.br', 35, 23, 5),
(26, 'José Eduardo', 'joseeduardo@ripinhais.com.br', 36, 23, 4),
(27, 'Nicolas Matiazi', 'crixambre@gmail.com', 37, 24, 5),
(28, 'Jhonatan Ribeiro de Souza', 'jhonribeirodsouza@hotmail.com', 38, 25, 5),
(29, 'Bruna', 'brunadominguesnunes@gmail.com', 39, 26, 5),
(30, 'Ivana', 'ivanameurer@gmail.com', 40, 3, 5),
(31, 'Richer', ' rsdtorre@ucs.br', 41, 26, 5),
(32, 'Matilde', 'matilde.araujo@hotmail.com', 42, 27, 5),
(33, 'Josias', 'josias@hotmail.com', 43, 28, 5),
(34, 'Vania', 'vania@hotmail.com', 44, 29, 5),
(35, 'Sedineia', 'sedineia@hotmail.com', 45, 31, 5),
(36, 'Fernanda', 'cri.barracao@gmail.com', 46, 30, 5),
(37, 'Kassio', 'oficiomoraes@uol.com.br', 47, 32, 5),
(38, 'Nathalia', 'nathalia@hotmail.com', 48, 33, 5),
(39, 'Joel', 'joel@hotmail.com', 49, 34, 5),
(40, 'Taise', 'taise@hotmail.com', 50, 35, 5),
(41, 'Jakeliny', 'imoveisjaru@gmail.com', 51, 36, 5),
(42, 'Andre Henrique', 'cartorio.sja@hotmail.com', 52, 37, 5),
(43, 'Claudio', 'servregmostardas@gmail.com', 53, 38, 5),
(44, 'Valeria', 'v.lucchetti@uol.com.br', 54, 20, 5),
(45, 'Tuane', 'sri.braz@gmail.com', 55, 7, 5),
(46, 'Andriesi', 'ribomjesus@gmail.com', 56, 39, 5),
(47, 'Ceila', 'criitacaja@bol.com.br', 57, 40, 5),
(48, 'Juryelda', 'rimangueirinha@hotmail.com', 58, 41, 5),
(49, 'Cristina', 'cristina.cavalli@yahoo.com.br', 59, 43, 5),
(50, 'Marta', 'marta@hotmail.com', 60, 7, 5),
(51, 'Márcia', 'registrodeimoveis2@hotmail.com', 61, 21, 5),
(52, 'Cláudia', 'claudiaemiliacri@hotmail.com', 62, 44, 4),
(53, 'Verediane', 'veriane@hotmail.com.br', 63, 45, 5),
(54, 'Clarissa', 'clarissa@gmail.com', 64, 4, 5),
(55, 'Laís', 'lais@email.com', 65, 46, 5),
(56, 'Franciele', 'cribelavista@hotmail.com', 66, 6, 5),
(57, 'Thayna', 'atendimento@ripinhais.com.br', 67, 23, 5),
(58, 'Neusa Maria Cassol', 'neusa@gmail.com', 68, 47, 4),
(60, 'Lukas', 'lukas@cartorio.com', 70, 48, 5),
(61, 'Fernanda', 'fernanda@cartorio.com', 71, 49, 5),
(62, 'Nilva Barreto', 'nilvabarretao@email.com', 72, 50, 5),
(63, 'Marcos', 'marcos@cartorio.com', 73, 51, 5),
(64, 'Rafael', 'rafael@cartorio.com', 74, 52, 4),
(65, 'Ially', 'segundoricaruaru@gmail.com', 75, 53, 5),
(66, 'Taynara', 'taynara@email.com', 76, 54, 5),
(67, 'Gabrielly', 'gabriellymarcon@gmail.com', 77, 19, 5),
(68, 'Edson', 'edson@cartorio.com', 78, 54, 5),
(69, 'Angelica', 'atendimento@rimedianeira.com', 79, 54, 5),
(70, 'Anne', '2ruva@gmail.com', 80, 110, 5),
(71, 'Ana Carolina', 'ana@gmail.com', 81, 42, 5),
(72, 'Suelen', '', 82, 68, 5),
(73, 'Mayane', 'contato@orpp.com.br', 83, 4, 5),
(74, 'Camila Lima', 'registro.carneiro@bol.com.br', 84, 76, 5),
(75, 'Mateus', 'mateus@email.com', 85, 80, 5),
(77, 'Alexandre', 'risas@ibest.com.br', 87, 96, 5),
(79, 'Débora', 'debora@email.com', 89, 3, 5),
(80, 'Rafael', 'rafael@ridv.com.br', 90, 69, 5),
(81, 'Sandro', 'sandro@email.com', 91, 73, 5),
(82, 'Nivea', 'cartoriosaomiguel@hotmail.com', 92, 128, 5),
(83, 'Laís Bartira', 'lais.bartira@hotmail.com', 93, 53, 5),
(84, 'Adriana', 'cri@rondonet.com.br', 94, 77, 5),
(85, 'Euclides', 'euclides@email.com', 95, 57, 5),
(86, 'Roger', 'roger@email.com', 96, 164, 5),
(87, 'Hevelyn Raulyk', 'riprudentopolis@hotmail.com', 97, 8, 5),
(88, 'Dirceu', 'dirceu@email.com', 98, 76, 4),
(89, 'Katieri', 'cartorioarruda@brturbo.com.br', 99, 91, 5),
(90, 'Fauzer', ' fauzer@faxinal.brains', 100, 71, 4),
(91, 'Marco', 'imoveiseprotesto@hotmail.com', 101, 120, 5),
(92, 'Eliane', 'ritomazina@hotmail.com', 102, 42, 5),
(93, 'Ieda', 'crimoveissh@gmail.com', 103, 93, 5),
(94, 'Marlete', 'rgijaguarao@gmail.com', 104, 27, 5),
(95, 'Leandra Matos', 'leandramatos17@hotmail.com', 105, 115, 5),
(96, 'Claide', 'registrodeimoveis2pb@hotmail.com', 106, 94, 5),
(97, 'Carlos Henrique', 'oficiomoraes@uol.com.br', 107, 32, 5),
(98, 'Renata', 'criariquemes@hotmail.com', 108, 102, 5),
(99, 'Jhonathan', 'cricorbelia@gmail.com', 109, 65, 5),
(100, 'Fabiane', 'criariquemes@hotmail.com', 110, 153, 5),
(101, 'Clicilmara', 'atendimento@ripinhais.com.br', 111, 23, 5),
(102, 'Sidney', 'sidneydtj@hotmail.com', 112, 26, 5),
(103, 'Flaviane', '2sri@hotmail.com.br', 113, 3, 5),
(104, 'Geraldo Arruda', 'geraldoarruda@gmail.com', 114, 54, 4),
(105, 'Eliandro', 'rialvorada@gmail.com', 115, 152, 5),
(106, 'Fernanda', 'feresteves118@hotmail.com', 116, 93, 5),
(107, 'Haroldo', 'registroibipora@gmail.com', 117, 11, 5),
(108, 'Rafael', 'cri1oficio@hotmail.com', 118, 1, 5),
(109, 'Paty-SH', 'paty_131270@yahoo.com.br', 119, 93, 5),
(110, 'Joyce', 'joycesqr1@gmail.com', 121, 92, 5),
(111, 'Dorilene', 'dorilene@hotmail.com', 122, 112, 5),
(112, 'Adrielen', 'cri1_paranavai@outook.com', 123, 45, 5),
(113, 'Pedro', 'cartorio@srigurupi.com.br', 124, 113, 5),
(114, 'Caroline', 'carolcamilo91@hotmail.com', 125, 149, 5),
(115, 'Matilde', 'matilde.araujo@hotmail.com', 126, 106, 5),
(116, 'Adriana da Silva Batista', 'vilmeideneves@hotmail.com', 127, 136, 5),
(117, 'Adriana', 'adtoliveira@hotmail.com', 128, 35, 4),
(118, 'Angela Louise Venancio de Castro', 'crirubiataba@hotmail.com', 129, 145, 5),
(119, 'Vinicius', '', 130, 30, 5),
(120, 'Maraiza Scandolara', 'maraiza.cartorio@gmail.com', 131, 19, 5),
(121, 'Pietra Carneiro', 'cri.formosa@hotmail.com', 132, 72, 5),
(122, 'Matheus', '2sri@hotmail.com.br', 133, 3, 5),
(123, 'Paulo', 'cartorio@srigurupi.com.br', 134, 113, 5),
(124, 'Adriane', '', 135, 25, 5),
(125, 'Deyla Raquel Corrêa Aires Bandeira', 'ori-lajeado@hotmail.com', 136, 116, 5),
(127, 'Ribamar ', 'cartorio.mateiros@gmail.com', 138, 118, 5),
(128, 'Leonardo', '', 139, 94, 4),
(129, 'Amanda', 'registrodeimoveissms@hotmail.com', 140, 42, 5),
(130, 'Luciana de Lima Trindade', 'lucianatrindade@msn.com', 141, 100, 5),
(131, 'Edna', '', 142, 49, 5),
(132, 'Bruna', 'cartorio.rbs@gmail.com', 143, 172, 5),
(133, 'Ilene', '', 144, 155, 5),
(134, 'Leonardo', 'riprudentopolis@hotmail.com', 145, 8, 5),
(135, 'Rosa', '', 146, 119, 5),
(136, 'Rose', '', 147, 93, 5),
(137, 'Robert', '', 148, 159, 5),
(138, 'Joyce Siqueira', '', 149, 69, 5),
(139, 'Carlos (Técnico)', '', 150, 93, 5),
(140, 'Fábio', '', 151, 83, 5),
(141, 'Stephanie', '', 152, 117, 5),
(142, 'Isamara', '', 153, 139, 5),
(143, 'Lindsey', '', 154, 94, 5),
(144, 'Lindsey', '', 155, 94, 5),
(145, 'Aline', '', 156, 63, 5),
(146, 'Márcio', '', 157, 17, 4),
(147, 'Bianca', '', 158, 110, 5),
(148, 'Diego', 'rgijaguarao@gmail.com', 159, 27, 5),
(149, 'Igor', '', 160, 109, 5),
(150, 'Jéssika', 'cartorioderegistrosta@gmail.com', 161, 44, 5),
(151, 'Augusto', '', 162, 31, 5),
(152, 'Marcela', '', 163, 11, 5),
(153, 'Yuri', '', 164, 29, 5),
(154, 'Satiko', '', 165, 80, 5),
(155, 'Caroline', '', 166, 68, 5),
(156, 'Melissa', '', 167, 161, 5),
(157, 'Polyanna', '', 168, 11, 5),
(158, 'Angelica', '', 169, 161, 5),
(159, 'Zita', '', 170, 97, 5),
(160, 'Daniel', '', 171, 41, 5),
(161, 'Lia', '', 172, 1, 5),
(162, 'Ueslei', '', 173, 10, 5),
(163, 'João Paulo', '', 174, 46, 5),
(164, 'Ana Carolina', '', 175, 82, 5),
(165, 'Daniel', '', 176, 63, 5),
(166, 'Rose', '', 177, 93, 5),
(167, 'Susane', '', 178, 172, 5),
(168, 'Ana', '', 179, 67, 5),
(169, 'Mariana', '', 180, 122, 4),
(170, 'Robert', '', 181, 10, 5),
(171, 'Matheus', '', 182, 44, 5),
(172, 'Laiza Brito', '', 183, 118, 5),
(173, 'Lainara', '', 184, 124, 5),
(174, 'Lucas', '', 185, 23, 5),
(175, 'Adriana', '', 186, 59, 5),
(176, 'Greyci Zanatta', '', 187, 41, 5),
(177, 'Leydiane', '', 188, 139, 5),
(178, 'Romualdo', '', 189, 61, 5),
(179, 'Higor José', '', 190, 152, 5),
(180, 'Adriely', '', 191, 60, 5),
(181, 'Manu', '', 192, 43, 5),
(182, 'Vanessa Nocetti Ceroni', '', 193, 45, 5),
(183, 'Elisandra', '', 194, 11, 5),
(184, 'Kathe', '', 195, 67, 5),
(185, 'Alex', '', 196, 125, 5),
(186, 'Camila Lima', '', 197, 173, 5),
(187, 'Elker', '', 198, 9, 5),
(188, 'Ana Júlia', '', 199, 173, 5),
(189, 'Rafael', '', 200, 52, 5),
(190, 'Patricia', '', 201, 76, 5),
(191, 'Ilana Karla Araújo Dias', '', 202, 33, 5),
(192, 'Rodrigo', '', 203, 157, 5),
(193, 'Fabiola', '', 204, 23, 5),
(194, 'Aline', '', 205, 103, 5),
(195, 'Luana', '', 206, 39, 5),
(196, 'Cristina', '', 207, 157, 5),
(197, 'Claudinei Oliveira', '', 208, 165, 5),
(198, 'Diego', '', 209, 118, 5),
(199, 'Ludimila', '', 210, 145, 5),
(200, 'Thaís', '', 211, 43, 5),
(201, 'Patricia', '', 212, 138, 5),
(202, 'Anderson', '', 213, 26, 5),
(203, 'Tâmara', '', 214, 3, 5),
(204, 'Roger Nentwig', '', 215, 13, 5),
(205, 'Jéssica', '', 216, 5, 5),
(206, 'Sebastião José Duarte Vieira', '', 217, 174, 4),
(207, 'Alex', '', 218, 140, 5),
(208, 'Josilda de Souza Tavares', '', 219, 141, 4),
(209, 'Dannyeli', '', 220, 154, 5),
(210, 'Claudia', '', 221, 81, 5),
(211, 'Silvia', '', 222, 27, 5),
(212, 'Jessika Kattaliny', '', 223, 44, 5),
(213, 'Catiane', '', 224, 43, 5),
(214, 'Kassio', '', 225, 32, 5),
(215, 'Giselly', '', 226, 68, 5),
(216, 'Thais Jamile', '', 227, 80, 5),
(217, 'Marilha', '', 228, 55, 5),
(218, 'Larissa Lafuente', '', 229, 36, 5),
(219, 'Camila', '', 230, 110, 5),
(220, 'Daniela', '', 231, 52, 5),
(221, 'Jaziel de Souza Oliveira', '', 232, 22, 5),
(222, 'Katia', '', 233, 41, 5),
(223, 'Douglas', '', 234, 93, 5),
(224, 'Valdineia', '', 235, 155, 5),
(225, 'Elaine', '', 236, 80, 5),
(226, 'Misleny', '', 237, 120, 5),
(227, 'Samara', '', 238, 19, 5),
(228, 'Adryelle', '', 239, 161, 5),
(229, 'Dieferson', '', 240, 165, 5),
(230, 'Renato Henrique', '', 241, 85, 5),
(231, 'Rogério', '', 242, 7, 4),
(232, 'Reno', '', 243, 16, 4),
(233, 'Daniela', '', 244, 46, 5),
(234, 'sedineia', '', 245, 75, 5),
(235, 'Adão', '', 246, 93, 5),
(236, 'Eduarda', '', 247, 128, 5),
(237, 'Natalia', '', 248, 58, 5),
(238, 'Juliana', '', 249, 11, 5),
(239, 'Karin Ramalho Pereira', '', 250, 162, 5),
(240, 'Claudia', '', 251, 13, 5),
(241, 'Cátia', '', 252, 152, 5),
(242, 'Conceição', '', 253, 27, 5),
(243, 'Bruna Sant\'Ana', '', 254, 22, 5),
(244, 'Vilmar', '', 255, 134, 4),
(245, 'Angela', '', 256, 121, 5),
(246, 'Helton', '', 257, 3, 5),
(247, 'Marcia Latreille', '', 258, 69, 5),
(248, 'Claudia', '', 259, 41, 5),
(249, 'Tayana', '', 260, 54, 5),
(250, 'Rosangela', '', 261, 6, 5),
(251, 'Matheus', '', 262, 35, 5),
(252, 'Jorge', '', 263, 98, 5),
(253, 'Gary', '', 264, 15, 5),
(254, 'Raphael', '', 265, 175, 5),
(255, 'Queila', '', 266, 108, 5),
(256, 'Rodrigo Pimpão', '', 267, 149, 5),
(257, 'Gisely Zavacki Folador', '', 268, 2, 5),
(258, 'Francielle', '', 269, 18, 5),
(259, 'André Veloso Machado', '', 270, 53, 4),
(260, 'Tássila', '', 271, 165, 5),
(261, 'Rose', '', 272, 81, 5),
(262, 'Luciana', '', 273, 71, 5),
(263, 'Ana Paula de Freitas', '', 274, 76, 5),
(264, 'Mari', '', 275, 176, 4),
(265, 'Juliana', '', 276, 25, 5),
(266, 'Ana Carolina', '', 277, 42, 5),
(267, 'Marcos Moretti', '', 278, 8, 5),
(268, 'Rogério', '', 279, 15, 5),
(269, 'José Carlos Venâncio', '', 280, 58, 4),
(270, 'Paula', '', 281, 49, 5),
(271, 'Karoel Winther', '', 282, 9, 5),
(272, 'Jhonatan Ribeiro de Souza', '', 283, 25, 5),
(273, 'Loraine', '', 284, 108, 5),
(274, 'Bruna', '', 285, 30, 5),
(275, 'Gecimá', '', 286, 113, 5),
(276, 'Angela', '', 287, 68, 5),
(277, 'Osinete', '', 288, 85, 5),
(278, 'Bárbara Picollo da Rosa', '', 289, 43, 5),
(279, 'Hugo', '', 290, 91, 5),
(280, 'Elza', '', 291, 18, 5),
(281, 'Suelene', '', 292, 114, 4),
(282, 'Mônica', '', 293, 42, 5),
(283, 'Elaine', '', 294, 15, 5),
(284, 'Marcos', '', 295, 11, 4),
(285, 'André', '', 296, 163, 5),
(286, 'Roger', '', 297, 11, 5),
(287, 'João', '', 298, 48, 5),
(288, 'Gabriela', '', 299, 165, 5),
(289, 'Ana Maria Lopes', '', 300, 77, 5),
(290, 'Fernanda', '', 301, 64, 5),
(291, 'André Henrique', '', 302, 50, 5),
(292, 'Janete', '', 303, 83, 5),
(293, 'Ricardo Cesar Camargo', '', 304, 25, 5),
(294, 'Evelim', '', 305, 48, 5),
(295, 'Elaine', '', 306, 176, 5),
(296, 'Carlos - Técnico ', '', 307, 23, 5),
(297, 'Jolise', '', 308, 39, 5),
(298, 'Priscila', '', 309, 42, 5),
(299, 'Edilaine dos Santos', '', 310, 41, 5),
(300, 'Marlene', '', 311, 59, 5),
(301, 'Dayane', '', 312, 77, 5),
(302, 'Jane', '', 313, 126, 5),
(303, 'Jossy', '', 314, 156, 5),
(304, 'Eliene', '', 315, 112, 5),
(305, 'Fábio', '', 316, 70, 5),
(306, 'Naiane', '', 317, 10, 5),
(307, 'Paloma', '', 318, 2, 5),
(308, 'Patrick', '', 319, 92, 4),
(309, 'Adriana', '', 320, 110, 5),
(310, 'Zaida', '', 321, 113, 5),
(311, 'Fernanda', '', 322, 173, 5),
(312, 'Renan Costa', '', 323, 167, 5),
(313, 'Matheus', '', 324, 33, 5),
(314, 'Alan', '', 325, 103, 5),
(315, 'Leno', '', 326, 119, 5),
(316, 'Anderson', '', 327, 163, 5),
(317, 'Marcio', '', 328, 17, 5),
(318, 'Mariana Lugaresi', '', 329, 92, 5),
(319, 'Patrick Gasparetto', '', 330, 92, 4),
(320, 'Aruana', '', 331, 86, 5),
(321, 'Kesley', '', 332, 14, 5),
(322, 'André Henrique', '', 333, 37, 5),
(323, 'Ricardo Hiran Pelissari Rizzo', '', 334, 14, 4),
(324, 'Camila Sala', '', 335, 55, 5),
(325, 'Maiely', '', 336, 19, 5),
(326, 'Alliny', '', 337, 112, 5),
(327, 'Diego', '', 338, 154, 5),
(328, 'Jefferson', '', 339, 159, 5),
(329, 'Bruna', '', 340, 80, 5),
(330, 'Camyle', '', 341, 110, 5),
(331, 'Fernando', '', 342, 121, 5),
(332, 'Matheus', '', 343, 10, 5),
(333, 'Sanny', '', 344, 61, 5),
(334, 'Dorvalina', '', 345, 14, 5),
(335, 'Marcelle', '', 346, 61, 5),
(336, 'Charles', '', 347, 94, 5),
(337, 'Juarez', '', 348, 99, 5),
(338, 'Erika', '', 349, 82, 5),
(339, 'Taís', '', 350, 6, 5),
(340, 'Adriana', '', 351, 63, 5),
(341, 'Roseli', '', 352, 42, 5),
(342, 'Dieferson', '', 353, 156, 5),
(343, 'Maycon', '', 354, 91, 5),
(344, 'Enio Augusto', '', 355, 59, 5),
(345, 'Marcelo', '', 356, 110, 5),
(346, 'Gustavo', '', 357, 54, 5),
(347, 'Karen', '', 358, 154, 5),
(348, 'Danielle', '', 359, 164, 5),
(349, 'Fernando', '', 360, 54, 5),
(350, 'Mayelle', '', 361, 54, 5),
(351, 'Artur', '', 362, 165, 5),
(352, 'Marilza', '', 363, 111, 5),
(353, 'Paula', '', 364, 69, 5),
(354, 'Cleonice Ribeiro da Silva Lara', '', 365, 18, 4),
(355, 'Paula', '', 366, 77, 5),
(356, 'Victor Borges', '', 367, 26, 5),
(357, 'Neilson', '', 368, 48, 5),
(358, 'Zequiel', '', 369, 157, 5),
(359, 'Luci', '', 370, 166, 5),
(360, 'Heliton', '', 371, 89, 5),
(361, 'Rosimara Squinali', '', 372, 54, 5),
(362, 'Catiane', '', 373, 54, 5),
(363, 'Brainsoft Sistemas', '', 374, 177, 5),
(364, 'Rodolfo', '', 375, 6, 4),
(365, 'Renata', '', 376, 161, 5),
(366, 'Vilmeide', '', 377, 136, 4),
(367, 'Sandro', '', 378, 117, 5),
(368, 'Lessandra', '', 379, 3, 5),
(369, 'Yurik', '', 380, 9, 5),
(370, 'Gabrielly', '', 381, 41, 5),
(371, 'Luciana Richa', '', 382, 55, 5),
(372, 'Rafael', '', 383, 128, 5),
(373, 'Maicon', '', 384, 98, 5),
(374, 'Rodrigo', '', 385, 154, 5),
(375, 'Carlos', '', 386, 145, 5),
(376, 'Jessane', '', 387, 166, 5),
(377, 'Flavia', '', 388, 69, 5),
(378, 'Klinger', '', 389, 18, 5),
(379, 'Leandro', '', 390, 68, 5),
(380, 'Aramis', '', 391, 31, 5),
(381, 'Adrielen', '', 392, 45, 5),
(382, 'Amanda', '', 393, 154, 5),
(383, 'Franciele', '', 394, 3, 5),
(384, 'Gian de Souza Novaz', '', 395, 5, 5),
(385, 'Neto', '', 396, 135, 5),
(386, 'Edézio', '', 397, 31, 5),
(387, 'Mário', '', 398, 110, 4),
(388, 'Karina', '', 399, 8, 5),
(389, 'Luciano Alves', '', 400, 167, 5),
(390, 'Robson', '', 401, 62, 5),
(391, 'Danielle', '', 402, 5, 5),
(392, 'Guilherme Oliveira', '', 403, 10, 5),
(393, 'Eliandy', '', 404, 75, 5),
(394, 'Fernando', '', 405, 56, 5),
(395, 'Douglas Rodrigues', '', 406, 151, 5),
(396, 'Francyeli', '', 407, 161, 5),
(397, 'Thais', '', 408, 153, 5),
(398, 'Wully', '', 409, 162, 4),
(399, 'Fernanda', '', 410, 67, 5),
(400, 'Gilberto', '', 411, 15, 5),
(401, 'Valquíria', '', 412, 161, 5),
(402, 'Bianca', '', 413, 19, 4),
(403, 'Márcio Cesar', '', 414, 123, 5),
(404, 'Taila', '', 415, 16, 5),
(405, 'Ricardo', '', 416, 167, 5),
(406, 'Evandro', '', 417, 3, 4),
(407, 'Roberta Petri Vieira', '', 418, 166, 5),
(408, 'Jonathan', '', 419, 154, 5),
(409, 'Diarle Lucas Medeiros', '', 420, 8, 5),
(410, 'Nicleide', '', 421, 149, 5),
(411, 'Jana', '', 422, 110, 5),
(412, 'Robson', '', 423, 61, 5),
(413, 'Luciana', '', 424, 80, 5),
(414, 'Diogo', '', 425, 79, 5),
(415, 'Taciane', '', 426, 42, 5),
(416, 'Joelma', '', 427, 106, 5),
(417, 'Camila', '', 428, 79, 5),
(418, 'Mari', '', 429, 59, 5),
(419, 'Marina', '', 430, 41, 4),
(420, 'Ana Paula', '', 431, 54, 5),
(421, 'Cristiano', '', 432, 91, 5),
(422, 'Susana', '', 433, 63, 5),
(423, 'Nethânya', '', 434, 31, 4),
(424, 'Grasiela Ramme Machado', '', 435, 117, 5),
(425, 'Erica', '', 436, 85, 5),
(426, 'Verenice', '', 437, 13, 5),
(427, 'Gabriel', '', 438, 23, 5),
(428, 'Géssica', '', 439, 41, 5),
(429, 'Mariana Novelli Rigo', '', 440, 39, 4);

-- --------------------------------------------------------

--
-- Estrutura da tabela `credential`
--

CREATE TABLE `credential` (
  `id` int(8) NOT NULL,
  `login` varchar(120) NOT NULL,
  `password` text NOT NULL,
  `b_salt` varchar(80) NOT NULL
) ENGINE=InnoDB DEFAULT CHARSET=latin1;

--
-- Extraindo dados da tabela `credential`
--

INSERT INTO `credential` (`id`, `login`, `password`, `b_salt`) VALUES
(1, 'grcbrain', '0d1b69c834a7cb8fd222090216c1b5dea47700f0686b5003d25a9ccb0f5a0e77', 'FjzoMdOKbohJZOreRNaU'),
(2, 'fernando', 'fff188bb8f03a04944fd5c6469d67e21b43fa2ed744638a5c0ecdc8df5dfcb95', 'uZG95JyvnPfT5BmNUPeN'),
(3, 'rodrigo', 'a21be1a53fb977399428e4e2a4a562b918b23efdf2bbec667b6130c2a363d342', '7l1iq7f60kIsjsV9rKrk'),
(4, 'camila', '02453730b9b95c2e6ef3d8cf4e6c7163196bde74a18f156470c6df0884b3d841', 'UyMkXc1TWIfUZfUKTKXo'),
(5, 'teste', '0d0b162df78f783735988f6ea45f0ffc5d44c21dc69774002c9cac4b3909b97d', 'sRipILmtT2v9Ga7Z27nt'),
(6, 'eliane', 'dc295267dbb5556654c0fd9ae93376a1cea381f00ddc456aaf2fa85116aeeeaa', 'BOATior3Q7SWFaMR6nSZ'),
(7, 'alex', '84c8e4546e39fefad96cf582bc06ae299f044f8e8cb444e7bb5982b210546042', 'HpaniUPW8H0U2tyTuvvX'),
(8, 'eduardo', 'a1274da86ca3d4bcbb6a3240edb5a653105c9bb92f8df5ec690b68b008116ac6', 'ysBLkt7fo0v2OfyYehJ7'),
(9, 'filipe', 'a86d3c4b1ffb94d0eb6461e305001a9d3f15903c87f7c71c7ee7487983eb7578', 'CQjapxEocMsaJPNuZmt2'),
(10, 'rafael', '76cdfe5b6af3accb25b5c9e24c83bca144bdb9e7b123bf79c2f108ad7a973452', 'CJiXQifjIaYLBVOqbXdZ'),
(11, 'alcindo', '1aad55ef3ae70f2148a8450c827599e2d9af6ff11d0ef079dc70e7ed21d8d78d', 'tiruce6pSaddweisnoGZ'),
(12, 'Irton', '5b48a2583522b0bf157c7195edabbfd0b148a95223447f55663484f7fa72c350', 'aHNQttHWm8cUOrYwv4wr'),
(13, 'Vanessa', '32cab0c0fb9dbe124f6d811aa51befa95600905243caadfe21abb57c8c316d84', 'fS5yFb5XcQbnaDH9bsat'),
(14, 'André', '486be2a5ad2f1f8d2a181ced9e0d15a62774bd1f2ecb48c36783a089f97402bb', 'KNM5IvOiqnssfFGIpMrG'),
(15, 'Jamille', '1860d8ea91e1851bfeadbcbcca1f4fca43b3eea9e4eb796d7f086fe6f5b0fea8', 'WMimGZITLyvbOiAycdm8'),
(16, 'vania', 'b0a8f4d370bc38e5c38f819fbf35f2799ccc3cb46ef07c1480349e3728656a29', 'uGJ1JdLmmV4rys4MsYJf'),
(17, 'marivone', '02177522c5802dd0d3de05e8447f08ef071c846a2ae8657d74365638c7c52700', 'r2ifUqEAEosQy5FrfMNs'),
(18, 'murilo', '24fedc2c1578e8a753887d135044fdb59b26355d5fddc45bea46dbfa7b349858', 'coQnWWIYxQ9RC2VduUx8'),
(19, 'adriano', '6cbe9a62873f0f4a42007149bf9492394a4e5cb3515e8570a0a19608dd631c1c', 'rc3EsyIa4UxglpRtPQJu'),
(20, 'evanize', '83a130a2263de53493c1cb88251f4e66fb4e4f711ef604a37b7438cb70fc3336', 'PPufDDAtvnPk5uWJbxvi'),
(21, 'lucia', '4777ad7f071354b4f05f8a6cf1117f33a79cc09a31fcb1ef815b5e557edc0720', 'fTQ95zrYfJEsz2tCZeSv'),
(22, 'cinthia', '05f97b626f24cefdbaec9ece7335fccde755a78811d427097b0ff8a77ab16eba', 'okot72rzDlmwis7DtefJ'),
(23, 'elianeT', '410ea68c4229fa7414503293de5d790cf6d5b6e5d84749893af92e181286bc06', 'VO4w9WLQRjff0Kkp7Fmd'),
(24, 'rodrigoUberaba', '5912f2d60e611965d977659d90da7205a7afc1f8cdb196eba5aa231a15b34571', 'lKiZpQ5Tr8Tm6Xa7aqTv'),
(25, 'alessandra', '465f31bfd610424923a4c12e1b1cd6453bd5efc5bd4969b09134060412243782', 'nSeoETnIGsVraf4C8iOi'),
(26, 'luciane', 'de15da57d1e0821ce17601d53e59c8f83f554ab780cf59bec30bba27e6533da4', 'nhGbifdYpXuTYK1qFCJG'),
(27, 'caroline', 'f724ed998d508d3d7661c6044f34e57fbbff9844799377b8b05dbba4179676a5', 'tfYrYJpDlYREGJjOt2W3'),
(28, 'dayane', 'da93975649551bb0ebccfdbf45aedd44be916f03253b00dedea8f9840d322f92', 'qGsoZ2WkknrSxSil6Woa'),
(29, 'adriane', 'c631764b246396930c2f760ad6e2f3fd309f0fd981d32efe1897120242208fc3', 'rufUO2EVNtJ4b46njqkL'),
(30, 'petterson', 'e42d8ba386d1a6f67915d97c07d8288810894196cea7ca856ed89c4bad491f9d', 'tMXn1ypOKUag1s3zzhh7'),
(31, 'adriana', '4c3c3787c0f11842f4d5f2727d424b761d049abf75e561ae00632613c2e04bdd', 'ZhqniknlIBpd8OCxRID0'),
(32, 'marlene', 'b7411fb81be763a324061675454d9ef040e32e70c769731dbb6610c26b2d193e', 'vBbUIbDNEgYisbgs2Vlu'),
(33, 'audrey', 'd581b0bf340000fd4b1ce842c74955212506d1bff0799884ca8234ef6ee49065', 'iPO23GnrVmsba2virnUl'),
(34, 'arielle', '8ed818b94a5cb36df60ee203949609c32b7b7b4292d11854788c408c3bfbb2ba', 'MJTNhNWDmtnoUa06mbWK'),
(35, 'bruno', 'c9b28a52ed326cc41fe865690cf75b8390801cc97ef295237b44a8243b6e4f98', 'VriFBiAZSSHraVCyFrod'),
(36, 'joseEduardo', '50e8e9ae103c32dc1de0fe10ad67b4ce2f8b02a4a7d3454c7905040bde9b5392', 'Tl67c0tiCFvPXELi2iBX'),
(37, 'nicolas', '56bc577de60af74b0888d9fc9d8ed95c135cce9544752407af45ae979aa9e189', 'A8tryxoErhcLawrS7cMk'),
(38, 'jhonatan', 'adf84d4893e174d9d2b6fa31ca6b4c400cc2e7371230a8e8c5ef443d9e1a022a', 'Dkybesm8TluXUEnNnowb'),
(39, 'bruna', '2b9d1f9224703a9c06ed26c366fd2b30abea6773fe5f0cc386b6c17e52e8f0b0', 'SErYqTF8n5kIDguZuovs'),
(40, 'ivana', '83d046719f5528a8a5e83d9a707039ed1638b9e5fce2db7490071b0f1f3a2da3', '1XNs8pgq53sjDuro3no1'),
(41, 'richer', '72ba590e232ff048b2988cbd6ea58c09ea37416ff4ceaac6b7373b9611cdcdd5', 'VrCxlFzajyuamN5Z4Chr'),
(42, 'matilde', '9b422ddc95ea805b3fc8cac85f25e1691ce17fa0456512f74d0fa9a3816a40c4', 'Zbs1jnougTsvnzUnx8rB'),
(43, 'josias', '15f3a0c61e4331f0776fed3c4cedb05af76d656c6571f535bc3ae6275d1ac2fc', 'oWmfqrXNL1oVslg0jTYn'),
(44, 'vaniaAraguaçu', 'df914816b520431883c034e01dadaa18120d6201dce355a95cefb8842ae751ae', 'JkjX4cIn7S2Gc3Vsfd4d'),
(45, 'sedineia', '909088e5386a6138650e6fc2bdf83e3393aabac0d8cfa5bc3fd94b0f3b2ba334', 'ARwwFsxbAoyHChopWNMX'),
(46, 'fernanda', '98433f9e7e15e4ae80144ad9b71e06f74174ee4f897d007d74d97f08f3e81fe7', '6oufc0kgntoXB9tJYc4n'),
(47, 'kassio', '309af9c418b800d256f370f729a3a2aa32bc20b96db8e0c81b74808010d1b681', 'aWYOtTUUVj1hCkoynopn'),
(48, 'nathalia', 'a0eee041799b4b975658b0c65d46b2c26e89e478f222e8113b71322de231cdaa', 'G6LZD2ixA4UlorVZOuAn'),
(49, 'joel', '5d15209b2227a9da3eab42abf96eb10ea389d8ea66ce74a4c69c36986eee4635', 'mz95wal5p6wCnIZ4vjiL'),
(50, 'thaise', '0b77142c96f4baaf13ae24f78f37b90fc8b7e15c7d7144c44af37fb1ad33dcad', 'YRFAr46Cm2jOFZcbN2vl'),
(51, 'jakeliny', '042673a8827c44a825efa18d51f908eca7d429831afc803b8d4bedadb28d3695', 'Mud2sTbvo4ovf8fko68h'),
(52, 'andreHenrique', '47317060da5de9d5734c6cd5cc8423eb18dd65ed4fb09efedcbf61b5bf299fe0', 'tB6tgN10iosIxXaFqSfa'),
(53, 'rodrigomostardas', '9a76eaf1fd8af7f756e4f2eae47b81c7b033bd7cca355213585d2ec3bb9fd90f', '5r9TzEWWMLaojgatoayQ'),
(54, 'valeria', 'cdc1d2a99e6d5ef7c7b8108ee05301f02d8bf8df15e3bbda22a7fda447404037', '4ts3VMSncsvNmR3My3av'),
(55, 'Tuane', '1c187fb0943644ada95f39813cb9e1d6bbbce10bbc6db4842d1283671a96e0fd', 'a85SLqhzWeWVysc9tDdF'),
(56, 'andriesi', 'ff7877331216308c389585c24f46f4e63276a1a2e57f1bf6eaefab645fd019bb', 'STUz6ifZh8mjukRRiSNf'),
(57, 'Ceila', 'a8476ef1cfabe660d4d6bd05edeed11763ae4b1d9522e729ceeca6f031060dda', 'arboNaqYavTfnn07fNKt'),
(58, 'juryelda', 'e4777dbe63603dc88d898f315a227d002f3fed073b1d971d11ccf6d33173c8d6', 'LXsg7vWpV6HbsXb8Ot1p'),
(59, 'cristina', '6df65b56249a7af287428bffcc0d2edc156394fbf10b4c26a12750eca6b99cb6', 'zTXMwtciQJezrdwL2iR4'),
(60, 'marta', '866b462e14097fc1268c50ca141ed139127c712a1f40e3295b954197da76bfa3', '9brQZh2asXWqSIFaG6Ld'),
(61, 'marcia', '4a8a3d16602d2f7c2fc0438f3a21fb23aa2195203be8eb765cd8a0a8bb9b64e7', '6F5QZ79ifeeqFfhUkbZG'),
(62, 'claudia', '36f575fe2d760450edef1d23ea873288bb88481b2abdc537352f80f46420a888', 'ttSAbmr8d9tS0d77Ghl5'),
(63, 'verediane', 'efaa5f7fc92e32fe82c1f2d38c67cf5b3576edc29dc3814d9e2c17f4afa4610d', 'srlJZYWCGWLWaofUibGo'),
(64, 'clarissa', 'f2cdaef4e698a7c0bdafd1e6a8b42e0166536fe83651a0a8f0ca0de81617c480', 'D1pbnVs8cHxfFWzqnElL'),
(65, 'laís', 'f9132f8fc087974d88eb37547d7b3dba3d078e2c403c5611aa0a29e78341f0b9', 'SSeoorzvYbkUwwvXilM3'),
(66, 'franciele', '5327ef99326911ec996e1978a04d5985117bba587ae15074addd6e1ef0e64742', '2GgGis0srTG2r6dxytoy'),
(67, 'thayna', 'c608ef01516eb1134caecd4ecadb7a12b38b991f9c23bd1ae7aa9a5a2bf9d5a7', 'JHiatmf8FlppjJZtow0s'),
(68, 'neusa', 'c9973bd902901cc6a045f68dc0fde8943c07a765305628de1a3529bb326b8ab8', '8mtffSLpbranlsfeWr2b'),
(69, 'lukas', '710a94402b5cd33f5b829259aa853c24ecde99582154bc889a8c94b0a5f4db7a', 'sHXAaoFS360w3flwaXmo'),
(70, 'lukas1', 'f2c67389f31f5677a98f202da7ba64f8054ee8d09411ef6eb4b178414a4ff5f1', 'JEoySIpL5VErsfO7jGYe'),
(71, 'fernanda1', '3d270df5e11fd55e6f9a15a8c9930a7ca1f10b392f465f9a4e49135731b04107', 'iOiS9P4Jpc8yrCaHnapD'),
(72, 'nilva', '614e3a159521428ff4dfa85c6359bbeb3a4cd6e3a3fa1bc97f62a774cbb0bc7a', 'aGkB9RgYbKG9VzToDOI1'),
(73, 'marcos', 'f31190a2d9b0d901902061a0fce8edb72b352d1bc913daf1a76e766af77d66b7', 'aYxPrs1sxVhw8861pVa8'),
(74, 'andré cambui', 'faf3da28b7762f126181012d8a3729c86e2818b102941e142de137af0fbfd5ce', 'egsCEf3a7IawlNZMdfX4'),
(75, 'ially', 'b2cdf510f42a2b81ea98f19d6dea8210ad8682ab33359582c69e13164497be3a', 'um5Jx9bMICcoK11T1jjo'),
(76, 'tay', 'bf7ada8378e84ec434e6a87acea06ec45eae5ce4587dfbe5e3d401458abad92e', 'gxqLqtTgtCfceupXK4Px'),
(77, 'gabrielly', '61f8e9ba632cb5456d1d04854785e9820603ebec20d0f4ce261d1de275c6365b', 'rVaBAxjpRoD3bryduohj'),
(78, 'edson', '656e6fff7dff30adfae8db14b4e6e8bd9815f9f2242ff572e0db207264971fe2', 'W9AKnDygRidEanMVeaDt'),
(79, 'angelica', 'fe7425c5f3fef85a852e1dd87e24b2df63d3472e100bfb78c65efd9042560e22', 'HtzafiSV2xuvvYf2iqcf'),
(80, 'anne', '7492116053af4713d62fd735ab694d73c39f6e0ae356c40b7e55398b832a9337', 'Rnii2JoYPIcFreAqsTpE'),
(81, 'anasms', 'beb22cc1a6f885a7b5a16f723a8037f9857a863a113afcffe9180f97c02bc224', '9isnPpoawaaPHsSeaixY'),
(82, 'suelen', '74700a7984beaf94d976e975f5184f09d05e3e18faa31903940b6a68aa2b8d29', 'x99Kh7rAb0taoILz8yNo'),
(83, 'mayane', 'd9af326d6af2303458592eb0e62d7a4be3fb4df3f96de4c3cf73d8227db1d33a', 'kcrhpDbBiRqyFJHLCYpT'),
(84, 'camila lima', 'f650eb1000ecb691f7e99d6f76f765c9e7dc3c8755d036f2b1dfebe3527e858a', '7n4ne2Z8EpqthcBPR6f9'),
(85, 'mateusmaringa', 'f181b58ec01cc41cbeebbba4f02d4cc09e5685133dd73b8d165f2715b98b0c47', 'iiRnrc7CBijBtlIaNaqH'),
(86, 'alexandre', 'd0c28dcc2832ab0d7636352848f9fe0ccbab7de6a74e4d6d7e9c1745b4355ebf', '9oM5rYFfrp5CXSEjjaeX'),
(87, 'alexandre santo', '6a1b25fc7e3bb70848a547fdc75596aa3b81d51246f7e001a29300ab7f215cf0', 'Un2T6b3oUHiRo1WjmF6n'),
(88, 'debora', '770f939bb57d6a9352d866e9befde8912851fa9d64e14bae0894e76c97e3409e', 'c2v6YXNDSear91XwbOHo'),
(89, 'debora2guarapuava', '37c3af8c7aadb5242a2313d83794bb35f0fa9d29efd337f283d6ef33ff461722', 'nxMLvn0nR4TsgMOVdasZ'),
(90, 'rafael_doisvizinhos', '82d89e4b6d443488ca790715b31e294c88c543dbf61074ced80bd68cfbdf24bd', 'Xltw68vFeEzeKkJpMkoE'),
(91, 'sandro', 'de3c8a0b0f461978fbf4b597a8c90df7619e1c78fdf6997ecbaa5eb35c647c12', 'oy5317yhxQJD5FoSVZus'),
(92, 'nivea', 'f490e86c1699df4c3a7bd9b3735accd836feafff644063b8d794a607b7860b5f', 'm1ANk8StJtKW697eSv19'),
(93, 'laisbartira', '3380e406fcb39a94c3a9a0160f8f9e26293d79ecbd983faba5cf98e3e8d8aa3a', '8tcsbKs5ghGRjcnOrWWP'),
(94, 'adrianamarechal', 'c47ac0750f54647240f88aa7de4e8aa55a499a40953cabdfae08329bacd4d82d', 'zCdhAoTWxfWVd33qXfwf'),
(95, 'euclides', '81b8b4c1de9926396a84d9c4acac834475a4927bc714d68b147970c646a1d36c', 'CBcetHnabqazCGg7Trss'),
(96, 'roger', 'bc4322fe01e0251f96d313c0fd391cd6514d0295c07b89975be5d9622a169604', 'wcaa1X4z2SzbKxQtsVmU'),
(97, 'hevelyn', '35308f27402970d07354d7ce87286a66d43b2b19c3f24d43d1ad4eb2da7d35bf', 'GZNoQv6GJ8kIa1SU4tAF'),
(98, 'dirceu', '8d4ec6163524274e351ffdaac8c5bb35711e13c1615057de19b762f8d97775e0', '5IrSXsWPtMuUIURdB8eX'),
(99, 'katieri', '52c380bdbef88b41d8b899bbc73c565cab361491f35bccad25c7b2c8c21cf193', 'GZciaHY48SVyngi3eYa3'),
(100, 'fauzer', 'fcbbc0a42a62a05dbc5b824748c81d47d39aac25b0769157b1c2b6b5a65e1187', 'vOacaajoSjiWhqADozsG'),
(101, 'marcos_palmas', '50e24adb67fe33fa4b55f001c6a024025511246b99c292b6db5a68b26dcdb0fc', 'SOo5V1ZN5Lo7pr4xaSSt'),
(102, 'eliane_sms', '1078f6adf3687a3368900adeb781955914e91417440b04eb183d299ebf23659b', 'QffcOqQcbOJBAQEYYrxS'),
(103, 'ieda', 'a95d4bde308cad77e6b25520f478e6655c8381c7faa409e68d3b3d20857cbd83', 'M5pyEvakvhCoeJx713pv'),
(104, 'marlete', '2b093bc3742b39137775203787fb9963bd6ed61cca70f201823d9d295092362e', 'pVpvfsMdGOawsts8m3f6'),
(105, 'leandra', 'ebdac71b7c1432aebe6e270fc1714141de496ab4d744f58e75f0ad4a17f28969', 'bEPe1rLtiGwHctnSUwRQ'),
(106, 'claide', '03fbe66a15e7264f1df9d6e6999b8de7695582e5c5f6c3df95a4cee068ade722', '8p3GCJZTOGkmniOxTrf0'),
(107, 'carlos_henrique', 'b956aab53cf27ddc38ff9096bdbf4e15fc0be83c23b4e17ba54005766c66c8ae', 'mEy65chKDsgswvTbfS5u'),
(108, 'renata', 'da3cbf222d2ce406c9d2d47bd9c1b70b94b4580bb68264093355b168869f31d6', 'wabrTrMVbpvoOTjvCwtp'),
(109, 'jhonathan', 'd8b98f8c43a8cd5e31337d978af7457b8277f31b3957353c34e043233ea429bd', 'piapxRiabaBaoFyftNEH'),
(110, 'fabiane_ariquemes', '887af07c9619267504a067425f35106b6f85acf081f9d1c0b1aedba413a69575', '9CtGJHagbRio85rlte96'),
(111, 'clicilmara', '22698de74eee535e532cfab0c89bdfe30d7863cd14bd8c633edfd17032623fc0', '2VBuUB8GZoiMYKxY2Aon'),
(112, 'sidney', '886c211dc85591afbd489bcaad273c03ce3ba9f60634209672a4b118570852e7', 's3zIdmqnjGYXGWibgXQA'),
(113, 'flaviane', '8c421fafe8a098e47e194822728fc3696b5139ad06a6c35a72fd2c2ea204dd8d', 'OVzLtQYjrivr59jtQwgr'),
(114, 'geraldo', '0bd7d3a6f2cb71d41f606241ad5b657b08182c92873b9a213e24e33bd56cd8b9', 'vbuZEKsvKLntA1RT3k9O'),
(115, 'eliandro', '3d5b359f59612a51f39f08fb05377d53ef4f5c830ec26481fb52cb8f16a8e1ba', 'GvKZbmtqxN9TaLtuipzR'),
(116, 'fernanda - santa helena', '3b7021b9d53e55d7ff86c9264b70866831e0317afb4d98f8223e167d3bdc2d1f', 'Z6ao8LOf0iaGDSTKLfp4'),
(117, 'haroldo', '0855dbfbb2d4469ee05e9f392e115891b095280cc62fcebb34fed01bb7efe900', 'LPi8ya7jAiZ8ZB8pPvfM'),
(118, 'rafael - 1º guarapuava', '6a5787c64ebfb4dd14366ae6f10335101f35669cbec781e48b10d994c1f64476', 'ps5QgbNigJ7f5wrOm6fD'),
(119, 'paty-sh', 'c76f6379002a843b02d312c75e127a7310c6aecad3829c6d8ad632bc6e183ab0', '2s8SeisbdPtl6dTtkMht'),
(120, 'dorilene', '5d683619ffb50e21f73040eb56819f5132952bb725e8ec7fd40e744de94bcf75', 'aNcaqAR8as3thiRCiJ7r'),
(121, 'joyce', '4806b0b2d693706897616a12bb96ffe2a4ecacfc393ac8cf09d8042470d5032e', '9NaAimGJ58ioGX0tHbiy'),
(122, 'dorilene_guarai', 'be6a4b650ba88eb0ec769e18be29fd219b8674e43d30e47cc4bc1e68d597fb94', '2ZDamn63aaZo1zQGiaZa'),
(123, 'adrielen - paranavaí', '2404fc859ef44121412034d03128b0a85ccd2e3b29ecfec2e19b3dac5d26042b', 'lX8YK6IXLLltwlS1nNK6'),
(124, 'pedro', '3e54dae153cbb2dcd0020124e275daac712d051fd674bb6a279b7c951c670b08', 'q9kfmI3tsruqseniq99X'),
(125, 'carolcamilo', '8cea1c885b061057bd3017ef19a8c9ce2b9ef1b094c8f32fba1bd36cdf687022', 'Ysyz2rtL9fOLhBwG3wo3'),
(126, 'matilde_telemaco', 'fced5a7f210d55c21c6624daee15df3bd795fd48ea7d00d198ce312073163a7d', '6msruMhqV0AgaaW0x4zn'),
(127, 'adriana - bom jesus do to', 'e69eeec3e9b39e92aa08dc8a701f8cd07418af6020fc0a7b36ceb2abb9e806e8', 'Gp3xgarltfOKdsV0jUre'),
(128, 'adtoliveira', '6090f87928f42fb2ff5afb59b5c1bb8937d0b0017574e664730d39193d3bc4fa', '2qDSKeqt4RE5wAecRD6E'),
(129, 'angela', '703c1ccc4234488d1f4964ab47726bcbed61989615f5b463121a6800b320e2be', 'LagcAxNBaNrzmuSivnQP'),
(130, 'vinicius', '751047d4f0591e81377546dacbbf4a71dacbc435c020cb5312699687b03f55a8', 'Z5sWiEuUJGQAW0iQXTgE'),
(131, 'maraiza', '821da626062784f0c6aa6a9f8d8b915a8e517adb03bb782136306c2d35f434c9', 'AVgmeWQjgVsC81U1r2yr'),
(132, 'pietra', '8aefe24d8fc3b870435c0b515da5d123c6b899e59199d2e83523e6448b670839', 'Iwd9mCzttJ29uVM4Z7kn'),
(133, 'matheus', 'da7a113331206ab0a63426ad38458e4c453fe6aa6f23c8160bbb5cffdc9545b3', 'EDM8qimsjtRk6ygcJaat'),
(134, 'paulo_gurupi', 'da9bb5d7625ae1093008ae5c03448516458a67ecd40235644c4d552589ce19ea', 'iawGuUTdZFtVSnnpaflU'),
(135, 'adriane_laranjeiras', 'f7308f7eaf04c233fe914a0967c8a5e094cd0a65060d5a6f226c59ecc2a4ce3d', '2ffcglY6DklafyV6TkLr'),
(136, 'deyla', 'c71247bf95cbeaef210862c84f91b70d7a26174132a08254f7854afbb4b79523', 'bpmihnAc9g5NNQRXUUbS'),
(137, 'ribamar', '97cf74d99325def3291b6c915593c8c96a15d6742efe0f32bc92e71e1c92714c', 'koY4r8msUNI0kMayL4Xm'),
(138, 'ribamar - mateiros/to', '5a93c3c61bad4fba5c0082b3f72de294397b4a0c1663fb8cfff373a61273bf46', 'BBbg4IAf7BBQpDdr4HRr'),
(139, 'leonardo', '7f120d43aae46f11a25ff58ad809486f4d1d2eeb80f2773a5bb45799d77c063a', '1PicK7sfBtGs2rzCt3WW'),
(140, 'amanda', '0e01b97e0abea57c0bffeab4fe4a4513eed12921d58a90923649ddb00ce262e7', 'Z1eTXJlfoLxx5iUcxkXb'),
(141, 'luciana', '724ba8cfcc04551479e70f602a6d28399a65e8bad2aeb1803639a24ccf2ac539', 'jC6lAnI3xp3wxzetiOVS'),
(142, 'edna', 'e3e7bfdd907f42a8841cb5ab828f54eda4158d3494f7f33c02118e0cc2e69888', 'dZFuaoEmncnJEzmmbrnC'),
(143, 'brunarbs', '2b34c80a4e379bfc4ef59f4b1de6a7396495105fcfca7c339de8ec191da5be1b', 'rhyPoY5JagXCcaE5Ny3B'),
(144, 'ilene', 'f770b95939079cef666b57d1d9ecdbe8e2d48e900167b89d4915da991b7b9c27', 'JZRsKo78bBP2WcqU0hlC'),
(145, 'leonardo - 1º prudentópolis', 'a1a6ccfe28008b5f1f93b3dc012e5cb2e1275e2857229ec00c20b1974b26a5ab', '1uL44tKWrxs1CHbNHot0'),
(146, 'rosa', '069f0af7426d979eca57585cfab1b6d8ec785860cbeacdf7cbadf5d2d6be1b76', 'DMwaGKiRGAzoaxervOUf'),
(147, 'rose', '51d01c24968a61cf1e096a72fe40181d551670a460fb80005a6dadfcc0ba215f', 'xMpaaasDIYvjL3Y2i7WA'),
(148, 'robert', '0363edc4ec92cbc5d311d62b349971aaadb52cc37c8dc32ed403e191e24c2d57', '2YPtInS5gidgiHx10lfr'),
(149, 'joycesiqueira', 'a8f64ae5fa2e3173885dcbadc789449d73fd9ae7b94ab525c82540d311865170', '6Y1VNRieyauRXAafbP7S'),
(150, 'carlos', '33a7d667f6b83fff83b3f1b89b17813df11fdbd87a9be90e687e3fc860fb03b0', 'g4aC60arYjfVdq41Npf4'),
(151, 'fabio', '1961bf7479775adb236617c9f04863bb37793f5ba4998bf91d431b291215a69c', 'BDQ9noEHtKKbz48WrmAG'),
(152, 'stephanie', 'dabd81e3468d04b6196e670f9eff38d91c9560f42a638279faae9415ef4bb4ba', 'CT9Ir5aVi0jTxZafSVhp'),
(153, 'isamara', '19fc47e4330345bf7afbcd50d06a92f061b47f96495c6ac6d7eedb8f95629824', 'shIUia2CJ0MDjscAEMpE'),
(154, 'lindsey', 'eda65cc117b3f8cd7e06c7394d7b6da3340e2d8fba906306bda812f68c38a308', 'RVzyh0iMa9akjv02lint'),
(155, 'lindsey', 'c5dff055f252f5163aa4034555981ecc1a8e5a4f3850ecc2e80c980be2efa678', 'OhyNz4PM0rmAAe9Kdrax'),
(156, 'aline', '21fd189c7016961eb78f8a0e528361480b3d1ac131b91d20f8363817ef8ce0d2', 'CAN4FWWQkxHXYjOm6D23'),
(157, 'marcio', 'd2b8040089f005d3b586fb02f1562c21606a83ceb4bf0baa36ff58fd259322c8', 'UPNyI9tKOQWavqB3rcQl'),
(158, 'bianca_uv', '53b0ec04a78afce11e1e698bdd75c8a82715c2fcc14c40c4da0a410056c7b7a3', 'TbTD36LlF1oJk8qyGiTw'),
(159, 'diego', 'a557960c79507d9ceee019bc06e19cdf2f055a470250c18091bf96d94f3917d8', 'jn1oloratrpWjrp9Gc3U'),
(160, 'igor', '6be65bff831703fca6984f443f11f26fa141e355d5be9e41437b93d0dcdc0e5c', 'bI9MF8RSDgXQowLdUoxv'),
(161, 'jéssika', '156044a5a0d49fd4cd06f0ad2d2c19531c05a159f667c5d36e7125ef9c35c266', 'BanoIa7gtaPjwNuat1hD'),
(162, 'augusto', '3a9370cda6c6f23bbc83b17020890369add79af4757100b98d6fa2607bb4f3a3', 'qdQbgAf3CLSDoKOgbpCD'),
(163, 'marcela', '93af7bcafa1596f3abb1c7540dea41dc04fb32c0797429335b0111f5a4f92714', 'P2sZkfWawTPrvNiubzYk'),
(164, 'yuri', '7fd65a5a968d2858f376df0aa456687166d74df8795d17a444c87af37e2f6d0a', 'Fa0JWwt56Nu53Ca714Cb'),
(165, 'carol', 'c6d185c4a48a57db563cb247efd773994d86f84fd8f925b4765ec2a867833d8c', 'Ma8o4XiFtMk4tMU5yu2y'),
(166, 'caroline_curitiba', '112182e3a160e9cc524609f93e1f10d417b8004696c33ef4ae50917918b3a32e', 'ZrdbGL92fCb4hwdBgjwH'),
(167, 'melissa', 'a24afc43fbd32640aa9568779bdb367357880359d6c4f4028f23ae8d10465a5c', 'iVtC60Z8nM9bdvWnlpad'),
(168, 'polyanna', 'bd2b56cd3a8797d897204621771760ae4edddac88c000411c917b5a608563351', 'cXsyA5iGBYbC9pJCosxs'),
(169, 'angelica_jiparana', 'f4cf32e581ceb144f9902a3894f11b3c73193fccc2d05ef8bd258fdc21cbf217', 'skwazmlL8drADksbnDCK'),
(170, 'zita', '8f5d2dae110fcd6ed65fa12cddd34e333bf2877f6cd33508226098069a5d9b8e', 'fvTPAS6CrWfCehW9pdmC'),
(171, 'daniel', 'a714cb323cd197beed5ec523ce6347bd7657c9fde40b80b8442fd92326217f60', 'JxnNzuM2acjyFrNSfX69'),
(172, 'lia', 'cd8c67ad121aa213f5f6d3d3c54dc06cab6c1aee3ae4a9349a9ffdf0e674c435', '31WffGSpLbn8FIF1Ueoc'),
(173, 'ueslei', 'df6bd7f470451842f51a4b2fdcf6e554a7ef91e5f948264af5abbfe74c20fba5', '2WafLB5L3FogiAHfPUNa'),
(174, 'joão', 'a92384908887f1d6883efaccae3d2ccf8cf44fa1d5fb047b8c1ba4b81c1dbbff', 'Ivzzi2bfjtK8hoO7lrFt'),
(175, 'ana carolina', 'd137c4a65a0ac8c7ecb476e619831162df32ecb60420876ccdf45b32c2872145', '0i0nEIWKxBhUnRLTpTnO'),
(176, 'daniel_cianorte', '0c78202c2eb436a1cdedfd00a20869e8046af6aad89c8aa5e4ab8b0ace95e1c1', '64VWiewEWa2EfMM3tDfY'),
(177, 'rose_santahelena', 'ce4dda20854e765e39792443e02a5f19c41cb32df3b4297cd703dde602c349c3', 'kLIgbIJn343aIPyjBs1E'),
(178, 'susane', '48672b31600eeb19106d93f1b3c7977cc38e3bb81a2955f9f69341fbd0d13781', '5o4vdDSGTvncoaliRMtn'),
(179, 'ana', '99d87c9c56010ca9685b488fc0ce015c88b80d7c60eaa0690702972e1003d8d5', 'DeMEl4eU5kpfNeZiV2Zi'),
(180, 'mariana', '2964e2b667182a850364afa9fc5d749b3682976c26f1b5143e93fe1c3c989692', 'CEFmMoE1rHfsenaWxIzt'),
(181, 'robert_portovelho', '3c7e4aaf69849db4cd8f526b35e49fcf0054a574b4a381897f4f61ea296125d6', 'Z96fdOXYXICQeErt2bYa'),
(182, 'matheus_santaterezinha', '5edb8e68a178c4e0a171ffde0ec73e0684c0a00518671f42b78d6f1583cbf868', 'NSaKsSaFVh2kg6Un3CHx'),
(183, 'laiza', '2190b9038025949437116da89cc2044af424923bebba40d6fc430dd1f427be4b', 'OOAsQXrsRc8q34oLQtir'),
(184, 'lainara', '1a94feef00d127a843cdb3ed41bd0f2f3e07ba7136d52a1f525eca7d880964aa', 'ssoTtBr3IiK74YB2c8On'),
(185, 'lucas', '0c1d48d595ed25abccdd9c22e50f37241d6e8892c7c4f119e1e678cc06ecb19a', 'jptr6vOG74aBOxvurAba'),
(186, 'adriana_02cascavel', '68dbab4cf2ede066315996c6d098deee09a3a7bee53385a8e9d5c2c0929fdd28', '8rWeeFZGtN2zXf7FzrhD'),
(187, 'greyci ', '977238a4544caf9c71001ffbc34b791a8519ec506e658e1dd4d7fedafc7753a2', 'xy3qmGiTcVJGu0snt8DM'),
(188, 'leydiane', 'cede5e068e55c8351534a333ce09eea958c1d776d8bf4c9c8474eba6654c7913', 'Zoyavi5s4JEvoaTtbB1t'),
(189, 'romualdo', '8eb1ea253ebd95b756040f3065a2e3ebbb3b3a4ed75bb5353a837b675072f36c', '0hsqfufcXoOoUSE82CsZ'),
(190, 'higor', 'fe0ca022fafa7d86dce7b1646d8f0511dbde64801f2a55e0a69db8e58e4d2c1f', '0Ff5B09Jm6q5a8cK2cyR'),
(191, 'adriely', 'ca6de735750385131a219d63adb3c94595b97481db846fb4aba36115df242121', 'QJkenAPaKtZ6y6hnbbfh'),
(192, 'manu', '74dcf466e40b0dc495c57c0fa5fd0fc140c71822c2f326789fed661d9c3470ff', 'zXNaZfbEaQTLvBOSCasg'),
(193, 'vanessa_paranavai', '2b58ff7239cd0c87d9625bff3e81f96d0a06a61b5c55bf73553275cf5cd223c2', 'z7fVFhCTuh7zVuGUbaau'),
(194, 'elisandra', '44ae89bfeadd509c0cceb71d5632aeccb53f895d3c1e4a0524dee8c0504b3453', 'zpOWQjOIx4WjtUnxL16w'),
(195, 'kathe', 'b5ef1946f98c956cde2853b1293975090ac0723438f85a45fa3123c1ba94c18f', 'gvrlblqP0avqkbjbFvmn'),
(196, 'alex_paudarco', 'b9eb3807ef4f499b433fce04dd7a403d3cdaf67e9034f10c79cd61c7a732b0db', 'Lfycn2xqAGhaGjwa6JtM'),
(197, 'camila_formosa', 'e76fcb6c0afe1fd2792c5043bfd5175be5cd3bbc104d58da394ce4fa6dbae8e4', 'aLSoCEYsTSvft3VuAGiT'),
(198, 'elker', 'b0e71c7a34ffc36843f567fc96580bdcedea0dafd9b85cf9e156d20dcec617fa', '5LIsVQono8kSp0Yvx2sX'),
(199, 'anajulia', '2ade60bfe00a3bd367d1321b6f24ac0297c78faa2966acc06529bd06ed10fa7b', 'VKPLJeVz20sQsKIauod6'),
(200, 'rafael_cambui', '1cc8a33fbac97624a89c65ff71199df99d81ff0573f0cc8b895e37c73e7fcf31', 'xUQoeNp29657zYERNtN6'),
(201, 'patricia', '021d0594e862afaa08b05c33470734d83560f034d587773800647d58e5fcfe87', 'iCD06PGxPq8qIhaYotUV'),
(202, 'ilana', 'e539e3aebbe17545d089922b6b44e3a031beeebb8bb3e3654b916ce80268d7f7', 'CK1rW5VT5TYRD6At6bMR'),
(203, 'rodrigo_colorado', '157a55549135950ce73d935fcc64182c0ebee9a1a76b80bfe23b0073b2263e44', '1jDarA79kbSPmbLGjUnQ'),
(204, 'fabiola', '489fb677d8fe6f897beb947ca06e521f0d2e4f7ac02e94f914c4f62801702e8d', 'UigRtapdZkoaQJyFx0a2'),
(205, 'aline_sertanopolis', '9b61f6050fc68e3f510f52c51eff9d793ce714ce3167875bc447a04aa85cdb86', 'Xn4YDSDhVd6agrn5tbq6'),
(206, 'luana', 'd3af122c77a111e70356e720faeaea76d7eda96f6aad8e97c9abe94dcfd07ce4', 'Lp0sxtoafic6laeZBEsr'),
(207, 'cristina_colorado', 'e8db230211736c2fd732cf2d244f4a70ebcff1567baee971435c611b2e452374', 'm0h2xFii4cVxYBOfl65M'),
(208, 'claudinei', 'd1e27c9b321df3750ca58aa491ffe305f42df1dc09f8a2efb9800d01232ef309', 'iSAauLDcGz88fNOeBbcB'),
(209, 'diego_mateiros', 'a6b8622cd2cdba99cf61d8842e04701ec7d39d72402b6a846552436cb97d5a5b', 'bqm3kt3tUv7jhZwtIXhp'),
(210, 'ludimila', 'b67d78680ec1d3f4b8e00c034defbedeaa9a506f0ab74af2740188a27fc8e89f', 'qyJHy8c59NwUQtitGZ8k'),
(211, 'thais', '614495ae56c70af2a5082a872ee4b35a08cf52aa80b4026faaaf82337043906a', '0Grgb9FvnF6i7K5Rfnmq'),
(212, 'patricia_cariri', 'da045d63962a4564a98475321342525c904646137e7d3759c293ef0d40a38bb6', 'u5L705nf81sivlhufvIE'),
(213, 'anderson', 'acabfaeac346ac7709a04d6eb4b894c50ff4bedd4cea626ae2b8a2f8c52923a5', 'QJi2qsa1lhbQ6JxKx2AK'),
(214, 'tamara', '613efeacced2bdce7e881f9b371cae6ad8faf87e7f883a83ca140c4e1a32f446', 'MfiHsmFiChr1iZlMn6tu'),
(215, 'roger_rionegro', 'b2767ec186d225456ba458dbb19cfeb19af495ed02ed56d9629a978b819fb97b', 'xxmrWHao8r83tdJvQDUu'),
(216, 'jessica', '38549d241600609a867ba3c2ae76886f22e2393f570086bd5836edfb47ca7675', '7bLZefOaehBmnattchFY'),
(217, 'sebastiao', 'f4ff1926a447aa898ab1dd04e661f4a2f13377b5e9f669501f16744efe186408', 'PpbEeDJdkuEB0iKt4B0U'),
(218, 'alex_colinas', '900265d9e602edebe86d1c2ba41f38454bdfca103102b4c7405b5e94eb2155b3', '9FCrbsv5ierI57w8tPY5'),
(219, 'josilda', 'cbe50d885e25158b4084fd8d039a403848ab2ab5d4f0e296693c1f66783bab44', 'uecagpKYw2yV4JlFfPor'),
(220, 'dannyeli', '984ddbdb3e524355938d0c615d6404ecfc7915460e4525f8086dc858c109680f', 'i6biEZgYiFWzHKvfBdpV'),
(221, 'claudia_guaraniacu', '9d9b2f7934964b1c228b89aa7e6cab07aa7a4f2ec2d01227de7589a84b201c33', 'IctViqntZaagrCannmQt'),
(222, 'silvia', '7f873a62979fa3c824c6509c1637ccc0cc7849bda59dcbdc7fcb89493674ef9e', 'pfon7yJit4bfK8Bg88YN'),
(223, 'jessika_santaterezinhadegoias', 'ada09ae9cd8d590155e1d74eab0da777f7ff1f5a2e0a302027f6562263c82157', 'bTiyqsjoGOS4CdIrJb6p'),
(224, 'catiane', '74c3a1fb43b836ec36aa41ddd2f214163f9ab36f1477416dc9596a87035a406f', 'ntupcaClaIJziVTxaXFt'),
(225, 'kassio_araguaina', '8c6e1372c55c27586f9477cd05b84fde043762287c4880a7a85745042e7a8bbf', 'groX5OKEio8IJ8deNR1T'),
(226, 'giselly', 'b0576f5476c5b084e4af7232c3a67d28da6b078b3a9a801788c7a272a0bb2037', 'zOmoqIdt3pa8eEzjWVNQ'),
(227, 'thais_jamile', '6e1a4d29d80f08bc8c35dc2834ef796fbd4a7433846847a484910de346451024', 'pXg2Rv8HPiXNJxSUBowU'),
(228, 'marilha', '187f1661a64302e4ba72ce3dae80e1823e4d6b9fa3254f07ecfa7046f6a1aacc', '6hXCr74eLiFnQHtia4pd'),
(229, 'larissa', 'd5bac9345d932519f5aceab69f777e35f364da17ade608e9e76b8d752a0252a9', 'uHkztiQniKqfiMcbOgbf'),
(230, 'camila_uniaodavitoria', '797b1e95ed3266bdba62c4d4e67e3185384e02fe9a28c3076972da18c54f0f43', '6ioo71tjvrHagKa1Q1TI'),
(231, 'daniela', 'cd75194c2a8e21b7f21c7c9af89158c9622e937519c923201eb78848fc3d9ecb', 'v0holG3eV4bWHfG6rOmV'),
(232, 'jaziel', 'b14c719678c006a19384b5625596042d10b197e78577dfa80c978b71e3f3d042', 'AhfyOWVTKJxtimWuvwGr'),
(233, 'katia', '26f54edfebf288a374c80fb897a506676cdd3798b68e1e16ead59ab734d3e3e8', 'AtPa7GyFg9iMIWuYrvWg'),
(234, 'douglas', 'faac5d468c69b133747f5b2119d83dfc666789913d90024efe136fd665c0f9f9', 'iDgBzP4aVswsLr3Vi6ap'),
(235, 'valdineia', '87e199a22ea825ffda5789a51962dc2312f86a87571ffede4fcebdae60f8aa45', 'bxaGoEVzjBswxStKjT4y'),
(236, 'elaine', '8928434472f39c39a0d1c6f591256972714cb8456fd95c9d536d4004a11caa50', 'tewYXeBHrnPOuD8VOqbi'),
(237, 'misleny', '0bc33bf627a7f6b4ee8a92eb8972dc99c02be7179d5928e7954a604dcb1845d1', 'lfS9m3Z0CzdrUiUVHjVa'),
(238, 'samara', '88c392a0e23662907cafe2d7ab4dfd385fe827cf52c83a1366776ad3f0b2dd30', 'XSmD3piChtbfMjava5Ob'),
(239, 'adryelle', '27d9a79016de33712d500c3b0572ef50798a614d84f4cb7a7e0bc085e4dc4cdf', 'auIb2O18wrjtahmhHMT9'),
(240, 'dieferson', '09fb2b18a82fe357bbb6e42e8e4ea2c6ba0fd0d29dbfc4f36b69654d7406053e', 'qpfIjxwEIA78zry1Qkiq'),
(241, 'renato', '03a763cd0d6fbb33e4f05b74fc0d0c20391e438afc2a99ab1a27325263ce873c', 'kDwHBzetalX69qmnaoOZ'),
(242, 'rogerio', '026646893e52fbbb2d659a05ad9c430bb8f137dd5754caf083c87931527a9b07', '0ayHdiF0Vhk8KCJeoWCq'),
(243, 'reno', '61d4d0d04449e553ade338bcb5034acaee2d3bce1528c0453e1817c0c8c0d7f4', 'NdCiqMrKJ0aFhWWILaRn'),
(244, 'daniela_botelhos', 'c078eb06248551622f09861c1973493f00af2fd0f1c645daf0dfdd5b87486b76', '8n4b7dPy6ot7pviItBsf'),
(245, 'sedineia_franciscobeltrao', 'fdbcf5421d07adf09c868e29d4b254507c344b49bc3dd99f3b85873ba279b864', 'fEalnV4Dexup8uVVu7K2'),
(246, 'adao', 'eb75a0424ca8c27f1274325ac498b3e4420df016044f49b306093f75c205751d', 'bYRmeVVx9tDWiu2YfSYd'),
(247, 'eduarda', 'e12a16f5fc1553cf8f56c33a0597beb038fba640862a99dd856f9114e23e79d0', 'aHlGXalZCPAMcDwslrjA'),
(248, 'natalia', 'ea9d5a410ea77db2faf32e3f841c118bac5d60fa3dc194e7a420b86cd7c35e63', '9rL4l1cCij91E8gKxnOk'),
(249, 'juliana', '40682a477e3b3db76cf52451e8d6e4a7f2689bd169a097f2534e04760c3cdb03', 'wFd58afdtFLyb1JmVIan'),
(250, 'karin', 'd80dbfdda6335111bf3a7fa9533421b253bde77ff9ac834b4db6fa285a15c3e4', '9cztWiGbnFL94grdXXbU'),
(251, 'claudia_rionegro', 'f72cfe89c4dae161d683e0c65c366ee718063cd4e06c1e78fb767a3843cbf9e3', 'bG8NfQOatCQknRmDaTUI'),
(252, 'catia', 'ef2d8961bb74c27006fd1c45bd15829470e424c5c07e77893cfc6eb93891f353', '9VsvfJiE45OQJsk3nC7j'),
(253, 'conceicao', '6d79f7c408e13f9e782441adaac9dad704044cedb33f8704a073cfaefb563c92', 'gfglflEaFWq1kLsFBooz'),
(254, 'bruna_portovelho', 'f9a657c2576beb3a09a555c8e62ef47f7d49996905d179dd08bd5dbf073af929', 'cioiegYtXTsorJl23kpr'),
(255, 'vilmar', '3aa782f8f75e8dd1a8940b6665b92dfcd1bf3551a5c1d84e7ec9cb215fa2356b', 'xqpI4FXzYqYN4EZh5pDh'),
(256, 'angela_saojeronimo', '052b0b29d1b86cc1f200dbb4fb32b536469947b20ad09bf72209cf52347d18f1', 'bs9pP80NnthD3sDfbEzh'),
(257, 'helton', 'cf8f0545a173d04217ce0e3cc62913206e009107990fe7a76117c2a729896a50', '9iyTwaq4cesoFbpOswve'),
(258, 'marcia_doisvizinhos', 'd5c638191675c10ce4321c94beb6a94f9b06f190e50f634ad477aef6b777d0ea', '4N1vyKdTIXIa1InL9ltf'),
(259, 'claudia_mangueirinha', 'eda6954627c7ba2a3e3c7641031df6a56570fd6a59305f52421f0576e078dc3e', '9WvLWeqnaGVtdrLotQqZ'),
(260, 'tayana', 'accb6af1961d1e32b86b02ea9d5baa530b3dee22fafddb3bb938485e82e5f2d0', 'BYrTwpMj4tufGG4NCdVG'),
(261, 'rosangela', '7860963626ad0e707f84c8f10210a1352905ed87403a5382cf686e08a818f10e', '7IFZnP4b6G64Gkhrd1vn'),
(262, 'matheus_domfeliciano', 'ed67cd25d6b905c2f958eaf298ebc2462a9ef408d44653dc2c7a71135fef554e', 'snr4Y24kKlHc55tUHbwD'),
(263, 'jorge', 'a26b46ba60702ed0d33870dba8f51e18edfeb986c43b3b6e07516ce95c09db9c', 'BK77y4i0WnD88nbi6a6a'),
(264, 'gary', '86be311e11fb1fe4bef07104be4f4b81c765692cc0b457fe164b7d955148ef93', 'aBbuPtWonLIkPFKsNMua'),
(265, 'raphael', 'e1a372afd5ddabe552b8fdacc97d6623185c84b761d9a938f15f9739b92dff51', 'bqfujtV2yEqDUVbyENA0'),
(266, 'queila', '3e0d5240fd954e60fcb1b58fe61dfd41129528efb25ed46ddfb3c80ce67d0274', 'C9aAzRW3XeoitL45aBMr'),
(267, 'rodrigo_altonia', 'c84d8f841998413618ff85813e4e794f6cfc39218a838af8758f02542580c39e', 'oqwhr2CUWnYWyjL3BB7z'),
(268, 'gisely', 'ec504c88a2b7879dc554120c3ebbcd5b0ef2e02b1d5e21f9dfd392495d3e30ec', 'J5ajGaE8G4nfokaaiLP5'),
(269, 'francielle', 'c3e3007234049344fed2a8d20dfe8982c7a1d4050b47a8352af1336d25027b1d', 'lXs5MpVUnscvFbtyjtda'),
(270, 'andre_caruaru', '2c04355c5f01db99ad61c6f0fed62cb0cc8906ac669334a0b85699e8c5e6f29d', 'oL2oaVasU3CLs9S6bc7o'),
(271, 'tassila', '4a17083eca23b2ba0cdf32475e4d45e094c30eea759bd7bb91ab68423bff79b3', 'X9LWKfCYhGarL301Ragt'),
(272, 'rose_guaraniacu', '8b6fe8943007e33b2934687b02e31df1c47b57cbf9f0a529dd76a2f3aa36b28a', 'W7tMGmHMmsV9xuSaEnEA'),
(273, 'luciana_faxinal', '37d3fb92c5c8c517071657771e7b8efb2204a4bc948acb1b7e02574ab5bfa6a1', 'omDuQtaOeVxohsacY6PF'),
(274, 'anapaula_franciscobeltrao', '4c4bee7066c930bfd7af9845339733797e5d90221232ea428d8e68da9814b736', 'klEaCf4fOdWfrDBAOxOs'),
(275, 'mari', '98e6d083ddfcb32333c3f1d8407d16af8ddc1c26a0fb9b5368949e9c413e2a91', '7gnwhgVQreibNFcXxnFt'),
(276, 'juliana_laranjeirasdosul', 'fe77e154ebebee5a6c44d99e27430a8c334fd7b80ba33ccb660a7f836fcb1b6f', 'rpm01Lahaq3XiPbGgj1K'),
(277, 'anacarolina', 'e86cf9f8a0b56e8a774e17f50c4fb871b43d9a07f791ff66e50218a5b6acc59c', 'NYWDIdmCZnrFrOnxRVgo'),
(278, 'marcos_prudentopolis', '7127d42c59e1a5d1229406e25cd42f31bf045967b370b7903d229e0e249b2cab', 'vM0uQfgi4Rlnbyy1uNh5'),
(279, 'rogerio_uberaba', '46ce28f3fdc9743a513631be2e9fa68c7dcd19ed1d1f839151d472d6f8dc96d3', 'cAEQi15wbonq9PA3trsJ'),
(280, 'josecarlos', '858ffe5ce9e2004a939d183f35835365b6f73d461d93387b7dc2b4d0c8a2648e', 'xE8Mnwuj6rXKylN7nhnt'),
(281, 'paula', '2b0f47f36c0aeaf7c92fc3e4e239c724ab587df240d3e62258db783db04b2679', 'M70lJiL2sY3D8nahntYs'),
(282, 'karoel', 'ff12f015fa2e50b4ab065468594259fbb74fa60cf00e0f26847d9587bdc59ad2', 'B9Kkak2JnN2M943xObDl'),
(283, 'jhonatan_laranjeiras', '4a02798c951e82e1039a227d86978931eec1ba5528f2e83e64b225cdf5f96c89', 'aPjbAQ0NLLztafKnnCNX'),
(284, 'loraine', '80cd26d35ddacd4841d7a8b3d1ba06995b1573b9ef85beae5879b987776ace0e', 'aKGBN1fDIdVcEqHTum7k'),
(285, 'bruna_barracao', '81b8f5db2c2a270cf032fc346300684282d19d95fa8e2b1e4703aa83fda09ef0', 'a4VIdsxe2isU8BV8ePAI'),
(286, 'gecima', 'a2cccf6b312467032cb307286a6ef38d0584b0758ee8a762b47885ab20d26c33', 'ozCktaZc8W7wdiECo0ae'),
(287, 'angela_curitiba', '150c58304f2121d0020ee8160588017f8831d8376e05250038fb81091702b43f', '43naHCrhiYrbaN9c5ZLl'),
(288, 'osinete', 'bdf97d2da4822a5149335d64d7eb12d1e4a56e0cb9ad69f1fe2f30bf5af61de6', 'bao130cJ8WfNyosf1oxt'),
(289, 'barbara', '6bf5b1cd6648dbcc0e2fdc4a634cb573538349c48f5717e68bb2e26fe60ffc80', 'i9eQkCrsin2ns4VxEbQ3'),
(290, 'hugo', 'd245def67110abdea82126a9708e9b8fb1a14397ba67534ebae7f2751c5bd840', 'DsrqbLtBkhlAxCIkPIH4'),
(291, 'elza', '772dba3397072417f62d5eedbd95256e14198fdc24dfcecbef92ea15c0248000', 'OTweaLV64sjzTfBCtTbU'),
(292, 'suelene', '9ae80b4f56311ac4f325687ac0dbe74db757900b9a50da99aa74ecf8653d94ad', 'MprtTjQZDoaIsBbsWlb3'),
(293, 'monica', '543db7b1299586a6b530056d43ed55f5f84a983cd13779ace4bdcd97df4a6202', 'YWalzqAGGmTeUIA9f4oa'),
(294, 'elaine_uberaba', 'ff6e2691e8d33083517313100247331e135338ce123d79c9aa236d281d843888', 'esCfPNLblEgfUign8P7B'),
(295, 'marcos_ibipora', 'ba6d4a026e344a169910dc78bc25f0d7b80e98bfa33b9c23d026912bcc832158', 'QcZS4tjBcnacDoC1KstG'),
(296, 'andre_machadinho', '4f8d7b9c15fbabac36b24e3059839a6dde96c70c3d8978804bb0951c12720ea0', '5Zfror8V88izPavqiJ8d'),
(297, 'roger_ibipora', '53cb662ade2347bc8a7141cccd863006b5cead482a259e9b361c77a8318320a6', 'XWBPr2QNUHcUyjD3Rica'),
(298, 'joao_cacoal', 'f26baaf449ea2e893e71734e058fe12cbd43bc539a6d46dbd6708f079f800c45', 'I034t8TncuxtXva9hYzi'),
(299, 'gabriela', '54c02f81cb7c0467b44fed64385dbe127ef37a63ab08731ce76a46cdd3142d6a', 'wDysEcY5EqWVxrEcS4Ei'),
(300, 'anamaria', 'af1021e41911aac50d7fc8ceaedc7961364fe69b68222116bafb23b82a255713', 'oMvDy697PClnEvi6txMm'),
(301, 'fernanda_ipiranga', '1ae3d165b82e13e5fc7c50c9ed3df5ca58f7e26f44174e4c698ccaff8e9aa916', 'KMZKoavG9aWt3Bx7orbc'),
(302, 'andrehenrique_saodomingos', 'fab58cf47ba42d08e3bee13821f91192cbcfe49fe4d9d22a1bf2269a8f1b2147', '5snGXUWvJsFS7CC0uOkI'),
(303, 'janete', 'd6d4ac1c3e6ebf7426a2ab489e46f7cb2560cffa2d5975978507e96875696e53', 'bQsZGBssMFFotlFPBTLs'),
(304, 'ricardo', 'ef2de6daea6e7ccd01117ee483046e0cf5db09e79a43104edc666b7810a11338', 'Ynir2iQRr3itus3kO4ap'),
(305, 'evelim', '9bc7d97c97b761a1ebe2af1c25abcb80794ac5b198918760342d5799cbf39fe7', 'zV3iK7xKNbeP6XwaCMqk'),
(306, 'elaine_saofrancisco', 'e80cb42938514d96c37d6bb7a34376a5001588d53895869634b94cf4e9faebb7', 'onyo5mJUobiFOgSjiCEb'),
(307, 'carlos_tecnicopinhais', '1aa71e27745906464eb6ef91be06445004c8fd246534ef7fb058ef043096a3a7', 'a8nrfrt4ACqe1FxaePlg'),
(308, 'jolise', '39c886ad2a2d7b026beb6ce0c8706dd6f874c4fa9c10502928127dd58dc79e55', 'npGtyfr7IjFrHVFFwP63'),
(309, 'priscila', '7c5c5f08744a61a75db74bd8c2910ceb430c12acd05d8010cb40d9a5907da5a9', 'cwwSVMfhcsMtptGBoszq'),
(310, 'edilaine', '1105676dcf402716ab5be81a72df0aa27d64ae8cd5219f49694506e614238d47', 'WYsbdiNs6lnE53wLqUDx'),
(311, 'marlene_cascavel', '8cb85051138e60913cd3eeb4dfeebee915f9fda42b447fbc3f2ede5c2e15c04e', 'gCrtbOZHoYoBfx015bBO'),
(312, 'dayane_marechal', 'c0ab841998b80c704707c9a8a7d6b9b320c5177055875bce834a5ed6a14ab559', 'UbEYPdOzkDcvxGHwb0Sf'),
(313, 'jane_tupirama', '9bf037d4377a8b07c01aec69a98903f4ac4607c52e410b82cd693f1dc1d68191', 'adv58zbKNdyu83l393zd'),
(314, 'jossy', 'effcd427d421ec1ee135363250c38c3755342adaf40bdab822332bc69690858a', 'GKAAnbBeMsG8o8aB8AGh'),
(315, 'eliene', '855a7145bffc29bc8c1dd87a25ef2fd19aab30a2bf6cbfe599e2199e09de9192', 'wHIqpIPig0rvQ1gEcGPs'),
(316, 'fabio_loanda', 'c25a280ec7db203d90c4bced3ee76fc32daf8d94ffd1b0245f44bcc5c2314603', 'rdmFksdHrKJtBEGWneEq'),
(317, 'naiane', '9484f28acde2b932b6c3aae425e92ba1eabb765006d5f739d882cdd8616a37ca', '3aQbHq0qhGnsv54i3R9H'),
(318, 'paloma', '56dc79ef1ae965d819ae72dd551921c4d7dc561d25a0b3ea115323a5bb053730', 'SQMzhcsws2GNcT7nniCt'),
(319, 'patrick', '43737e35a6e5ed26b93cb1405608e80a206519f28a4be4a6a33f85cca9ebb2aa', 'pMrUyD4suKp9o5TK5Oms'),
(320, 'adriana_uniao', '5718cdc0005e225ffe486b58cb86be1f2a6398d20c914ee535773b2fe98034af', '1iteubRgVAo4XsN3sunv'),
(321, 'zaida', 'ea88ac582091fd9d661d8bf0ac914148722060eefad5ab5621c6d2ba1a2649b9', 'YGw0DZ8afEtGa7HNHaH5'),
(322, 'fernanda_lagoadaconfusao', '8a84b4a47e7ba89295a90af458de4c29f7315463cacb80ac04069d52f678088b', 'ibMJtdOPv2yVkS7gPPt1'),
(323, 'renan', 'e651f6f37b48ac3911744df3ebee05447c444a8df20db91838e030b84dac35d2', '1FXxwMi9r7opv4znoFLG'),
(324, 'matheus_peixe', '857c66fd6aa586032a69318f96de6a278bcd314c01d879880528b68ced3506c8', 'jiYYp51D21Sai2mp25wa'),
(325, 'alan', '294fec3362f91c981dd5bfd07613b0d9ffced3b97c48d9bfbd932b95de0775ef', 'Sgo1qVjEA8VWdEf9zcbN'),
(326, 'leno', 'bec5401a145cc70689c4530485e890cf5dbb1011e32c26f8948bd8517b70dd54', 'VysrIeIWeOJiiKiDoATY'),
(327, 'anderson_machadinho', '44aa9c06757a806530e5038422c8d20f76bc1c786615441a27dbed9adae4a474', 'b41HKuOr0daHawbWAfbU'),
(328, 'marcio_presidentekennedy', 'ed914a6304c04d7bcf2285de88e68575d54c56c050beb1209c9194347430fb4b', 'R24bDtV7anVMApEqLXvR'),
(329, 'mariana_paranagua', 'c85b46684dabbc6ddc2483425548f7a9e058dfc67bf05c14030c36812f8b8e15', 'txagn89Qn4VJBa2rDrvr'),
(330, 'patrick_paranagua', 'a9759360ba81a1f7ac9bbe59dcdf50024a8c0e0f4cb75257b89122adc0e86002', 'XlnQt9mtC5jEvbc0tIfn'),
(331, 'aruana', 'b1a350584bea202653a28d8026aebdef469f0263574a86bc436d3b843194145f', 'sCUd1YEtT47o2hstPS6n'),
(332, 'kesley', '833987b5afd6ffe1b28c06a91d3abd2451924772aef3c134f9b61cc02c90a184', 'sUdqQEjRbQ1JD1MdBffv'),
(333, 'andrehenrique_saojoaodoaraguaia', '1db4730e581550d479fa11313ddd6d6252d7dd3372ca9862cab23f4e2e2f944c', '35fcvtLbTvOJN6bceA3M'),
(334, 'ricardo_tomazina', 'a45b489801fb9584647925cb987606fd2fae36ea58b9125dce18d7b9b6adfed7', 'JboZLQ8eNQEzXfsSULP0'),
(335, 'camila_campinagrandedosul', '31dbe7826b101a9f3e264791339944eb60143c47cffe9895b3a9be95906c5157', 'yI9yibvaRqkbrZOdvKZ2'),
(336, 'maiely', '66c753fd79668235b14c6ce472a7dc36ef6895b2d1890c243b7ee02c63c5b575', 'QGJqZZrBmWNa3smR8LQa'),
(337, 'alliny', '93fa42845f6fc6565b5ea0964952524d70e1f8fc2db1f16219b46f78998c0788', 'VahgZNDFTRUeLf1ziO00'),
(338, 'diego_segundoariquemes', '207beab678e99fddcc19d5d30783253b0301cbd148c1d1a6719c7d1124ea82bd', 'OqFkZNPPJahJ3YWobPnB'),
(339, 'jefferson', '361a4cbaed4160eaf31a3e4437c8772620a95f11813776c3204ef9b5f9a9562a', 'mtOLlsbJiuPfXicgtRhO'),
(340, 'bruna_maringa', '2749c7555524722d1bce90d7d800bdb37e9b2a8a8638db1e2a9476b9b6a21521', 'khugg1glXeW5OujfP52c'),
(341, 'camyle', 'cfa7ad53a5b64b0a80ad27b1e23915aefd8f6bb67a1bd83fa62c3023dae814fb', 'xOMuv2iltuH1puATGWbR'),
(342, 'fernando_saojeronimo', 'f4eaa55ebc4e7dcaa08f87b01452cbb3eff79be53ae323a898946af701adc333', 'HF0pfKAxg76MROQbnvk1'),
(343, 'matheus_portovelho', '6649647b5ccc081630b0ba4a7fec8f4d8158668387e536db8f5c3eb318e6cb96', 'WCxCfnqHLarcI8AwBdhX'),
(344, 'sanny', '5c3feb4bda62b74ddcb2d7dabe85f7465892330c0ebed8867cdb6569d1d8a65c', '9veVsdvye8IsZDViH5ta'),
(345, 'dorvalina', 'bf037306d618d078c20c7cc4f27d7c30e11550e793745ea47d8dbc4909d5efb0', 'xF2Hzbfa3yelbx9nfZ5C'),
(346, 'marcelle', '8d3f476c15036c5fc89a31cec31687fb8ff7ade6149399699cad5b779fbab00b', 'O0mIMEB9aFgoiIiLZoYc'),
(347, 'charles', 'b9f83a4226e3a5937080eb944cd0b27e7aa61682aaab243f43778fd8a7f558d9', '0mfPFHMSjs3s1sed0a1k'),
(348, 'juarez', '10a3edabf6ad769021e24b67738a3aab0ddea0b5644babee557561fd84cabe99', 'XKU0krbrbx4ZHHbIoRBL'),
(349, 'erika', '2eeeac0f513333b6740b6be7745095d1f32458ece5ea1d5441ff9be573cdb24e', 'b2W5nRKEyyjn4anvtbnb'),
(350, 'tais_belavista', '2ac4138ce3cc9211ca8f30fddf78668257a10c327d032ac923edde0218e3a582', 'hAbzKPQj5oaJsMknor39'),
(351, 'adriana_cianorte', '06b85c8ccbb4d6f95a8fa5d6ae10cdbb21daf321f7ee308260fc06d2d7162e5d', 'NirrFfpOzPmPsbWUINly'),
(352, 'roseli', 'ac81e43b9f069083f27c99a66fe11612b60684f837768a77e02239a15b764d18', 'NXNDzLnhDYI9B4iDntqc'),
(353, 'dieferson_cerejeiras', 'c91b1302a5b3e9c8e461c847260fddd95e287bcc591f6552065ac88849bc4f65', 'zYUseh5OTprTtgJ9sXrn'),
(354, 'maycon', '85d7a6104989f3bf08bb47865f12e2e6393105c2865426873c8d25692a6986f8', 'NJ8kxfaPlhNV6JM2Ui7G'),
(355, 'enio', 'bf92a5e3e83e915f902554dceb32271316ebaa9a25617b7b31f7e54f2e91a3ab', 'RBI7CCQVMHziQtG3tL6h'),
(356, 'marcelo', 'a6bee7065afd9d83cad8edc6c00fc56cac969b073811527a68b4222362be0b0c', 'loSi8D8tVfwFabRatg7W'),
(357, 'gustavo', '75a6a123e0033d5a913b92e360880aa3182fbac5cb3dac409705917deae969a8', 'xwAbgb9f4w0d2Q0cHEsi'),
(358, 'karen', '4000893de19a8a946a7cb484e72048febf9f37c8f43fd7f1ea24f76d6ff9f9cf', 'pRbBXbishqkcihmeqElt'),
(359, 'danielle', '6e46d8fb1e2436f5be111faf852231aa7c5a98bf69b758ac6834db96a368526f', 'hBBoXudO0aSbenw69er4'),
(360, 'fernando_medianeira', '2268d52143f9eb1e9d0521c9e7de3e0fe82fdf5d833fcfcaaa4776a3d2496dd1', '1m82LLJ0sZxJR3Vo6bEx'),
(361, 'mayelle', '486856ce743f6cb95bedb654df1a87e29cacaabacfd8ff6f1563bd070b9d8cd1', 'Djfnda20iJNXt2IWtDad'),
(362, 'artur', '34ef59d5fa99ed6bf58d6c63ef21440ea0af3c30d87bf1e7caaf375941cfb9e8', 'mNl4sgsSkbpo8iVDSVvv'),
(363, 'marilza', '01449d96c469a9060dce6a07c18a458e90e0a82002d4e928819dcac998be132d', 'gIWveaTCJbofTIDb4bPQ'),
(364, 'paula_doisvizinhos', '9a253b381b5d7d5a4c676157991fca6457590e94ce8941392ccde0d0a0109b45', 'sX7vbobfm0s9qETviMLb'),
(365, 'cleonice', 'ef03ae80c1cd695dc4fb36c10186e3295a0c42c4de1a6c01b275832c412b019c', 'MdYXCifNAYvIuqBfGx1x'),
(366, 'paula_marechal', '89aa1fa7f98f0243cf2749307fa5cb8dc4908d97570d12fb2c6598430768c4a0', 'vxftJ2Tajp3j9zp2G9ed'),
(367, 'victor', '253f16a58b9b968d12abbf36c01525a5a9f0535e97da0ef8b3649ed11073c77d', '9BeLVJogiF11pDZAUAHq'),
(368, 'neilson', '81484f297ff995c87b88afa5fb3e92dc645bbdd2b062d702c965de4c8865a5b0', 'DX1ff9AXpiSKGzWprUYf'),
(369, 'zequiel', '67ade97c5ddec15bc8f4e6b6f3596f2707c6eb94cebb925575c2533fbb867e39', 'oLExrzflKo8mdFbntcOa'),
(370, 'luci', '421dad9c2d7ac3be811443783e8ac1ab4c2d505730d9e93a139672776c444fe1', 'GwfwY9D4VsPbHk628uea'),
(371, 'heliton', '17afa9e864f56dec51204ed933f07f799e14d4ee7a1a3c7e912fa2523b86effb', 'wpjF1YBcUPbohPlWvSGa'),
(372, 'rosimara', '43c97330a698db3d516fbc634849b5d0535bcf889333909ad469ec9635b087e6', 'kRrrZ9hSgetQBLz4M0zo'),
(373, 'catiane_medianeira', '60ec2c41ee5eea2ec4c56c7867e9e9fa6e37cd8177ac4e162d19a638c72eb7ff', 'vGvfbaxqeabQfLmLsnHL'),
(374, 'brasinsoft', '57c7271e437401829424d5a77ad50c4255dda15d64fc5e3be2685ae79f18b37e', 'r2Wa8QimfUBCAub4gwYI'),
(375, 'rodolfo', '77234f5b8b1287af4eb28e5df71cb04e7f16d7fc025d8a687b6566058cfa4cb7', 'qBMpUSulbloEKV6aywqP'),
(376, 'renata_jiparana', '9d2f984a6dc3ad29c788fb93e57afac7cb4a22376dd3bd0ced9e00f00bc22c63', 'WvLGKizmvcbhgPVnKrI2'),
(377, 'vilmeide', '3601c012fe1ff5e4ef2637b8c50b5a5369e8e9b53e0e093c485fbfbcc31123d2', 'suxhsbOAZ7ajsIfNm4f4'),
(378, 'sandro_contadorsantarosa', '8714f0519c59365fe3ebfd2353720f4c0ad345bbd883399b79296cb82cd3b72d', 'zQwNxrXdn3afbqIsXbRq'),
(379, 'lessandra', '1cb3ada92e70e83097d16930d9b0e977b9b43b6a9617c36a87dcf1c93db1df48', '74qgANPYANhUWs1xsc5p'),
(380, 'yurik', '3f381187ab1312a43befb009580b1d4b7ecc0a1ccaf0547fbaac9270b45c9907', 'Zb1adc2tmVn6GGwjS72i'),
(381, 'gabrielly_mangueirinha', '6aaa3c22969aa7d763c98f6f4f2a8eda8c984dc026e0058de72e051c9de959e1', 'rXakobiLntj6pHUxUHfQ'),
(382, 'luciana_campinagrandedosul', 'e41b40e935f28d82025aa33f883a5b6515a95a090a3f8c564ad00c476918cf00', 'Vgy3PAfZqPRQ8VIdsthO'),
(383, 'rafael_saomigueldasmissoes', '97c89f54a0b10f88834a8cf422d1f7ff0e5a9267331af872ed590016512c076e', 's3wUpUqNBotIbPjvf1qs'),
(384, 'maicon', '64280e04648211e2c5f56b443304617388df1aff1a07855615bf682ecc836ad8', 'VsPC5hpehiQi4srwsiUN'),
(385, 'rodrigo_ariqumes', '78756d657a1580c4f37cabcffd22027cba42737bbbb14d094cd87cb58ec71558', 'iFdRXanWmBAa8ctb2X4p'),
(386, 'carlos_rubiataba', 'fce91c5314940df9ed111b1706407d10d302ce413f879d0afbe552cc4befb38f', 'tVrUMz9e6v7TxhwAIGUD'),
(387, 'jessane', '099f6b1b8d9b6b973a6063933b032d583312c79698610a92f4d15d1d8980d762', 'MObSY0Xn1oFUdiKFobKc'),
(388, 'flavia', '2d66e792b7b420f65b2325c9b6a5ec6bbdbfdb11136e495fa695983f9588e3c5', 'LauaRhiMHGYJry2ttiMr'),
(389, 'klinger', 'f695f0bcc039e80d2a85dbe3c1d3060dad416bd18d7f444ceb0a6083abc2b889', 'oYkgxo04RBJ2B0aQEWjD'),
(390, 'leandro_tecnico', 'e10ac41d3ae73ccb3361ee2c5d5410365929d78e0d2f755a4c45d12a7afb96ae', 'FHBnYXsgDgSgLkyodCfH'),
(391, 'aramis', '68171f7bcc1ebfe69c4b95688a30c494798ea779e300b876e377b9044cc62710', 'QZRmgD98ZbMp3boYWdDl'),
(392, 'adrielen', 'eaa4a5ab01a0afb48fa432468e5fc852b5ed35c83fc70b84e6b205050bb4cc72', 'baSTaXyDnnamZxJi1TKh'),
(393, 'amanda_ariquemes', 'f6e590b23794976812a8d3c6910ade3d0f29f49a372c1ba8f23ceab70d32c920', 'V3GTywb805mSiaaWd6B6'),
(394, 'franciele_segundoguarapuava', '9d7826ccb1c2776a5c5ba1aca503d22b1da38f8d06b88a596006c5c1a01f10cb', 'xmw73E5GYabOSvfffTUn'),
(395, 'gian', 'd8a9a57813ec39e072a6c6bc1f93f0e35fb24a00627db48f1e35ae8d847874e8', '5i6Eq4gbB2sOysaaSPth'),
(396, 'neto', '16ecb415deb0436d6f501c6cb802f197dcec2a59e19ce0913276be464ad74080', 'YipWN7DNM8abyWr0wbI5'),
(397, 'edezio', 'a2bc95b0215648b1aab685ecb6d64382bd9a52a7301649daeae4cd5ab3f6782e', 'rAmcYtGaAouUPlonoTot'),
(398, 'mario', '29cfa987d80735dd8fc7eea687ffc968041eb86b7f3ece647ed3fcd753a7ed7f', 'fer4InvXsaIrMb1bbOhk'),
(399, 'karina', '1fa6205197fa74cfab4552131c1df1d103fd45ce343f01fec05ef3630ed1c73b', 'pnRHbwiMujj2IrEBxxzR'),
(400, 'luciano', '2fcc92dc82e5aacf04ac771b70b3ff14117d8e2e6941ef40229865a577cfda0c', 'yzs1JRZiVPS0e5bQB5rA'),
(401, 'robson', 'b13ded5b765b6fc09e3942c3cbe49e84c3544a2abc5abf30907367164da43230', 'NPbl5ZldFu4vUbsxcRpo'),
(402, 'danielle_palmeiradasmissoes', '7038bbf210825a8d0301cdb384376683c28f8b62d53c02ea7c71448d1d4b0b54', '75RDawmwGE1hcvbrx7aE'),
(403, 'guilherme_01portovelho', 'f861228b8a188aaad4cda27cc21b4ac854cfb7cda25047948dcdaadff5799363', 'wvFGuyr1E4aJgsbOTacv'),
(404, 'eliandy', 'c926532f94948e6492daf056922e037722530d7657f2d82b8f6afd3eeacc15a3', 'do5HyEntqSi348fWbunp'),
(405, 'fernando_candidodeabreu', '76436db1cc38310ba042e9829daf7d96ee6fd141f44d95df1afbfbf142f42714', 'd9suiHUUmw9WA7LA3N3b'),
(406, 'douglas_altafloresta', '173c82c58875f3a85bcd6ac9d3e55fb4856b388fd11216dbc163fcfdfe58e544', 'akaTbOJdnonI1FMryt1R'),
(407, 'francyeli', '60b1a7b45e72e7d0615cf97c986c6b89fe93a91096b5d6cf738f55147af465cd', 'pbfjhgjaODkAN2RWH8TA'),
(408, 'thais_01ariquemes', '881085ef985ea45c6048d2d3e413899bb8423e92aaee65d9079813b341c48a6a', 'VQr7Odaab7iJObMYo7Bn'),
(409, 'wully', '6f0df295f8b0c251475fa3e80aba9744ba9193b4106e951b2682d518f1df302a', 'Bn1Namio3nrnebHaDo3A'),
(410, 'fernanda_jandaia', '4aa6e8aa0bda2a6f9b3cdcd5193fc73ea051244bf2bb44678b546c17c2528fa4', 'YbYxi9FKHGrZvrLoH83b'),
(411, 'gilberto', '0a22bebe6f6236ccda7ee919e43136bedf2bb06ef0e2a4007fd02a240c3e72a4', 'zwpdax9OfAi7fHyidZdf'),
(412, 'valquiria', '9b916f09a2cf2af91c419744bdd968806fc638c30bf599b34dfcb52aff335515', 'sZhbpLsVpkGurZrBGCoe'),
(413, 'bianca', '4f8a43cb07e701d23bc6fe9b47d75de2e6215cf80eeb18d183f12d1ebae68327', 'vkxQLUTpMDNeEjjqTFa3'),
(414, 'marcio_pontealta', 'c40a75ae40250369901ceaac3a538fa21e4bed8c496d3e60de2d81b1a7e0f4cf', 'bZ2wtM4tiHUIfVZviVkW'),
(415, 'taila', '20b87fcb3091a85c7c79e48c0071b72a7024b7b448028e85c99bf1899322509e', 'szfbg6r0GACS7ouhiODV'),
(416, 'ricardo_03portovelho', 'd7b511b355cfc15bbecb988216231743ec432bd17bb3f4f90a8b9bcdd814ce1b', 'Lr8wyPNt3RZ2iREtVM7R'),
(417, 'evandro', 'c5453d840273cad67cdfeb499743f532e9bb83fd3fe28508f5e163150b2298a6', '4au7aQLX8ifEuE5JYHKO'),
(418, 'roberta', '9182acf52ea0b35b6985fc5b8f7d9b373b36b1ea94dc5faee674e88c5ff0b858', 'EiybRaUQjeozKMURAudK'),
(419, 'jonathan', '3551b11becd85f40c0f24098e436d2f1b4ef10462d3e96a9b4fd2ef28082e7c0', 'hq58twdH7EwaLtpP5hXv'),
(420, 'diarle', 'ea5a4e28b35be9af158141b69302a5de214b0f443164bef12165f63c50599fea', 'K4feD5v5rIRmr3cima2p'),
(421, 'nicleide', '82b5917a55233c45fa72b15fe8c121b429ae8fd319f6c789d248696bd723d25f', 'NvgfsivbaWpEHKr1nmDh'),
(422, 'jana', '2162a7e815dee39bec71eec5bb63ee7b052cd69702564a38afe75be0dd5d1e9c', '1mduarMwS10fhMftPudg'),
(423, 'robson_imbituva', 'dbc0e265515f2183840a6704d6dfe8201d6dacb149aa475d807092aa95403072', 'jPNV2moq5potrraL2L3B'),
(424, 'luciana_maringa', '62b56e45a32b48df6290cda9c95ceae7a729016437de5232a51be91e63faeff7', '6ormQXtiUuGdfARniGVp'),
(425, 'diogo', 'bd5cc87012f890ac7455fef7df415ccf26fbefdd6906076653f7e9e9597c06f6', 'TZpTvn5msS5KirbDIfox'),
(426, 'taciane', '50400560bc80ac2e43e46b0b3b68674f12938fd56ef0be794635681e98cfa18e', 'fAponavtqqSQPGOs6FsB'),
(427, 'joelma', '7a2957da608d3eaf32617c464bf8c0b9408fd4099dd7a501571163bad4ba7ad3', 'tNxrYI1PRaygtjiaZlXt'),
(428, 'camila_guaira', 'fbd3052e64882f3d126e42dae2793b205ef03352338045325ce23f065f517ea6', 'Ade9fRUZS1cKhrRmnSX3'),
(429, 'mari_cascavel', '2ff1591c6f1c311c4881c326db89ace82719faf1f7a4c0a973d292958479445d', 'Mc2iHMdiccptDwgGuaMa'),
(430, 'marina', '142a788acc1578dc3be637c4172e3484201fb5f9fc2e90fbfec8f907e0bca6d8', 'F9NrayP4lOn0nWctKgiK'),
(431, 'anapaula_medianeira', '2eead0fe7fc455cb82c2e0f91f9b4765e5d8b5a6eba68177aa755dd9fc284bdc', '1rai9tvtyi1tb3HBqaYS'),
(432, 'cristiano', '098a8f8807405ee9962e0825afc6597a38e91a0135080df8efd9abaf0770bc9f', 'AqSiai95fsYpoYajXaNR'),
(433, 'susana', 'ace1b5aef974e1f3d68274ceb9ab40ac08b5292394a1ce694fe1b70442434bbe', 'ZD6EYmFf7JrGflogppAF'),
(434, 'nethânya', '564e1d38613e65623e802680370cebf6fa7436529bd1d91a08072e7898d6ca02', 'kqozoQPffbfYpmxJu3HW'),
(435, 'grasiela', '8a829871a53d0c746c482b7a767d9c15c1360a7f9617300c56a5ea8f946976ce', 'ZiDTJwvabOSNMaoKeYOg'),
(436, 'erica', '3919ee07b4ee06680fa64c92dcddefabeea4b09c9fdf3348e9b5a73bf9091669', '1CS59tdO3U41sQG9sLta'),
(437, 'verenice', '58b2edbff591c48e10bf64bb9eaf3318205e107f60b41185cf9718ea54308897', 'oQzaF6frPiwWrVHb5asd'),
(438, 'gabriel', '2c9763eb61dc24e71a4c151f7db0701a945bef1af1ff6bb20f7f730df8676613', '8LjW9HrvsrtWMtl3yaPf'),
(439, 'gessica', '4339d57c2610b852827f675bfcbc3437b6fb94781792405248732d0ddb446b0d', 'fpT0VmORQKlInrOe25eX'),
(440, 'mariana_bomjesus', '0e44bccc3f1cd1e3993b4ee682b8046cedb665424358e71243dbbd97617450a5', '2JPrfAcmO8DGMosiiykD');

-- --------------------------------------------------------

--
-- Estrutura da tabela `employee`
--

CREATE TABLE `employee` (
  `id` int(8) NOT NULL,
  `name` varchar(120) NOT NULL,
  `email` varchar(60) NOT NULL,
  `on_chat` varchar(3) DEFAULT 'no',
  `t_group` varchar(7) NOT NULL,
  `id_credential` int(8) NOT NULL,
  `id_role` int(8) NOT NULL
) ENGINE=InnoDB DEFAULT CHARSET=latin1;

--
-- Extraindo dados da tabela `employee`
--

INSERT INTO `employee` (`id`, `name`, `email`, `on_chat`, `t_group`, `id_credential`, `id_role`) VALUES
(1, 'Camila Bortolanza', 'camila@brainsoftsistemas.com.br', 'yes', 'Selecio', 4, 3),
(2, 'Rodrigo Santi', 'rodrigo@brainsoftsistemas.com.br', 'yes', 'nivel1', 3, 2),
(3, 'Guilherme Ribas Carneiro', 'guilherme.rcarneiro@gmail.com', 'yes', 'develop', 1, 1),
(4, 'Alex Wargenhak', 'alex@brainsoftsistemas.com.br', 'yes', 'nivel1', 7, 2),
(5, 'Fernando Pontarolo', 'fernando@brainsoftsistemas.com.br', 'yes', 'nivel2', 2, 2),
(6, 'Eduardo Ishida', 'eduardo@brainsoftsistemas.com.br', 'yes', 'nivel2', 8, 2),
(7, 'Filipe Kuhn', 'filipe@brainsoftsistemas.com.br', 'no', 'nivel2', 9, 2),
(8, 'Rafael Galego', 'rafael@brainsoftsistemas.com.br', 'yes', 'nivel2', 10, 2),
(9, 'Alcindo Almeida', 'alcindo@brainsoftsistemas.com.br', 'yes', 'Selecio', 11, 1);

-- --------------------------------------------------------

--
-- Estrutura da tabela `log`
--

CREATE TABLE `log` (
  `id` int(11) NOT NULL,
  `area` varchar(20) COLLATE utf8_bin NOT NULL,
  `content` varchar(60) COLLATE utf8_bin NOT NULL,
  `time` timestamp NOT NULL DEFAULT CURRENT_TIMESTAMP ON UPDATE CURRENT_TIMESTAMP,
  `who_did` int(11) NOT NULL
) ENGINE=InnoDB DEFAULT CHARSET=utf8 COLLATE=utf8_bin;

-- --------------------------------------------------------

--
-- Estrutura da tabela `notification`
--

CREATE TABLE `notification` (
  `id` int(8) NOT NULL,
  `description` varchar(250) NOT NULL,
  `date` datetime NOT NULL DEFAULT CURRENT_TIMESTAMP
) ENGINE=InnoDB DEFAULT CHARSET=latin1;

--
-- Extraindo dados da tabela `notification`
--

INSERT INTO `notification` (`id`, `description`, `date`) VALUES
(1, 'Boleto Atrasado', '2018-02-19 08:47:52');

-- --------------------------------------------------------

--
-- Estrutura da tabela `page`
--

CREATE TABLE `page` (
  `id` int(8) NOT NULL,
  `name` varchar(120) COLLATE utf8_unicode_ci NOT NULL
) ENGINE=InnoDB DEFAULT CHARSET=utf8 COLLATE=utf8_unicode_ci;

--
-- Extraindo dados da tabela `page`
--

INSERT INTO `page` (`id`, `name`) VALUES
(1, 'Boletos'),
(2, 'Tickets'),
(3, 'Usuarios'),
(4, 'Cartórios'),
(5, 'Cadastros'),
(6, 'FilaInterna'),
(7, 'Autorizações'),
(8, 'Relatorios');

-- --------------------------------------------------------

--
-- Estrutura da tabela `registry`
--

CREATE TABLE `registry` (
  `id` int(8) NOT NULL,
  `name` varchar(120) NOT NULL,
  `id_city` int(8) NOT NULL
) ENGINE=InnoDB DEFAULT CHARSET=latin1;

--
-- Extraindo dados da tabela `registry`
--

INSERT INTO `registry` (`id`, `name`, `id_city`) VALUES
(1, '1º de Guarapuava', 16),
(2, '3º de Guarapuava', 16),
(3, '2º de Guarapuava', 16),
(4, '1º de Piratini', 119),
(5, '1º de Palmeira das Missões', 85),
(6, '1º de Bela Vista do Paraíso', 60),
(7, '1º de Wenceslau Braz', 136),
(8, '1º de Prudentópolis', 104),
(9, '1º de Presidente Médici', 114),
(10, '1º de Porto Velho', 153),
(11, '1º de Ibiporã', 35),
(12, '1º de Taguatinga', 154),
(13, '1º de Rio Negro', 15),
(14, '1º de Tomazina', 41),
(15, '1º de Uberaba', 127),
(16, '1º de Santa Mariana', 42),
(17, '1º de Presidente Kennedy', 124),
(18, '2º de Vilhena', 155),
(19, '1º de Marmeleiro', 68),
(20, '3º de  de Porto Alegre', 120),
(21, '1º de Cascavel', 5),
(22, '2º de Porto Velho', 153),
(23, '1º de Pinhais', 101),
(24, '1º de Xâmbre', 137),
(25, '1º de Laranjeiras do Sul', 64),
(26, '2º de Cacoal', 156),
(27, '1º de Jaguarão', 83),
(28, '1º de Sengés', 131),
(29, '1º de Araguaçu', 149),
(30, '1º de Barracão', 17),
(31, '7º de Recife', 63),
(32, '1º de Araguaína', 150),
(33, '1º de Peixe', 89),
(34, '1º de Bandeirantes do Tocantins', 151),
(35, '1º de Dom Feliciano', 25),
(36, '1º de Jaru', 50),
(37, '1º de São João do Araguaia', 157),
(38, '1º Mostardas', 57),
(39, '1º de Bom Jesus', 122),
(40, '1º de Itacajá', 58),
(41, '1º de Mangueirinha', 66),
(42, '1º de São Mateus do Sul', 43),
(43, '1º de Sarandi', 145),
(44, '1º de Santa Terezinha de Goiás', 97),
(45, '1º de Paranavaí', 75),
(46, '1º de Botelhos', 2),
(47, '1º de Nova Prata', 84),
(48, '1º de Cacoal', 156),
(49, '1º de Pinhão', 71),
(50, '1º de São Domingos do Araguaia', 99),
(51, '1º de São Miguel do Guaporé ', 158),
(52, '1º de Cambuí', 128),
(53, '1º de Caruaru', 62),
(54, '1º de Medianeira', 100),
(55, '1º de Campina Grande do Sul', 3),
(56, '1º de Cândido de Abreu', 4),
(57, '1º de Cantagalo', 129),
(58, '1º de Icaraíma', 36),
(59, '2º de Cascavel', 5),
(60, '1º de Catanduvas', 6),
(61, '1º de Imbituva', 37),
(62, '1º de Chopinzinho', 7),
(63, '1º de Cianorte', 31),
(64, '1º de Ipiranga', 38),
(65, '1º de Corbélia', 8),
(66, '1º de Cruzeiro de Oeste', 9),
(67, '2º de Jandaia do Sul', 39),
(68, '9º de Curitiba', 10),
(69, '1º de Dois Vizinhos', 11),
(70, '1º de Loanda', 65),
(71, '1º de Faxinal', 12),
(72, '1º de Formosa do Oeste', 96),
(73, '1º de Foz do Iguaçu', 32),
(74, '1º de Manoel Ribas', 67),
(75, '1º de Francisco Beltrão', 13),
(76, '2º de Francisco Beltrão', 13),
(77, '1º de Marechal Cândido Rondon ', 72),
(78, '1º de Grandes Rios', 14),
(79, '1º de Guaíra', 33),
(80, '3º de Maringá', 40),
(81, '1º de Guaraniaçu', 34),
(82, '1º de Primeiro de Maio', 44),
(83, '1º de Reserva', 105),
(84, '1º de Ribeirão do Pinhal', 160),
(85, '1º de Ortigueira', 69),
(86, '1º de Vilhena', 155),
(87, '1º de Matelândia', 159),
(88, '1º de Salto do Lontra', 28),
(89, '1º de Rolim de Moura', 161),
(90, '1º de Palotina', 165),
(91, '1º de Santa Luzia D\' Oeste', 162),
(92, '1º de Paranaguá', 74),
(93, '1º de Santa Helena', 163),
(94, '1º de Pato Branco', 70),
(95, '1º de Santo Antônio da Platina', 107),
(96, '1º de Santo Antônio do Sudoeste', 108),
(97, '1º de Piraquara', 102),
(98, '1º de São João', 130),
(99, '1º de Pitanga', 103),
(100, '1º de Arroio dos Ratos', 146),
(101, '1º de Arroio Grande', 166),
(102, '1º de Camaquã', 26),
(103, '1º de Sertanópolis', 132),
(104, '1º de Siqueira Campos', 133),
(105, '1º de Canoas', 24),
(106, '1º de Telêmaco Borba', 134),
(107, '1º de Farroupilha', 54),
(108, '1º de Igrejinha', 55),
(109, '1º de Ijuí', 56),
(110, '2º de União da Vitória', 135),
(111, 'RI de Italva', 45),
(112, '1º de Guaraí', 61),
(113, '1º de Gurupi', 91),
(114, '1º de Itapiratins', 59),
(115, '1º de Juarina', 86),
(116, '1º de Lajeado', 87),
(117, '1º de Santa Rosa', 142),
(118, '1º de Mateiros', 90),
(119, '1º de São Francisco de Paula', 143),
(120, '1º de Palmas', 92),
(121, '1º de São Jerônimo', 144),
(122, '1º Palmeirante', 88),
(123, '1º de Ponte Alta do Bom Jesus', 95),
(124, '1º de Pedro Afonso', 123),
(125, '1º de Pau D\'Arco', 125),
(126, '1º de Tupirama', 148),
(127, '1º de Santa Vitória do Palmar', 168),
(128, '1º de São Miguel das Missões', 169),
(129, '1º de São Sebastião do Caí', 170),
(130, '1º de Aliança do Tocantins', 171),
(131, '1º de Arapoema', 172),
(132, '1º de Arraias', 173),
(133, '1º de Augustinópolis', 174),
(134, '1º de Aurora do Tocantins', 73),
(135, '1º de Bernardo Sayão', 93),
(136, '1º de Bom Jesus do Tocantins', 1),
(137, '1º de Campos Lindos', 175),
(138, '1º de Cariri do Tocantins', 27),
(139, '1º de Abadiânia', 98),
(140, '1º de Colinas do Tocantinas', 29),
(141, '1º de Combinado', 30),
(142, '1º de Águas Lindas de Goiás', 176),
(143, '1º de Duerê', 178),
(144, '1º de Campo Limpo de Goiás', 177),
(145, '1º de Rubiataba', 126),
(146, '1º de Paço do Lumiar', 179),
(147, '1º de Breu Branco', 180),
(148, '1º de Jacundá', 181),
(149, '1º de Altônia', 109),
(150, '1º de Antonina', 138),
(151, '1º de Alta Floresta do Oeste', 182),
(152, '1º de Alvorada do Oeste', 183),
(153, '1º de Ariquemes', 184),
(154, '2º de Ariquemes', 184),
(155, '1º de Buritis', 185),
(156, '1º de Cerejeiras', 186),
(157, '1º de Colorado do Oeste', 187),
(158, '1º de Costa Marques', 188),
(159, '1º de Espigão do Oeste', 189),
(160, '1º de Guajará Mirim', 190),
(161, '1º de Ji-Paraná', 191),
(162, '2º de Ji-Paraná', 191),
(163, '1º de Machadinho do Oeste', 192),
(164, '1º de Nova Brasilândia do Oeste', 193),
(165, '1º de Ouro Preto do Oeste', 194),
(166, '1º de Pimenta Bueno', 195),
(167, '3º de Porto Velho', 153),
(168, '1º de São Miguel do Tocantins ', 196),
(169, '1º de Santa Maria do Tocantins', 197),
(170, '1º de Santa fé do Araguaia', 198),
(171, '1º de Rio Sono', 199),
(172, '1º de Rio Branco do Sul', 200),
(173, '1º de Lagoa da Confusão', 202),
(174, '1º de Pitangueiras', 201),
(175, '2º de Recife', 63),
(176, '1º de São Francisco do Guaporé', 164),
(177, 'Brainsoft Sistemas', 16);

-- --------------------------------------------------------

--
-- Estrutura da tabela `role`
--

CREATE TABLE `role` (
  `id` int(8) NOT NULL,
  `description` varchar(160) NOT NULL,
  `type` int(1) NOT NULL,
  `status` varchar(7) NOT NULL
) ENGINE=InnoDB DEFAULT CHARSET=latin1;

--
-- Extraindo dados da tabela `role`
--

INSERT INTO `role` (`id`, `description`, `type`, `status`) VALUES
(1, 'adm', 0, 'ativo'),
(2, 'supportBrain', 0, 'ativo'),
(3, 'Atendimento', 0, 'ativo'),
(4, 'Oficial', 1, 'ativo'),
(5, 'Atendente', 1, 'ativo');

-- --------------------------------------------------------

--
-- Estrutura da tabela `state`
--

CREATE TABLE `state` (
  `id` int(8) NOT NULL,
  `description` varchar(80) NOT NULL,
  `initials` varchar(2) NOT NULL
) ENGINE=InnoDB DEFAULT CHARSET=latin1;

--
-- Extraindo dados da tabela `state`
--

INSERT INTO `state` (`id`, `description`, `initials`) VALUES
(1, 'Paraná', 'PR'),
(2, 'Rio Grande do Sul', 'RS'),
(3, 'Roraima', 'RR'),
(4, 'Tocantins', 'TO'),
(5, 'Goiás', 'GO'),
(6, 'Minas Gerais', 'MG'),
(7, 'Pará', 'PA'),
(8, 'Pernambuco', 'PE'),
(9, 'Rio de Janeiro', 'RJ'),
(10, 'Rondonia', 'RO'),
(11, 'Distrito Federal', 'DF'),
(12, 'Maranhão', 'MA');

-- --------------------------------------------------------

--
-- Estrutura da tabela `ticket`
--

CREATE TABLE `ticket` (
  `id` int(11) NOT NULL,
  `id_registry` int(8) NOT NULL,
  `id_client` int(8) NOT NULL,
  `priority` varchar(40) NOT NULL,
  `t_status` varchar(40) NOT NULL,
  `source` varchar(40) NOT NULL,
  `type` varchar(40) NOT NULL,
  `t_group` varchar(40) NOT NULL,
  `id_module` int(8) DEFAULT NULL,
  `id_attendant` int(8) DEFAULT NULL,
  `resolution` text,
  `id_who_opened` int(8) DEFAULT NULL,
  `id_who_closed` int(8) DEFAULT NULL,
  `id_chat` int(8) NOT NULL,
  `is_repeated` int(1) NOT NULL,
  `registered_at` timestamp NOT NULL DEFAULT CURRENT_TIMESTAMP,
  `finalized_at` timestamp NOT NULL DEFAULT '0000-00-00 00:00:00'
) ENGINE=InnoDB DEFAULT CHARSET=latin1;

--
-- Extraindo dados da tabela `ticket`
--

INSERT INTO `ticket` (`id`, `id_registry`, `id_client`, `priority`, `t_status`, `source`, `type`, `t_group`, `id_module`, `id_attendant`, `resolution`, `id_who_opened`, `id_who_closed`, `id_chat`, `is_repeated`, `registered_at`, `finalized_at`) VALUES
(7, 6, 3, 'baixa', 'solucionado', 'chat', 'solicitacao', 'nivel1', 13, 4, 'criado minuta e alterado variável cabeçalho de ato', 4, 7, 5, 0, '2018-10-10 12:34:14', '2018-10-10 13:48:01'),
(8, 7, 4, 'baixa', 'solucionado', 'chat', 'solicitacao', 'nivel1', 14, 2, 'Revertido Situação de Protocolo', 4, 3, 6, 0, '2018-10-10 13:26:49', '2018-10-10 13:37:11'),
(9, 8, 5, 'baixa', 'solucionado', 'chat', 'solicitacao', 'nivel1', 13, 4, 'criado minuta', 4, 7, 7, 0, '2018-10-10 13:54:44', '2018-10-10 14:04:48'),
(10, 6, 3, 'baixa', 'solucionado', 'telefone', 'solicitacao', 'nivel1', 13, 4, 'alterado variável cabeçalho', 4, 7, 8, 0, '2018-10-10 14:12:11', '2018-10-10 14:40:35'),
(11, 7, 6, 'baixa', 'solucionado', 'chat', 'solicitacao', 'nivel1', 15, 2, 'Associado', 3, 3, 9, 0, '2018-10-15 13:37:33', '2018-10-15 13:37:53'),
(12, 9, 7, 'baixa', 'solucionado', 'chat', 'solicitacao', 'nivel1', 1, 4, 'desregistrado atos', 7, 7, 10, 0, '2018-10-17 12:52:37', '2018-10-17 13:01:59'),
(13, 1, 8, 'baixa', 'solucionado', 'chat', 'solicitacao', 'nivel1', 13, 4, 'desregistrado atos', 7, 7, 11, 0, '2018-10-17 13:01:32', '2018-10-17 13:44:02'),
(14, 10, 9, 'baixa', 'solucionado', 'chat', 'solicitacao', 'nivel2', 4, 7, 'Criado natureza formal e tipo de serviço.\r\n', 1, 9, 12, 0, '2018-10-17 13:12:17', '2018-10-17 13:19:15'),
(15, 11, 10, 'baixa', 'solucionado', 'chat', 'solicitacao', 'nivel2', 13, 6, 'Chat iniciado em 17/10/2018 às 10:23:34\r\nIP: 201.54.117.202 em 172.68.25.33\r\nTempo de Espera: 00:00:10\r\nDepartamento solicitado Camila\r\nRodrigo (10:23:34):\r\nOlá Evanize, em que posso ajudar?\r\nEvanize (10:23:59):\r\nolá\r\nRodrigo (10:24:00):\r\nBom dia Evanize, tudo bem?\r\nEvanize (10:24:19):\r\ntudo bom\r\nEvanize (10:24:38):\r\nentão gostaria de incluir uma minuta no registro auxiliar\r\nEvanize (10:24:54):\r\nretificação de dados pessoais\r\nRodrigo (10:26:10):\r\ncerto, vou passar para o Eduardo ele já cria pra você\r\nChat transferido para o departamento [Eduardo]\r\nAtendido por [Eduardo I.]\r\nEduardo I. (10:26:54):\r\nbom dia Evanize\r\nEvanize (10:28:03):\r\nboa dia Eduardo\r\nEduardo I. (10:28:47):\r\ntem o protocolo e o texto?\r\nEvanize (10:31:16):\r\nsim\r\nEvanize (10:31:23):\r\n78740\r\nEvanize (10:31:42):\r\ntexto está aberto\r\nEduardo I. (10:32:12):\r\nme passa os dados do teamviewer por gentileza\r\nEvanize (10:32:32):\r\n309 650 090\r\nEvanize (10:32:35):\r\n8191\r\nMensagem automática (10:35:55):\r\nEsse chat está há mais de 3 minutos sem interação de ambas as partes.\r\n\r\nMensagem automática (10:38:55):\r\nEsse chat está há mais de 6 minutos sem interação de ambas as partes.\r\n\r\nEvanize (10:39:24):\r\nprontinho Evanize\r\nEvanize (10:39:35):\r\nem que mais posso ajudar?\r\nEvanize (10:39:54):\r\nsomente obrigado Eduardo I\r\nEduardo I. (10:40:02):\r\nPor nada\r\nEduardo I. (10:40:07):\r\num ótimo dia!\r\nEvanize (10:40:19):\r\npara vc tambem,\r\nEduardo I. (10:40:24):\r\nObrigado', 8, 8, 13, 0, '2018-10-17 13:27:57', '2018-10-17 13:41:28'),
(17, 12, 11, 'baixa', 'solucionado', 'chat', 'solicitacao', 'nivel1', 16, 4, 'configurado impressora', 1, 7, 14, 0, '2018-10-17 13:53:48', '2018-10-17 14:33:07'),
(18, 14, 13, 'baixa', 'solucionado', 'chat', 'solicitacao', 'nivel2', 12, 5, 'Gerado novamente o arquivo CRI.', 2, 2, 15, 0, '2018-10-17 14:11:45', '2018-10-17 14:30:16'),
(19, 15, 14, 'baixa', 'solucionado', 'telefone', 'solicitacao', 'nivel2', 1, 5, 'Liberado transação no banco de dados.', 2, 2, 16, 0, '2018-10-17 14:35:05', '2018-10-17 14:35:43'),
(20, 1, 8, 'baixa', 'solucionado', 'chat', 'solicitacao', 'nivel1', 3, 2, 'Alterado caminho do IP', 1, 3, 17, 0, '2018-10-17 16:36:17', '2018-10-17 16:43:30'),
(21, 16, 15, 'baixa', 'solucionado', 'chat', 'solicitacao', 'nivel1', 1, 4, 'dúvidas sobre requisição de selos em certidão de inteiro teor de registro de matrícula', 1, 7, 18, 0, '2018-10-17 16:39:23', '2018-10-17 17:18:32'),
(22, 2, 16, 'baixa', 'solucionado', 'chat', 'solicitacao', 'nivel2', 3, 5, 'Alterado norma de tipo e serviço de encerramento de matrícula.', 2, 2, 19, 0, '2018-10-17 17:09:17', '2018-10-17 17:10:15'),
(23, 17, 17, 'baixa', 'solucionado', 'chat', 'solicitacao', 'nivel1', 8, 2, 'Dado Permissão para unificar pessoa', 3, 3, 20, 0, '2018-10-17 17:12:55', '2018-10-17 17:13:05'),
(24, 12, 11, 'baixa', 'solucionado', 'chat', 'solicitacao', 'nivel1', 16, 4, 'dúvidas', 1, 7, 21, 0, '2018-10-17 17:16:40', '2018-10-17 17:35:42'),
(25, 19, 19, 'baixa', 'solucionado', 'telefone', 'solicitacao', 'nivel2', 12, 7, 'Alterado filtro de Relatório.\r\n', 9, 9, 22, 0, '2018-10-17 17:21:44', '2018-10-17 17:22:07'),
(27, 20, 20, 'baixa', 'solucionado', 'chat', 'solicitacao', 'nivel2', 12, 5, 'Erro no exportador de processo, mas não teve erro depois que conferimos.', 2, 2, 24, 0, '2018-10-17 17:24:21', '2018-10-17 17:50:31'),
(28, 18, 18, 'baixa', 'solucionado', 'chat', 'solicitacao', 'nivel1', 1, 4, 'desregistrado atos', 7, 7, 25, 0, '2018-10-17 17:25:37', '2018-10-17 17:54:36'),
(29, 21, 21, 'baixa', 'solucionado', 'chat', 'solicitacao', 'nivel1', 1, 2, 'Desregistrado ato', 1, 3, 26, 0, '2018-10-17 17:38:02', '2018-10-17 17:42:01'),
(30, 11, 10, 'baixa', 'solucionado', 'chat', 'solicitacao', 'nivel1', 13, 4, 'criado tipo de serviço', 7, 7, 27, 0, '2018-10-17 17:43:22', '2018-10-17 18:00:48'),
(31, 3, 23, 'baixa', 'solucionado', 'chat', 'solicitacao', 'nivel2', 15, 5, 'Criado tipo de serviço, minuta , e ligado para cliente para tirar dúvida sobre ato.', 2, 2, 28, 0, '2018-10-17 18:05:28', '2018-10-17 19:16:47'),
(33, 24, 27, 'baixa', 'solucionado', 'chat', 'solicitacao', 'nivel1', 18, 4, 'Dúvidas sobre a exportação das imagens para a central eletrônica', 7, 7, 30, 0, '2018-10-17 18:56:55', '2018-10-17 19:11:08'),
(34, 25, 28, 'baixa', 'solucionado', 'chat', 'solicitacao', 'nivel1', 17, 4, 'Excluído ato de matrícula', 7, 7, 31, 0, '2018-10-17 19:00:40', '2018-10-17 19:07:42'),
(36, 22, 24, 'baixa', 'fechado', 'chat', 'solicitacao', 'nivel2', 12, 7, 'Criado Composição de custas, norma de cálculo e tipo de serviço para cobrança de Custas Postergadas, onde o usuário insere o valor dos emolumentos e do selo para cobrar por exemplo uma custa postergada de Penhora.', 9, 9, 33, 0, '2018-10-17 19:16:56', '2018-10-17 19:17:06'),
(37, 26, 29, 'baixa', 'solucionado', 'chat', 'solicitacao', 'nivel2', 2, 5, 'Alterado tipo de certidão de inteiro teor, era do tipo de inteiro teor , para tipo de ônus.', 1, 2, 34, 0, '2018-10-17 19:24:55', '2018-10-17 19:57:54'),
(39, 26, 31, 'baixa', 'solucionado', 'chat', 'solicitacao', 'nivel1', 13, 4, 'minuta', 1, 7, 36, 0, '2018-10-17 19:51:29', '2018-10-17 20:36:39'),
(40, 3, 30, 'baixa', 'solucionado', 'chat', 'solicitacao', 'nivel1', 1, 4, '', 1, NULL, 37, 0, '2018-10-17 19:51:59', '0000-00-00 00:00:00'),
(41, 19, 19, 'baixa', 'solucionado', 'chat', 'solicitacao', 'nivel2', 12, 6, '', 8, 6, 38, 0, '2018-10-17 20:24:53', '2018-10-17 20:10:00'),
(42, 23, 25, 'baixa', 'solucionado', 'chat', 'solicitacao', 'nivel2', 2, 6, '', 1, 6, 39, 0, '2018-10-17 20:28:35', '2018-10-17 20:11:17'),
(43, 28, 33, 'baixa', 'solucionado', 'telefone', 'solicitacao', 'nivel2', 1, 5, 'Instalado imob em terminais', 2, 2, 40, 0, '2018-10-18 11:30:00', '2018-10-18 13:10:18'),
(45, 29, 34, 'baixa', 'solucionado', 'chat', 'solicitacao', 'nivel1', 19, 4, 'reiniciado servidor postgres', 7, 7, 42, 0, '2018-10-18 11:54:29', '2018-10-18 11:55:04'),
(46, 15, 14, 'baixa', 'solucionado', 'telefone', 'solicitacao', 'nivel2', 12, 6, 'Passado para o Alcindo os dados levantados em relação ao erro nas custas de Uberaba. Precisa ver com o Norberto agora para corrigir o arredondamento que mostra na tela, somando os valores individuais não bate com o total mostrado na tela.', 8, 8, 43, 0, '2018-10-18 12:04:19', '2018-10-18 14:27:42'),
(47, 31, 35, 'baixa', 'solucionado', 'chat', 'solicitacao', 'nivel2', 18, 5, 'Passado lista de Clientes do Paraná.', 2, 2, 44, 0, '2018-10-18 12:17:53', '2018-10-18 13:05:46'),
(48, 30, 36, 'baixa', 'solucionado', 'chat', 'problema', 'nivel2', 2, 7, 'Liberado transação...', 9, 9, 45, 0, '2018-10-18 12:25:51', '2018-10-18 12:26:07'),
(49, 32, 37, 'baixa', 'solucionado', 'chat', 'solicitacao', 'nivel2', 2, 7, 'Atualizado XML e enviado novamente exportação.', 9, 9, 46, 0, '2018-10-18 12:28:29', '2018-10-18 12:36:22'),
(50, 33, 38, 'baixa', 'solucionado', 'chat', 'solicitacao', 'nivel1', 1, 2, 'Desregistrado', 3, 3, 47, 0, '2018-10-18 12:46:45', '2018-10-18 12:47:00'),
(51, 37, 42, 'baixa', 'solucionado', 'chat', 'solicitacao', 'nivel1', 16, 4, 'não foi configurado a impressora', 7, 7, 48, 0, '2018-10-18 12:53:56', '2018-10-18 14:50:21'),
(52, 38, 43, 'baixa', 'solucionado', 'chat', 'configuracao', 'nivel2', 2, 7, 'Configurado Token de envio do indicador pessoal do CRI-RS', 9, 9, 49, 0, '2018-10-18 13:06:59', '2018-10-18 13:42:48'),
(53, 29, 34, 'baixa', 'solucionado', 'chat', 'solicitacao', 'nivel2', 12, 5, 'Trocado de máquina o servidor,  pois deu problema no server atual. testado 2 máquinas e na 3ª deu certo.', 2, 2, 50, 0, '2018-10-18 13:11:42', '2018-10-18 20:15:49'),
(54, 34, 39, 'baixa', 'solucionado', 'chat', 'solicitacao', 'nivel2', 13, 6, '', 8, 8, 51, 0, '2018-10-18 13:45:11', '2018-10-18 14:27:19'),
(55, 20, 44, 'alta', 'solucionado', 'chat', 'solicitacao', 'nivel2', 12, 7, 'Criado pendência 3425 e 3426 para alteração de Recibo e Relatório de Caixa.', 9, 9, 52, 0, '2018-10-18 13:53:33', '2018-10-18 14:19:22'),
(56, 11, 10, 'baixa', 'solucionado', 'chat', 'solicitacao', 'nivel2', 13, 6, 'explicado para o Haroldo como usar a minuta de desmembramento', 8, 8, 53, 0, '2018-10-18 14:00:51', '2018-10-18 14:27:52'),
(57, 15, 14, 'baixa', 'solucionado', 'telefone', 'solicitacao', 'nivel2', 12, 7, 'Feito nova exportação do CORI.', 9, 9, 54, 0, '2018-10-18 14:28:03', '2018-10-18 16:14:13'),
(58, 7, 45, 'baixa', 'solucionado', 'chat', 'solicitacao', 'nivel2', 1, 6, '', 8, 8, 55, 0, '2018-10-18 14:35:02', '2018-10-18 14:35:28'),
(59, 39, 46, 'baixa', 'solucionado', 'chat', 'solicitacao', 'nivel2', 2, 7, 'Verificado imagens de Livro 3 que não existem e enviado restante de Livro 3 ao CRI-RS', 9, 9, 56, 0, '2018-10-18 16:51:38', '2018-10-18 17:14:56'),
(60, 40, 47, 'baixa', 'solucionado', 'chat', 'solicitacao', 'nivel2', 18, 6, '', 8, 8, 57, 0, '2018-10-18 17:26:55', '2018-10-18 17:34:28'),
(61, 41, 48, 'baixa', 'solucionado', 'chat', 'solicitacao', 'nivel2', 2, 7, 'Cancelado clausulas via banco de dados (O cancelamento do IMOB não funciona).', 9, 9, 58, 0, '2018-10-18 18:30:56', '2018-10-18 18:32:08'),
(62, 35, 40, 'baixa', 'solucionado', 'chat', 'solicitacao', 'nivel2', 1, 6, 'peguei as imagens e testei aqui, deu o mesmo erro de memória insuficiente. Passei para o Norberto testar.', 8, 8, 59, 0, '2018-10-18 19:17:10', '2018-10-18 19:48:43'),
(63, 14, 13, 'baixa', 'solucionado', 'chat', 'solicitacao', 'nivel2', 1, 6, 'explicado como alterar a data da matricula', 8, 8, 60, 0, '2018-10-18 19:18:27', '2018-10-18 19:42:30'),
(64, 43, 49, 'baixa', 'solucionado', 'chat', 'solicitacao', 'nivel2', 12, 7, 'Feito verificação no LOG.', 9, 9, 61, 0, '2018-10-18 19:28:10', '2018-10-18 19:28:54'),
(65, 7, 50, 'baixa', 'solucionado', 'telefone', 'solicitacao', 'nivel2', 1, 5, 'Instalado programa de funrejus.', 2, 2, 62, 0, '2018-10-18 19:57:42', '2018-10-19 11:39:12'),
(66, 21, 51, 'baixa', 'solucionado', 'chat', 'solicitacao', 'nivel2', 2, 7, '', 9, 9, 63, 0, '2018-10-18 20:10:53', '2018-10-18 20:11:02'),
(67, 44, 52, 'baixa', 'solucionado', 'chat', 'solicitacao', 'nivel2', 2, 7, 'Auxiliado com a CNIB.', 9, 9, 64, 0, '2018-10-18 20:16:08', '2018-10-19 11:41:01'),
(68, 4, 54, 'baixa', 'solucionado', 'telefone', 'solicitacao', 'nivel1', 13, 4, 'configurado modelos devido troca de office', 7, 7, 65, 0, '2018-10-19 11:46:14', '2018-10-19 19:33:25'),
(69, 46, 55, 'baixa', 'solucionado', 'chat', 'solicitacao', 'nivel2', 12, 5, 'Visto código do selo via Banco de dados.', 2, 2, 66, 0, '2018-10-19 11:48:56', '2018-10-19 12:22:52'),
(70, 23, 25, 'baixa', 'solucionado', 'chat', 'solicitacao', 'nivel2', 13, 6, '', 8, 8, 67, 0, '2018-10-19 12:07:45', '2018-10-19 14:08:24'),
(71, 6, 56, 'baixa', 'solucionado', 'chat', 'solicitacao', 'nivel2', 2, 7, 'Configurado modelo de certidão positiva de propriedade.', 9, 9, 68, 0, '2018-10-19 12:18:05', '2018-10-19 12:55:45'),
(72, 23, 57, 'baixa', 'solucionado', 'chat', 'solicitacao', 'nivel2', 2, 7, 'Cliente não respondeu.', 9, 9, 69, 0, '2018-10-19 12:54:58', '2018-10-19 13:44:48'),
(73, 20, 44, 'baixa', 'pendente', 'chat', 'solicitacao', 'nivel2', 2, 7, '', 9, NULL, 70, 0, '2018-10-19 13:07:16', '0000-00-00 00:00:00'),
(74, 47, 58, 'baixa', 'solucionado', 'chat', 'solicitacao', 'nivel1', 1, 4, 'desregistrado ato e alterado modelo de documento', 7, 7, 71, 0, '2018-10-19 13:18:02', '2018-10-19 13:18:16'),
(75, 8, 5, 'baixa', 'solucionado', 'chat', 'solicitacao', 'nivel2', 13, 5, 'Criado minutas.', 2, 2, 72, 0, '2018-10-19 13:26:55', '2018-10-19 13:38:32'),
(76, 48, 60, 'baixa', 'solucionado', 'chat', 'solicitacao', 'nivel2', 9, 5, 'Alterado data de registro e data de selo', 2, 2, 73, 0, '2018-10-19 13:46:39', '2018-10-19 13:58:58'),
(77, 49, 61, 'baixa', 'solucionado', 'chat', 'solicitacao', 'nivel2', 9, 5, 'Requisitado selo para depois gerar a certidão.', 2, 2, 74, 0, '2018-10-19 14:05:25', '2018-10-19 14:41:43'),
(78, 50, 62, 'baixa', 'solucionado', 'chat', 'solicitacao', 'nivel2', 1, 5, 'Reaberto RA pelo banco de dados.', 2, 2, 75, 0, '2018-10-19 14:15:28', '2018-10-19 14:41:03'),
(79, 21, 22, 'baixa', 'solucionado', 'chat', 'solicitacao', 'nivel1', 1, 4, 'desregistrado atos', 7, 7, 76, 0, '2018-10-19 14:16:32', '2018-10-19 14:16:51'),
(80, 34, 39, 'baixa', 'solucionado', 'chat', 'configuracao', 'nivel2', 1, 6, '', 8, 8, 77, 0, '2018-10-19 14:25:33', '2018-10-19 14:25:46'),
(81, 47, 58, 'baixa', 'solucionado', 'chat', 'solicitacao', 'nivel2', 2, 7, 'Configurado e feito envido do CRI-RS', 9, 9, 78, 0, '2018-10-19 14:52:57', '2018-10-19 16:05:58'),
(82, 51, 63, 'baixa', 'solucionado', 'chat', 'solicitacao', 'nivel2', 2, 5, 'Reparado office e reiniciado  o terminal.', 2, 2, 79, 0, '2018-10-19 16:14:10', '2018-10-19 16:16:01'),
(83, 52, 64, 'baixa', 'solucionado', 'chat', 'solicitacao', 'nivel2', 12, 5, 'Desregistrado ato e liberado transação', 2, 2, 80, 0, '2018-10-19 16:33:13', '2018-10-19 17:29:24'),
(84, 15, 14, 'baixa', 'solucionado', 'telefone', 'solicitacao', 'nivel2', 1, 6, 'Problema com área construída. Arrumado no banco.', 8, 8, 81, 0, '2018-10-19 17:33:57', '2018-10-19 17:36:12'),
(85, 53, 65, 'baixa', 'solucionado', 'chat', 'solicitacao', 'nivel2', 2, 7, 'Alterado nome da cidade no modelo de documento de impressão do livro protocolo.', 9, 9, 82, 0, '2018-10-19 17:42:55', '2018-10-19 17:54:40'),
(86, 54, 66, 'baixa', 'solucionado', 'chat', 'solicitacao', 'nivel2', 2, 5, 'Desregistrado pelo banco av de casamento.', 2, 2, 83, 0, '2018-10-19 18:06:01', '2018-10-19 18:06:36'),
(87, 52, 64, 'baixa', 'solucionado', 'telefone', 'solicitacao', 'nivel2', 12, 6, 'Relatório de despesas para enviar à RF. Explicado como utilizar os relatórios do provimento 45 e o de lançamentos usando o filtro.', 8, 8, 84, 0, '2018-10-19 18:43:41', '2018-10-19 18:44:33'),
(88, 19, 67, 'baixa', 'solucionado', 'chat', 'solicitacao', 'nivel2', 2, 7, 'Auxiliado com matrículas.', 9, 9, 85, 0, '2018-10-19 19:08:32', '2018-10-19 20:06:34'),
(89, 54, 68, 'baixa', 'solucionado', 'chat', 'solicitacao', 'nivel2', 12, 5, 'Desvinculado protocolo de vários atos, desregistrado abertura e ensinado a fazer nova nota de devolução em protocolo.', 2, 2, 86, 0, '2018-10-19 19:09:31', '2018-10-19 19:47:22'),
(90, 47, 58, 'baixa', 'solucionado', 'chat', 'solicitacao', 'nivel2', 1, 6, '', 8, 8, 87, 0, '2018-10-19 19:40:14', '2018-10-22 11:32:24'),
(91, 54, 69, 'baixa', 'solucionado', 'chat', 'solicitacao', 'nivel2', 2, 7, '', 9, 9, 88, 0, '2018-10-19 20:06:18', '2018-10-19 20:16:15'),
(92, 110, 70, 'baixa', 'solucionado', 'chat', 'solicitacao', 'nivel1', 18, 4, 'dúvidas em relação a função cadastrada ', 7, 7, 89, 0, '2018-10-19 20:21:24', '2018-10-19 20:21:39'),
(93, 42, 71, 'baixa', 'solucionado', 'chat', 'solicitacao', 'nivel2', 18, 5, 'Altetrado minuta de consolidação de propriedade para ser registro.', 2, 2, 90, 0, '2018-10-22 11:51:33', '2018-10-22 12:06:38'),
(94, 68, 72, 'baixa', 'solucionado', 'telefone', 'solicitacao', 'nivel2', 12, 6, 'Ela ficou de enviar um e-mail com os exemplos para testar o relatório e não retornou. Bem como enviar o oficio do Juiz solicitando a alteração no relatório do provimento 45 de depósito prévio', 8, 8, 91, 0, '2018-10-22 12:19:36', '2018-10-22 13:45:33'),
(95, 4, 73, 'baixa', 'fechado', 'chat', 'solicitacao', 'nivel2', 2, 7, 'Alex: orientado como imprimir pelo word, pois estava com dúvidas, a outra solicitação era para arrumar modelo de ficha, foi transferido o atendimento para o Rodrigo                    \r\nFilipe: Desenhado fichas do Livro 2 e 3.', 9, 7, 92, 0, '2018-10-22 12:20:26', '2018-10-22 12:20:57'),
(96, 76, 74, 'baixa', 'solucionado', 'chat', 'solicitacao', 'nivel1', 13, 4, 'minuta e natureza formal', 7, 7, 93, 0, '2018-10-22 12:28:43', '2018-10-22 12:28:59'),
(97, 80, 75, 'baixa', 'solucionado', 'telefone', 'solicitacao', 'nivel2', 18, 5, 'Tirado dúvida sobre office 2016 que eles gostariam de instalar.', 2, 2, 94, 0, '2018-10-22 12:31:01', '2018-10-22 12:31:32'),
(98, 96, 77, 'baixa', 'solucionado', 'chat', 'solicitacao', 'nivel1', 19, 4, 'foi pedido para reiniciar o servidor, pois o banco havia parado e não reiniciava', 7, 7, 95, 0, '2018-10-22 12:49:40', '2018-10-22 13:18:02'),
(99, 3, 79, 'baixa', 'solucionado', 'telefone', 'solicitacao', 'nivel2', 18, 5, 'Instalado no padrão de classe impressora para comprovantes.', 2, 2, 96, 0, '2018-10-22 13:00:21', '2018-10-22 13:00:53'),
(100, 69, 80, 'baixa', 'solucionado', 'telefone', 'solicitacao', 'nivel2', 12, 6, 'problema com timezone, tem que mudar manualmente para timezone = \'UTC+3\' e depois mudar de novo para América/São_Paulo e ver se resolve', 8, 8, 97, 0, '2018-10-22 13:20:24', '2018-10-22 13:47:04'),
(101, 73, 81, 'baixa', 'solucionado', 'telefone', 'solicitacao', 'nivel2', 18, 5, 'Liberado transação.', 2, 2, 98, 0, '2018-10-22 13:22:00', '2018-10-22 13:22:20'),
(102, 128, 82, 'baixa', 'solucionado', 'chat', 'solicitacao', 'nivel2', 2, 5, 'Orientado que entraremos em contato quando exportarmos o CRI.', 1, 2, 99, 0, '2018-10-22 13:44:07', '2018-10-22 13:56:35'),
(103, 15, 14, 'baixa', 'solucionado', 'telefone', 'solicitacao', 'nivel2', 12, 6, 'Fiz os testes pedidos pelo Alcindo e passado pelo Rodrigo, mas não consegui reproduzir aqui o erro, precisam passar mais exemplos. o que passaram não deu erro, apesar de ter ficar com 1 centavo a menos no valor total (comparado com a soma das custas individuais)', 8, 8, 100, 0, '2018-10-22 13:45:43', '2018-10-22 14:14:41'),
(104, 53, 83, 'baixa', 'solucionado', 'chat', 'solicitacao', 'nivel1', 13, 4, 'Dúvidas sobre preenchimento de tipo de certidão ', 1, 7, 101, 0, '2018-10-22 13:49:49', '2018-10-22 13:54:24'),
(105, 77, 84, 'baixa', 'solucionado', 'chat', 'solicitacao', 'nivel2', 12, 5, 'Arrumado gramatica da etapa de certidão entregue, estava escrito errado.', 1, 2, 102, 0, '2018-10-22 13:54:43', '2018-10-22 14:09:01'),
(106, 57, 85, 'baixa', 'solucionado', 'telefone', 'solicitacao', 'nivel2', 18, 5, 'Instalado programas no servidor novo', 2, 2, 103, 0, '2018-10-22 14:08:16', '2018-10-22 20:34:04'),
(107, 164, 86, 'baixa', 'solucionado', 'telefone', 'solicitacao', 'nivel2', 9, 5, 'Explicado como funciona o Backup Web', 2, 2, 104, 0, '2018-10-22 14:24:26', '2018-10-22 14:25:18'),
(108, 8, 87, 'baixa', 'solucionado', 'chat', 'solicitacao', 'nivel1', 13, 4, 'minuta', 7, 7, 105, 0, '2018-10-22 14:25:01', '2018-10-22 14:25:13'),
(109, 164, 86, 'baixa', 'solucionado', 'telefone', 'solicitacao', 'nivel2', 2, 7, 'Configurado HD externo como espelho.', 9, 9, 106, 0, '2018-10-22 14:33:38', '2018-10-22 14:47:01'),
(110, 76, 88, 'baixa', 'solucionado', 'telefone', 'solicitacao', 'nivel2', 18, 5, 'Tirado dúvidas sobre caixa e financeiro.', 2, 2, 107, 0, '2018-10-22 15:04:05', '2018-10-22 15:05:14'),
(111, 91, 89, 'baixa', 'solucionado', 'chat', 'solicitacao', 'nivel1', 16, 4, 'configurado impressora', 7, 7, 108, 0, '2018-10-22 15:55:51', '2018-10-22 15:56:01'),
(112, 76, 74, 'baixa', 'solucionado', 'chat', 'solicitacao', 'nivel1', 13, 4, 'Orientado sobre qual minuta era a correta', 7, 7, 109, 0, '2018-10-22 15:59:15', '2018-10-22 15:59:25'),
(113, 35, 40, 'baixa', 'solucionado', 'chat', 'solicitacao', 'nivel2', 12, 6, 'o Divo está testando e verificando o erro ao exportar 3 matrículas', 8, 8, 110, 0, '2018-10-22 16:09:22', '2018-10-22 16:09:54'),
(114, 4, 73, 'baixa', 'solucionado', 'chat', 'solicitacao', 'nivel2', 12, 7, 'Alterado serviços e criado modelos de certidão.', 9, 9, 111, 0, '2018-10-22 16:17:55', '2018-10-22 20:10:07'),
(115, 71, 90, 'baixa', 'solucionado', 'telefone', 'solicitacao', 'nivel2', 12, 6, 'Explicado mais uma vez a diferença entre os relatórios do provimento e do de caixa', 8, 8, 112, 0, '2018-10-22 16:36:11', '2018-10-22 16:41:24'),
(116, 49, 61, 'baixa', 'solucionado', 'chat', 'solicitacao', 'nivel2', 3, 5, 'Configurado papel na impressora', 2, 2, 113, 0, '2018-10-22 16:50:47', '2018-10-22 17:33:51'),
(117, 93, 93, 'baixa', 'solucionado', 'chat', 'solicitacao', 'nivel2', 9, 5, 'Problema na impressão, ai foi preciso reinstalar o office, instalar frameworks e open XML e pedido para reiniciar.', 2, 2, 114, 0, '2018-10-22 17:40:59', '2018-10-22 19:29:00'),
(118, 27, 94, 'baixa', 'solucionado', 'chat', 'solicitacao', 'nivel2', 1, 6, '', 8, 8, 115, 0, '2018-10-22 17:57:32', '2018-10-22 18:17:44'),
(119, 4, 73, 'baixa', 'solucionado', 'chat', 'solicitacao', 'nivel2', 12, 6, 'não respondeu e já existe o relatório o Rafael fez semana passada.', 8, 8, 116, 0, '2018-10-22 18:45:16', '2018-10-22 18:51:02'),
(120, 115, 95, 'baixa', 'solucionado', 'chat', 'solicitacao', 'nivel2', 12, 6, '', 8, 8, 117, 0, '2018-10-22 18:49:23', '2018-10-22 20:30:48'),
(121, 20, 44, 'baixa', 'solucionado', 'chat', 'solicitacao', 'nivel2', 12, 6, '', 8, 8, 118, 0, '2018-10-22 19:08:00', '2018-10-22 20:30:38'),
(122, 42, 92, 'baixa', 'solucionado', 'telefone', 'solicitacao', 'nivel2', 12, 5, 'Tirado dúvidas sobre relatório do provimento 45', 2, 2, 119, 0, '2018-10-22 19:30:59', '2018-10-22 19:54:56'),
(123, 94, 96, 'baixa', 'solucionado', 'chat', 'solicitacao', 'nivel2', 12, 7, 'Verificado problema ao salvar pedido de certidão.', 9, 9, 120, 0, '2018-10-22 19:42:42', '2018-10-22 20:09:45'),
(124, 32, 97, 'baixa', 'solucionado', 'chat', 'solicitacao', 'nivel2', 18, 5, 'Desregistrado ato e  voltado selo para exportação.', 2, 2, 121, 0, '2018-10-22 20:13:31', '2018-10-22 20:14:10'),
(125, 102, 98, 'baixa', 'solucionado', 'telefone', 'solicitacao', 'nivel2', 12, 6, 'Problema com backup, não está fazendo e nem enviando o backup web. Dúvida sobre o registro eletrônico. Avisado a Renata do HD com problema, configurado para fazer no externo e tirado as dúvidas do registro eletrônico.', 8, 8, 122, 0, '2018-10-23 11:50:02', '2018-10-23 12:52:06'),
(126, 4, 73, 'baixa', 'solucionado', 'chat', 'solicitacao', 'nivel2', 12, 7, 'Realizado diversas configurações.', 9, 9, 123, 0, '2018-10-23 12:28:37', '2018-10-23 14:19:57'),
(127, 65, 99, 'baixa', 'solucionado', 'chat', 'solicitacao', 'nivel2', 12, 6, 'reconfigurei permissões e pastas de backups, tem que esperar para ver se o próximo vai fazer certo.', 8, 8, 124, 0, '2018-10-23 12:29:07', '2018-10-23 12:51:19'),
(128, 153, 100, 'baixa', 'solucionado', 'chat', 'solicitacao', 'nivel2', 2, 5, 'Adicionado campos de recibo na consulta para recepção e pedido de certidão.', 2, 2, 125, 0, '2018-10-23 12:37:19', '2018-10-23 13:05:17'),
(129, 23, 101, 'baixa', 'solucionado', 'chat', 'solicitacao', 'nivel2', 3, 5, 'Arrumado exportador de processo para exportar os processos, pois estava desabilitado a pedido do José Eduardo.', 2, 2, 126, 0, '2018-10-23 13:05:53', '2018-10-23 15:10:48'),
(130, 15, 14, 'baixa', 'solucionado', 'telefone', 'solicitacao', 'nivel2', 12, 6, 'Passado para o Alcindo verificar os prazos e retornar para o Rodrigo. 1) Relatório de Adriana\r\n2) Envio do BDS diário que não envia as imagens (Filipe estava vendo)\r\n3) Envio da carga inicial\r\n4) problema nas custas, o IMOB lista 0,01 centavo a menos no total e em um serviço que tiveram com 120 atos deu 1,20 a menos do que o total do recibo (que é baseado na soma dos serviços discriminados)\r\n5) Etiqueta com muitos atos não gera (isso é um problema do IMOB mesmo) e agora tem QRcode lá, não dá para fazer manualmente mais como ele fazia\r\n6) otimização de recibos que ficamos de ver para eles e não foi feito, mas isso eu pedi um modelo e ele vai passar', 8, 8, 127, 0, '2018-10-23 13:07:21', '2018-10-23 13:33:51'),
(131, 102, 98, 'baixa', 'solucionado', 'chat', 'solicitacao', 'nivel2', 12, 6, 'Configurado e  testado o registro eletrônico.', 8, 8, 128, 0, '2018-10-23 13:57:07', '2018-10-23 16:37:16'),
(132, 69, 80, 'baixa', 'solucionado', 'chat', 'solicitacao', 'nivel2', 12, 7, 'Alterado Timezone para UTC+3 temporariamente.', 9, 9, 129, 0, '2018-10-23 14:08:57', '2018-10-23 16:06:00'),
(133, 23, 25, 'baixa', 'solucionado', 'chat', 'solicitacao', 'nivel2', 12, 5, 'Alterado data do servidor pelo postgres.conf.', 1, 2, 130, 0, '2018-10-23 14:19:11', '2018-10-23 15:10:03'),
(134, 26, 102, 'baixa', 'solucionado', 'chat', 'solicitacao', 'nivel2', 9, 5, 'Alterado data de registros', 2, 2, 131, 0, '2018-10-23 15:12:22', '2018-10-23 15:12:43'),
(135, 69, 80, 'baixa', 'solucionado', 'telefone', 'solicitacao', 'nivel2', 12, 7, 'Replicação de servidor.', 9, 9, 132, 0, '2018-10-23 16:33:49', '2018-10-23 19:31:35'),
(136, 20, 44, 'baixa', 'solucionado', 'chat', 'solicitacao', 'nivel2', 12, 5, 'Apenas visto quem importou lote de selo erroneamente, mas não foi possível ver pelo log.', 2, 2, 133, 0, '2018-10-23 17:06:54', '2018-10-23 17:12:10'),
(137, 128, 82, 'baixa', 'solucionado', 'chat', 'solicitacao', 'nivel2', 12, 6, '', 8, 8, 134, 0, '2018-10-23 17:54:18', '2018-10-23 18:31:50'),
(138, 1, 103, 'baixa', 'solucionado', 'chat', 'solicitacao', 'nivel2', 12, 5, 'problema no sistema operacional, estava dando erro no windows explorer, ela entrará em contato com o técnico.', 1, 2, 135, 0, '2018-10-23 18:10:39', '2018-10-23 18:27:40'),
(139, 54, 104, 'baixa', 'solucionado', 'chat', 'solicitacao', 'nivel2', 12, 7, 'Norma já existia e serviço foi criado pelo próprio usuário.', 9, 9, 136, 0, '2018-10-23 18:13:17', '2018-10-23 18:17:04'),
(140, 102, 98, 'baixa', 'solucionado', 'chat', 'solicitacao', 'nivel2', 12, 6, 'Configurado o backup no HD novo, o antigo queimou. Agendado 2 backups para hoje. Liguei avisando ela.', 8, 8, 137, 0, '2018-10-23 18:31:08', '2018-10-23 19:06:10'),
(141, 15, 14, 'baixa', 'solucionado', 'telefone', 'solicitacao', 'nivel2', 12, 6, 'simulado e passado os dados para o Alcindo.', 8, 8, 138, 0, '2018-10-23 18:32:18', '2018-10-23 19:16:10'),
(142, 152, 105, 'baixa', 'solucionado', 'chat', 'solicitacao', 'nivel2', 2, 7, 'Excluído ficha de pessoa que foi unificada de forma errada.', 9, 9, 139, 0, '2018-10-23 19:20:27', '2018-10-23 19:30:06'),
(143, 23, 25, 'baixa', 'solucionado', 'chat', 'solicitacao', 'nivel2', 2, 5, 'colocado para  exportar novamente um processo.', 2, 2, 140, 0, '2018-10-23 19:27:44', '2018-10-23 20:31:29'),
(144, 29, 34, 'baixa', 'solucionado', 'chat', 'solicitacao', 'nivel2', 12, 6, '', 8, 8, 141, 0, '2018-10-23 19:33:16', '2018-10-23 20:05:31'),
(145, 3, 23, 'baixa', 'solucionado', 'chat', 'solicitacao', 'nivel2', 12, 7, 'Verificado que terminais tem perdido conexão com o servidor.', 9, 9, 142, 0, '2018-10-23 19:39:15', '2018-10-23 19:52:32'),
(146, 8, 87, 'baixa', 'solucionado', 'chat', 'solicitacao', 'nivel1', 1, 4, 'desregistrado ato', 7, 7, 143, 0, '2018-10-23 20:07:15', '2018-10-23 20:07:26'),
(147, 21, 21, 'baixa', 'solucionado', 'chat', 'solicitacao', 'nivel1', 1, 4, 'desregistrado atos', 7, 7, 144, 0, '2018-10-23 20:08:20', '2018-10-23 20:08:31'),
(148, 93, 106, 'baixa', 'solucionado', 'chat', 'solicitacao', 'nivel1', 1, 4, 'desregistrado atos', 7, 7, 145, 0, '2018-10-23 20:13:01', '2018-10-23 20:13:14'),
(149, 11, 107, 'baixa', 'solucionado', 'chat', 'solicitacao', 'nivel1', 1, 4, 'Encerrado matrícula', 7, 7, 146, 0, '2018-10-23 20:16:38', '2018-10-23 20:16:50'),
(150, 1, 108, 'baixa', 'solucionado', 'chat', 'solicitacao', 'nivel1', 13, 4, 'minuta', 7, 7, 147, 0, '2018-10-23 20:20:42', '2018-10-23 20:20:53'),
(151, 8, 87, 'baixa', 'solucionado', 'chat', 'solicitacao', 'nivel1', 1, 4, 'desregistrado atos', 7, 7, 148, 0, '2018-10-23 20:23:33', '2018-10-23 20:23:43'),
(152, 3, 30, 'baixa', 'solucionado', 'chat', 'solicitacao', 'nivel1', 1, 4, 'desregistrado atos', 7, 7, 149, 0, '2018-10-23 20:25:56', '2018-10-23 20:26:08'),
(153, 43, 109, 'baixa', 'solucionado', 'chat', 'solicitacao', 'nivel1', 1, 4, 'desregistrado atos', 7, 7, 150, 0, '2018-10-23 20:29:49', '2018-10-23 20:30:10'),
(154, 112, 111, 'baixa', 'solucionado', 'telefone', 'solicitacao', 'nivel2', 12, 5, 'Cliente ligou para trocarmos  o HD externo.', 1, 2, 151, 0, '2018-10-24 11:45:49', '2018-10-24 11:53:43'),
(155, 92, 110, 'baixa', 'solucionado', 'chat', 'solicitacao', 'nivel2', 18, 6, 'Liberado transações', 8, 8, 152, 0, '2018-10-24 11:45:53', '2018-10-24 11:59:57'),
(156, 54, 68, 'baixa', 'solucionado', 'chat', 'solicitacao', 'nivel1', 13, 4, 'marcado a opção de liberado no modelo que o usuário havia criado', 7, 7, 153, 0, '2018-10-24 11:48:00', '2018-10-24 12:13:53'),
(157, 29, 34, 'baixa', 'solucionado', 'chat', 'solicitacao', 'nivel1', 13, 4, 'minuta', 7, 7, 154, 0, '2018-10-24 12:01:17', '2018-10-24 12:13:38'),
(158, 47, 58, 'baixa', 'solucionado', 'chat', 'solicitacao', 'nivel2', 12, 7, 'Alterado timezone no arquivo de configuração.', 9, 9, 155, 0, '2018-10-24 12:02:57', '2018-10-24 12:04:01'),
(159, 4, 73, 'baixa', 'solucionado', 'chat', 'solicitacao', 'nivel2', 12, 5, 'Instalado o programa do URE, e ensinado como usar.', 2, 1, 156, 0, '2018-10-24 12:11:30', '2018-10-24 13:38:41'),
(160, 68, 72, 'baixa', 'solucionado', 'telefone', 'solicitacao', 'nivel2', 12, 6, 'alterado o relatório de receitas e despesas personalizado.', 8, 8, 157, 0, '2018-10-24 12:29:34', '2018-10-24 12:45:49'),
(161, 45, 112, 'baixa', 'solucionado', 'chat', 'solicitacao', 'nivel1', 21, 4, 'permissão', 7, 7, 158, 0, '2018-10-24 12:34:56', '2018-10-24 12:35:09'),
(162, 68, 72, 'baixa', 'solucionado', 'telefone', 'solicitacao', 'nivel1', 21, 4, 'permissão para a usuárias Alexandrina e Jeyce, em lançamento de conta de caixa e lançamento de caixa personalizado, para somente cadastrar, igual a usuária Carol', 7, 7, 159, 0, '2018-10-24 12:42:08', '2018-10-24 12:51:07'),
(163, 3, 103, 'baixa', 'solucionado', 'chat', 'solicitacao', 'nivel1', 1, 4, 'Desregistrado atos', 7, 7, 160, 0, '2018-10-24 13:00:29', '2018-10-24 13:00:46'),
(164, 26, 102, 'baixa', 'solucionado', 'chat', 'solicitacao', 'nivel1', 9, 4, 'alterado data de registro de matrícula', 7, 7, 161, 0, '2018-10-24 13:02:11', '2018-10-24 13:02:22'),
(165, 113, 113, 'baixa', 'solucionado', 'chat', 'solicitacao', 'nivel2', 12, 7, 'Incluído selos para exportarem novamente.', 9, 9, 162, 0, '2018-10-24 13:06:02', '2018-10-24 13:26:14'),
(166, 15, 14, 'baixa', 'solucionado', 'telefone', 'solicitacao', 'nivel1', 22, 4, 'Cadastrado usuária Taynara, grupo balcão e cadastro, permissões semelhantes a Aliandra', 7, 7, 163, 0, '2018-10-24 13:15:40', '2018-10-24 13:15:53'),
(167, 149, 114, 'baixa', 'solucionado', 'chat', 'solicitacao', 'nivel2', 12, 6, '', 8, 8, 164, 0, '2018-10-24 13:33:40', '2018-10-24 13:34:34'),
(168, 106, 115, 'baixa', 'solucionado', 'chat', 'solicitacao', 'nivel2', 18, 5, 'Arrumado abertura de matricula e tirado dúvida sobre exportador de processo.', 2, 2, 165, 0, '2018-10-24 13:50:47', '2018-10-24 14:08:35'),
(169, 11, 10, 'baixa', 'solucionado', 'chat', 'solicitacao', 'nivel1', 13, 4, 'minuta', 7, 7, 166, 0, '2018-10-24 13:58:44', '2018-10-24 13:58:54'),
(170, 15, 14, 'baixa', 'solucionado', 'telefone', 'solicitacao', 'nivel2', 122, 6, 'permissão para usuárias Alexandrina e Jeyce, classe clientes física e jurídica', 7, 7, 167, 0, '2018-10-24 14:00:43', '2018-10-24 14:01:22'),
(171, 15, 14, 'baixa', 'solucionado', 'telefone', 'solicitacao', 'nivel1', 21, 4, 'permissão para a usuária Taynara, certidão permitir cadastrar e remover as permissões no módulo matrícula', 7, 7, 168, 0, '2018-10-24 14:03:23', '2018-10-24 14:03:36'),
(172, 35, 117, 'baixa', 'solucionado', 'chat', 'solicitacao', 'nivel2', 12, 6, '', 8, 8, 169, 0, '2018-10-24 14:09:26', '2018-10-24 14:25:36'),
(173, 136, 116, 'baixa', 'solucionado', 'chat', 'solicitacao', 'nivel1', 16, 4, 'ficou de entrar em contato novamente após o almoço', 7, 7, 170, 0, '2018-10-24 14:10:14', '2018-10-24 14:10:29'),
(174, 21, 21, 'baixa', 'solucionado', 'telefone', 'solicitacao', 'nivel1', 24, 4, 'liberado transações pendentes no banco ', 7, 7, 171, 0, '2018-10-24 14:12:34', '2018-10-24 14:12:44'),
(175, 23, 25, 'baixa', 'solucionado', 'chat', 'solicitacao', 'nivel2', 2, 5, 'Colocado para exportar novamente alguns processos.', 2, 2, 172, 0, '2018-10-24 14:13:38', '2018-10-24 14:57:25'),
(176, 145, 118, 'baixa', 'solucionado', 'telefone', 'solicitacao', 'nivel1', 1, 4, 'desregistrado atos, o histórico do chat encontra-se no ticket 52776                                                                                                                                                                                 ', 7, 7, 173, 0, '2018-10-24 14:17:14', '2018-10-24 14:19:47'),
(177, 4, 73, 'baixa', 'solucionado', 'chat', 'solicitacao', 'nivel1', 25, 4, 'não foi possível instalar o imob, pois o usuário não interagiu com o chat após algumas tentativas de interação, o chat encerrou por inatividade', 7, 7, 174, 0, '2018-10-24 14:22:08', '2018-10-24 14:44:19'),
(178, 30, 119, 'baixa', 'solucionado', 'telefone', 'solicitacao', 'nivel2', 12, 6, 'arrumado o backup no HD externo e testado.', 8, 8, 175, 0, '2018-10-24 14:25:25', '2018-10-24 16:22:10'),
(179, 69, 80, 'baixa', 'solucionado', 'chat', 'solicitacao', 'nivel2', 12, 6, '', 8, 8, 176, 0, '2018-10-24 14:26:31', '2018-10-24 14:46:22'),
(180, 15, 14, 'baixa', 'solucionado', 'telefone', 'solicitacao', 'nivel1', 21, 4, 'permissão para Taynara, pedido de certidão', 7, 7, 177, 0, '2018-10-24 14:57:06', '2018-10-24 15:56:03'),
(181, 73, 81, 'baixa', 'solucionado', 'telefone', 'solicitacao', 'nivel1', 24, 4, 'liberado transações pendentes no banco de dados', 7, 7, 178, 0, '2018-10-24 16:12:48', '2018-10-24 16:13:05'),
(182, 19, 120, 'baixa', 'solucionado', 'chat', 'solicitacao', 'nivel2', 12, 7, 'Aconselhado verificar com Oficial como de fato deve ser feito o serviço.', 9, 9, 179, 0, '2018-10-24 16:17:41', '2018-10-24 16:46:34'),
(183, 8, 5, 'baixa', 'solucionado', 'chat', 'solicitacao', 'nivel1', 13, 4, 'minuta', 7, 7, 180, 0, '2018-10-24 16:49:33', '2018-10-24 16:53:41'),
(184, 72, 121, 'baixa', 'solucionado', 'chat', 'solicitacao', 'nivel1', 1, 4, 'desregistrado atos', 7, 7, 181, 0, '2018-10-24 17:23:58', '2018-10-24 17:51:24'),
(185, 102, 98, 'baixa', 'solucionado', 'chat', 'solicitacao', 'nivel2', 12, 6, '', 8, 8, 182, 0, '2018-10-24 17:47:48', '2018-10-24 17:58:20'),
(186, 3, 122, 'baixa', 'solucionado', 'chat', 'solicitacao', 'nivel1', 15, 4, 'associado classe à natureza formal, alterado texto de modelo de documento, instalado visualizeit', 7, 7, 183, 0, '2018-10-24 17:50:25', '2018-10-24 17:51:05'),
(187, 113, 123, 'baixa', 'solucionado', 'chat', 'solicitacao', 'nivel2', 1, 5, 'Desregistrado ato', 2, 2, 184, 0, '2018-10-24 18:10:08', '2018-10-24 18:27:52'),
(188, 4, 73, 'baixa', 'solucionado', 'chat', 'solicitacao', 'nivel2', 12, 7, 'Alterado configurações de certidão positiva de ônus de matrícula.', 9, 9, 185, 0, '2018-10-24 19:08:00', '2018-10-24 19:50:06'),
(189, 25, 124, 'baixa', 'solucionado', 'chat', 'solicitacao', 'nivel2', 18, 5, 'Associado minuta ao protocolo.', 2, 2, 186, 0, '2018-10-24 19:25:59', '2018-10-24 19:34:21'),
(190, 57, 85, 'baixa', 'solucionado', 'chat', 'solicitacao', 'nivel2', 12, 5, 'Troca de servidor, trocado para postgres 10 em terminal novo', 1, 2, 187, 0, '2018-10-24 19:49:42', '2018-10-24 20:32:12'),
(191, 116, 125, 'baixa', 'solucionado', 'chat', 'solicitacao', 'nivel1', 13, 4, 'minuta', 7, 7, 188, 0, '2018-10-24 19:53:44', '2018-10-24 19:53:56'),
(192, 8, 5, 'baixa', 'solucionado', 'chat', 'solicitacao', 'nivel1', 13, 4, 'minuta', 7, 7, 189, 0, '2018-10-24 19:55:11', '2018-10-24 19:55:26'),
(193, 136, 116, 'baixa', 'solucionado', 'chat', 'solicitacao', 'nivel1', 16, 4, 'configurado impressora', 7, 7, 190, 0, '2018-10-24 19:56:36', '2018-10-24 19:56:51'),
(194, 47, 58, 'baixa', 'solucionado', 'chat', 'solicitacao', 'nivel1', 1, 4, 'desregistrado atos', 7, 7, 191, 0, '2018-10-24 20:11:16', '2018-10-24 20:11:27'),
(195, 15, 14, 'baixa', 'solucionado', 'telefone', 'solicitacao', 'nivel1', 1, 4, 'desregistrado atos e aberturas', 7, 7, 192, 0, '2018-10-24 20:12:23', '2018-10-24 20:13:06'),
(196, 118, 127, 'baixa', 'solucionado', 'telefone', 'solicitacao', 'nivel1', 15, 4, 'associado classe à natureza formal, o histórico da conversa encontra-se no ticket 52782', 7, 7, 193, 0, '2018-10-24 20:16:49', '2018-10-24 20:19:10'),
(197, 15, 14, 'baixa', 'solucionado', 'telefone', 'solicitacao', 'nivel2', 2, 7, 'Permissão.', 9, 9, 194, 0, '2018-10-24 20:27:43', '2018-10-24 20:34:58'),
(198, 94, 128, 'baixa', 'solucionado', 'telefone', 'solicitacao', 'nivel2', 12, 6, 'Nome: Leonardo (2º RI Pato Branco) - Protocolo: 1540412318626_39\r\nIP: 138.204.27.75:80\r\nEntrou na fila: 17:18\r\nSetor: Suporte\r\n\r\n17:19 Rodrigo: Ajude a melhorar nosso suporte, avaliando a qualidade desse atendimento após o final do chat. Obrigado!\r\n17:19 Leonardo: Boa tarde\r\n17:19 Leonardo: estou tentando recuperar os atos de alta produção e não aparecem\r\n17:20 Leonardo: erro: \"System.Exception: Não foi encontrada base de negócio consulta alguma com o tipo \'BaseNegocioConsultaBase\'.\"\r\n17:20 Leonardo: e hoje fiz dois, inclusive.\r\n17:21 Rodrigo: Boa tarde Leonardo, um momento por gentileza vou passar para o Rafael\r\n17:22 Rodrigo: ele esta em atendimento ainda\r\n17:22 Rodrigo: preciso que acesse o novo chat da empresa\r\n17:22 Rodrigo: por lá consegue atendimento\r\n17:22 Rodrigo: esse também já esta sendo desativado\r\n17:22 Rodrigo: vou te passar o link\r\n17:22 Rodrigo: depois do download só colar na área de trabalho\r\n17:22 Rodrigo: Arquivo para Download: Clique aqui neste link!\r\n\r\n17:23 Leonardo: não abriu não\r\n17:24 Rodrigo: estranho\r\n17:24 Rodrigo: só se a máquina estiver com algum bloquei\r\n17:26 Rodrigo: no outro atendimento todos estão atendendo no momento Leonardo, podemos deixar para amanhã na parte da manhã? esse tipo de atendimento deve levar algum tempo pela mensagem de erro que passou\r\n17:29 Rodrigo: um momento por gentileza vou passar para o Eduardo\r\nNome: Leonardo (2º RI Pato Branco) - Protocolo: 1540412972884_41\r\nIP: 138.204.27.75:80\r\nEntrou na fila: 17:18\r\nTransferido por Rodrigo: 17:29\r\nAssunto da transferência: Não Informado\r\nSetor: Suporte\r\n\r\n17:30 Eduardo: qual o tipo de imóvel e nome do parcelamento Leonardo?\r\n17:31 Leonardo: Boa tarde\r\n17:31 Leonardo: no ato de matrícula \"alta produção\"\r\n17:32 Eduardo: me passa os dados do teamviewer\r\n17:32 Leonardo: fiz com o nome de Hipoteca Dom Luiz 2\r\n17:32 Leonardo: 697 325 727\r\n17:32 Leonardo: y3e82v\r\n17:34 Eduardo: está configurado Leonardo\r\n17:34 Eduardo: em que mais posso ajudar?\r\n17:34 Leonardo: ótimo\r\n17:34 Leonardo: lá \"puxei\" 75 matrículas, mas consegui registrar 60\r\n17:35 Leonardo: aí faltando 15 deu erro \r\n17:35 Leonardo: e abrindo agora aparece que nenhuma das 60 anteriores foi registrada\r\n17:35 Leonardo: tem algum limite de atos etc?\r\n17:36 Eduardo: na verdade é um módulo bem pesado, até dá para ter muitos atos, mas é bom fazendo aos poucos e salvando\r\n17:37 Leonardo: blz vou tentar novamente\r\n17:37 Leonardo: obrigado\r\n17:37 AVISO: Usuário finalizou.\r\n Eduardo: por nda, uma ótima tarde!\r\n', 8, 8, 195, 0, '2018-10-24 20:38:16', '2018-10-24 20:38:23'),
(199, 3, 30, 'baixa', 'solucionado', 'chat', 'solicitacao', 'nivel1', 1, 4, 'desregistrado atos', 7, 7, 196, 0, '2018-10-25 11:50:41', '2018-10-25 11:50:55'),
(200, 42, 129, 'baixa', 'solucionado', 'chat', 'solicitacao', 'nivel2', 12, 7, 'Alterado tipo de conta personalizada.', 9, 9, 197, 0, '2018-10-25 12:00:44', '2018-10-25 12:22:23'),
(201, 40, 47, 'baixa', 'solucionado', 'chat', 'solicitacao', 'nivel1', 19, 4, 'alterado ip do servidor no configurador do imob', 7, 7, 198, 0, '2018-10-25 12:16:56', '2018-10-25 12:17:08'),
(202, 106, 115, 'baixa', 'solucionado', 'telefone', 'solicitacao', 'nivel2', 12, 5, 'Mudado  número de servidor e configurado pg_hba para acetar conexão. Também foi orientado tecnico a alterar  o IP no configurador IMOB.', 2, 2, 199, 0, '2018-10-25 12:26:52', '2018-10-25 12:34:21'),
(203, 100, 130, 'baixa', 'solucionado', 'chat', 'solicitacao', 'nivel2', 12, 6, '', 8, 8, 200, 0, '2018-10-25 12:32:45', '2018-10-25 12:36:42'),
(204, 116, 125, 'baixa', 'solucionado', 'chat', 'solicitacao', 'nivel1', 13, 4, 'minuta', 7, 7, 201, 0, '2018-10-25 13:19:13', '2018-10-25 13:19:27'),
(205, 68, 72, 'baixa', 'solucionado', 'telefone', 'solicitacao', 'nivel1', 21, 4, 'Permissão para a usuária Sandra da Luz, Alterar sexo de pessoa, alterar sequência de ficha e unificar pessoa', 7, 7, 202, 0, '2018-10-25 13:20:43', '2018-10-25 13:20:58'),
(206, 68, 72, 'baixa', 'solucionado', 'chat', 'solicitacao', 'nivel2', 12, 5, 'Alterado descrição da etapa de Nota de devolução que é exportada no consulta processo.', 2, 2, 203, 0, '2018-10-25 13:51:10', '2018-10-25 13:54:31'),
(207, 49, 131, 'baixa', 'solucionado', 'chat', 'solicitacao', 'nivel2', 2, 7, 'Auxiliado com emissão de certidão em processo.', 9, 9, 204, 0, '2018-10-25 13:52:57', '2018-10-25 14:07:11'),
(208, 80, 75, 'baixa', 'solucionado', 'telefone', 'solicitacao', 'nivel2', 18, 5, 'Tirado dúvida sobre Office 2016 e servidor.', 2, 2, 205, 0, '2018-10-25 14:12:14', '2018-10-25 14:20:30'),
(209, 39, 46, 'baixa', 'solucionado', 'chat', 'solicitacao', 'nivel2', 12, 7, 'Conversado a respeito de servidor.', 9, 9, 206, 0, '2018-10-25 14:45:25', '2018-10-25 16:38:50'),
(210, 172, 132, 'baixa', 'solucionado', 'chat', 'solicitacao', 'nivel2', 12, 6, 'pesquisado no log os dados que ela precisava', 8, 8, 207, 0, '2018-10-25 14:50:07', '2018-10-25 14:51:51'),
(211, 102, 98, 'baixa', 'solucionado', 'chat', 'solicitacao', 'nivel2', 12, 6, '', 8, 8, 208, 0, '2018-10-25 14:56:23', '2018-10-25 17:07:44'),
(212, 155, 133, 'baixa', 'solucionado', 'chat', 'solicitacao', 'nivel2', 2, 7, 'Conversado a respeito do relatório do INCRA.', 9, 9, 209, 0, '2018-10-25 16:39:47', '2018-10-25 17:27:22'),
(213, 29, 34, 'baixa', 'solucionado', 'chat', 'solicitacao', 'nivel1', 19, 4, 'alterado ip do servidor no configurador imob', 7, 7, 210, 0, '2018-10-25 16:40:50', '2018-10-25 16:41:04'),
(214, 118, 127, 'baixa', 'solucionado', 'chat', 'solicitacao', 'nivel2', 12, 6, 'ele TEM que cadastrar o RA', 8, 8, 211, 0, '2018-10-25 16:55:43', '2018-10-25 17:07:12'),
(215, 23, 25, 'baixa', 'solucionado', 'chat', 'solicitacao', 'nivel2', 18, 5, 'Arrumado valor de VRC de certidões, retirando 3 VRCs da busca, segundo José Eduardo;  Arrumado exportador de processo, o programa bitdefender estava bloqueando o arquivo do exportador do IMOB e visto sobre erro em digitalização do indicador pessoal.', 2, 2, 212, 0, '2018-10-25 17:22:12', '2018-10-25 19:03:49'),
(216, 93, 106, 'baixa', 'solucionado', 'telefone', 'solicitacao', 'nivel2', 16, 5, 'Problema na impressão de uma máquina, não aparece para salvar fginal da impressão, mas na máquina do Adão, que era  outra impressora, não deu problema, ai foi orientado a chamar o tecnico reinstalar a impressora.', 2, 2, 213, 0, '2018-10-25 17:23:40', '2018-10-25 17:35:12'),
(217, 155, 133, 'baixa', 'solucionado', 'chat', 'solicitacao', 'nivel2', 12, 7, 'Orientado mais uma vez a respeito do relatório do INCRA. Explicado que apenas lista atos com imóveis rurais quando existentes em matrículas com mais de 120 ha.', 9, 9, 214, 0, '2018-10-25 17:25:54', '2018-10-25 17:28:07'),
(218, 119, 135, 'baixa', 'solucionado', 'chat', 'solicitacao', 'nivel2', 12, 5, 'Alterado 2 protocolos de guia.', 2, 2, 215, 0, '2018-10-25 17:42:44', '2018-10-25 18:00:57'),
(219, 155, 133, 'baixa', 'solucionado', 'chat', 'solicitacao', 'nivel2', 12, 7, 'Alterado filtro de consulta em relatório personalizado do INCRA.', 9, 9, 216, 0, '2018-10-25 17:52:34', '2018-10-25 18:00:54'),
(220, 51, 63, 'baixa', 'solucionado', 'chat', 'solicitacao', 'nivel2', 18, 5, 'Foi apenas tirado do modo de exibir variáveis de modelo', 2, 2, 217, 0, '2018-10-25 19:09:53', '2018-10-25 19:33:34'),
(221, 93, 136, 'baixa', 'solucionado', 'telefone', 'solicitacao', 'nivel2', 16, 6, '', 8, 8, 218, 0, '2018-10-25 19:24:47', '2018-10-25 19:32:12'),
(222, 25, 28, 'baixa', 'solucionado', 'chat', 'solicitacao', 'nivel2', 2, 7, 'Alterado variável de descrição de imóvel.', 9, 9, 219, 0, '2018-10-25 19:27:11', '2018-10-25 19:41:24'),
(223, 93, 136, 'baixa', 'solucionado', 'chat', 'solicitacao', 'nivel2', 16, 6, '', 8, 8, 220, 0, '2018-10-25 20:29:05', '2018-10-25 20:29:54'),
(224, 159, 137, 'baixa', 'solucionado', 'chat', 'solicitacao', 'nivel2', 18, 5, 'Excluído registro anterior de 3 matríuclas e arrumado protocolo para não ter vencimento', 2, 2, 221, 0, '2018-10-26 13:29:47', '2018-10-26 14:30:24'),
(225, 69, 138, 'baixa', 'solucionado', 'chat', 'solicitacao', 'nivel2', 2, 7, 'Verificado que motivo da lentidão era devido ao fato de estar sendo passado o banco pela rede para replicação de servidor.', 9, 9, 222, 0, '2018-10-26 13:44:28', '2018-10-26 13:54:23'),
(226, 93, 139, 'baixa', 'solucionado', 'chat', 'solicitacao', 'nivel2', 16, 6, '', 8, 8, 223, 0, '2018-10-26 13:54:35', '2018-10-26 14:11:29'),
(227, 83, 140, 'baixa', 'solucionado', 'chat', 'solicitacao', 'nivel2', 2, 7, '', 9, 9, 224, 0, '2018-10-26 14:01:25', '2018-10-26 17:01:26'),
(229, 4, 73, 'baixa', 'solucionado', 'chat', 'solicitacao', 'nivel2', 18, 5, 'Alterado final de nota de devolução e alterado comprovantes colocando telefone novo.', 2, 2, 226, 0, '2018-10-26 16:51:26', '2018-10-26 17:41:59'),
(230, 83, 140, 'baixa', 'solucionado', 'chat', 'solicitacao', 'nivel2', 2, 7, '', 9, 9, 227, 0, '2018-10-26 17:00:56', '2018-10-26 17:01:13'),
(231, 139, 142, 'baixa', 'solucionado', 'chat', 'solicitacao', 'nivel2', 5, 7, 'Associado classe a natureza formal.', 9, 9, 228, 0, '2018-10-26 17:10:27', '2018-10-26 17:21:06'),
(232, 23, 101, 'baixa', 'solucionado', 'chat', 'solicitacao', 'nivel2', 16, 6, 'Trocado a pasta IMOB, configurado permissões nela, exceção no windows defender, exceção no cc cleaner, reparado o office, apagado o normal.dotm', 8, 8, 229, 0, '2018-10-26 17:22:35', '2018-10-26 18:11:39'),
(233, 117, 141, 'baixa', 'solucionado', 'telefone', 'solicitacao', 'nivel2', 12, 6, '', 8, 8, 230, 0, '2018-10-26 17:26:43', '2018-10-26 18:10:45'),
(234, 11, 107, 'baixa', 'solucionado', 'chat', 'solicitacao', 'nivel2', 12, 7, 'Verificado que problema ao cadastrar ofício era porque o mesmo já havia sido cadastrado.', 9, 9, 231, 0, '2018-10-26 17:54:53', '2018-10-26 18:09:20'),
(235, 94, 143, 'baixa', 'solucionado', 'chat', 'solicitacao', 'nivel2', 12, 5, 'Visto erro no CNIB, Ensinado a cadastrar CNIB.', 2, 2, 232, 0, '2018-10-26 19:21:41', '2018-10-29 13:55:38'),
(236, 63, 145, 'baixa', 'solucionado', 'chat', 'solicitacao', 'nivel2', 12, 7, 'Alterado configurações no IMOB.exe.config', 9, 9, 233, 0, '2018-10-26 19:25:23', '2018-10-26 19:40:34'),
(237, 17, 146, 'baixa', 'solucionado', 'telefone', 'solicitacao', 'nivel2', 12, 6, '', 8, 8, 234, 0, '2018-10-26 19:30:25', '2018-10-26 19:55:39'),
(238, 119, 135, 'baixa', 'solucionado', 'chat', 'solicitacao', 'nivel2', 2, 5, 'Mudado protocolo de guia.', 2, 2, 235, 0, '2018-10-29 13:04:10', '2018-10-29 13:57:28'),
(239, 118, 127, 'baixa', 'solucionado', 'chat', 'solicitacao', 'nivel2', 12, 7, 'Configurado para sair número do selo em cada ato formalizado. Criado minutas.', 9, 9, 236, 0, '2018-10-29 13:09:20', '2018-10-29 14:11:28'),
(240, 77, 84, 'baixa', 'solucionado', 'chat', 'solicitacao', 'nivel2', 12, 6, '', 8, 8, 237, 0, '2018-10-29 13:24:25', '2018-10-29 13:28:25'),
(241, 110, 147, 'baixa', 'solucionado', 'chat', 'solicitacao', 'nivel2', 16, 5, 'Criado modelo de certidão de cadeia dominial de transcrição.', 2, 2, 238, 0, '2018-10-29 13:56:55', '2018-10-29 15:04:30'),
(242, 15, 14, 'baixa', 'solucionado', 'telefone', 'solicitacao', 'nivel2', 2, 5, 'Visto sobre pendência IMOB-3390 - Desabilitar um item de isenção de custa - MG, passado para  programação novamente', 2, 2, 239, 0, '2018-10-29 13:58:58', '2018-10-29 15:02:58'),
(243, 164, 86, 'baixa', 'solucionado', 'chat', 'solicitacao', 'nivel2', 12, 7, 'Verificado e agendado novo backup.', 9, 9, 240, 0, '2018-10-29 14:16:18', '2018-10-29 14:23:28'),
(244, 27, 148, 'baixa', 'solucionado', 'chat', 'solicitacao', 'nivel2', 12, 6, '', 8, 8, 241, 0, '2018-10-29 14:36:06', '2018-10-29 14:36:27'),
(245, 100, 130, 'baixa', 'pendente', 'chat', 'solicitacao', 'nivel2', 2, 5, '', 2, NULL, 242, 0, '2018-10-29 15:03:45', '0000-00-00 00:00:00'),
(246, 26, 31, 'baixa', 'solucionado', 'chat', 'solicitacao', 'nivel2', 2, 7, 'Verificado servidor.', 9, 9, 243, 0, '2018-10-29 16:15:23', '2018-10-29 16:29:24'),
(247, 20, 20, 'baixa', 'solucionado', 'chat', 'solicitacao', 'nivel2', 2, 7, 'Conversado a respeito de descrição de pessoa.', 9, 9, 244, 0, '2018-10-29 17:55:29', '2018-10-29 18:03:46'),
(248, 109, 149, 'baixa', 'solucionado', 'chat', 'solicitacao', 'nivel2', 12, 5, 'Erro ao atualizar  o sistema, ai foi reiniciado o banco de dados.', 2, 2, 245, 0, '2018-10-29 18:16:13', '2018-10-29 18:18:57'),
(249, 44, 150, 'media', 'solucionado', 'chat', 'solicitacao', 'nivel2', 12, 6, '', 8, 8, 246, 0, '2018-10-29 18:16:42', '2018-10-29 18:17:15'),
(250, 139, 142, 'baixa', 'solucionado', 'telefone', 'solicitacao', 'nivel2', 12, 7, 'Criado relatório para listar todas as certidões feitas.', 9, 9, 247, 0, '2018-10-29 18:24:25', '2018-10-29 19:00:56');
INSERT INTO `ticket` (`id`, `id_registry`, `id_client`, `priority`, `t_status`, `source`, `type`, `t_group`, `id_module`, `id_attendant`, `resolution`, `id_who_opened`, `id_who_closed`, `id_chat`, `is_repeated`, `registered_at`, `finalized_at`) VALUES
(251, 31, 151, 'baixa', 'solucionado', 'chat', 'solicitacao', 'nivel2', 12, 5, 'Trocado protocolo de ato.', 2, 2, 248, 0, '2018-10-29 18:42:25', '2018-10-29 19:42:26'),
(252, 128, 82, 'baixa', 'solucionado', 'chat', 'solicitacao', 'nivel2', 12, 7, 'Verificado configuração do CRI-RS e orientado como fazer exportação.', 9, 9, 249, 0, '2018-10-29 19:15:04', '2018-10-29 19:26:17'),
(253, 26, 102, 'baixa', 'solucionado', 'chat', 'solicitacao', 'nivel2', 18, 6, '', 8, 8, 250, 0, '2018-10-29 19:39:08', '2018-10-29 19:45:36'),
(254, 11, 152, 'baixa', 'solucionado', 'chat', 'solicitacao', 'nivel2', 17, 5, 'Arrumado variável de funrejus, para trazer justificativa de atos que não tem valor declarado.', 2, 2, 251, 0, '2018-10-29 19:49:49', '2018-10-29 20:25:58'),
(255, 19, 120, 'baixa', 'solucionado', 'chat', 'solicitacao', 'nivel2', 12, 7, 'Auxiliado com problema de ato.', 9, 9, 252, 0, '2018-10-29 19:58:57', '2018-10-29 20:28:56'),
(256, 1, 108, 'baixa', 'solucionado', 'chat', 'solicitacao', 'nivel2', 15, 6, '', 8, 8, 253, 0, '2018-10-29 20:22:16', '2018-10-29 20:29:53'),
(257, 29, 153, 'baixa', 'solucionado', 'chat', 'solicitacao', 'nivel1', 1, 2, 'Desregistrado e tirado duvidas', 4, 3, 254, 0, '2018-10-30 11:52:49', '2018-10-30 11:57:44'),
(258, 19, 19, 'baixa', 'solucionado', 'chat', 'solicitacao', 'nivel1', 15, 4, 'associado classe à natureza formal, marcado a opção de sem vencimento da natureza formal associada ao protocolo, foi informado a usuária que depois que ela fizesse os atos no protocolo era necessário desmarcar essa opção para os futuros protocolos associados não ficassem sem vencimento', 4, 7, 255, 0, '2018-10-30 12:00:38', '2018-10-30 12:10:39'),
(259, 15, 14, 'baixa', 'solucionado', 'telefone', 'solicitacao', 'nivel2', 12, 7, 'Alterado protocolo e serviço extra para outro processo.', 4, 9, 256, 0, '2018-10-30 12:05:28', '2018-10-30 12:06:27'),
(260, 29, 153, 'baixa', 'solucionado', 'chat', 'solicitacao', 'nivel2', 12, 7, 'Auxiliado com problema em ato feito com minuta de classe errada.', 4, 9, 257, 0, '2018-10-30 12:21:21', '2018-10-30 12:47:18'),
(261, 68, 154, 'baixa', 'solucionado', 'telefone', 'solicitacao', 'nivel2', 16, 5, 'Orientado a colocar impressora no padrão de classe.', 2, 2, 258, 0, '2018-10-30 12:25:09', '2018-10-30 12:25:40'),
(263, 12, 11, 'baixa', 'solucionado', 'chat', 'solicitacao', 'nivel2', 12, 6, '', 4, 8, 260, 0, '2018-10-30 12:38:31', '2018-10-30 13:27:27'),
(264, 11, 152, 'baixa', 'solucionado', 'chat', 'solicitacao', 'nivel2', 12, 5, 'Dado permissão para reconstruir ato formalizado, arrumado alguns atos formalizados e tirado dúvidas sobre registro eletrônico. ', 4, 2, 261, 0, '2018-10-30 12:40:32', '2018-10-30 14:09:18'),
(265, 161, 156, 'baixa', 'solucionado', 'chat', 'solicitacao', 'nivel1', 1, 2, 'Desregistrado aberturas pelo banco de dados do servidor, ela  tinha passado os dados do servidor antigo anteriormente...', 4, 3, 262, 0, '2018-10-30 12:42:21', '2018-10-30 13:01:10'),
(266, 36, 41, 'baixa', 'solucionado', 'chat', 'solicitacao', 'nivel1', 1, 4, 'desregistrado atos', 4, 7, 263, 0, '2018-10-30 12:44:38', '2018-10-30 12:49:10'),
(267, 11, 157, 'baixa', 'solucionado', 'chat', 'solicitacao', 'nivel1', 21, 4, '', 4, 7, 264, 0, '2018-10-30 12:53:08', '2018-10-30 13:01:09'),
(268, 83, 140, 'baixa', 'solucionado', 'chat', 'solicitacao', 'nivel2', 12, 5, 'Alterado posição de matrícula no modelo de ficha e arrumado valor de ato registtrado para corrigir no livro do provimento.', 4, 2, 265, 0, '2018-10-30 12:53:41', '2018-10-30 13:45:38'),
(269, 97, 159, 'baixa', 'solucionado', 'chat', 'solicitacao', 'nivel1', 15, 2, 'Associado protocolo ', 4, 3, 266, 0, '2018-10-30 13:15:16', '2018-10-30 13:17:17'),
(270, 41, 160, 'baixa', 'solucionado', 'chat', 'solicitacao', 'nivel1', 25, 4, 'instalado imob', 4, 7, 267, 0, '2018-10-30 13:28:44', '2018-10-30 13:54:33'),
(271, 68, 72, 'baixa', 'solucionado', 'telefone', 'solicitacao', 'nivel2', 12, 7, 'Verificado data errada em pedido de certidão.', 4, 9, 268, 0, '2018-10-30 13:54:43', '2018-10-30 13:55:37'),
(272, 72, 121, 'baixa', 'solucionado', 'chat', 'solicitacao', 'nivel2', 12, 6, '', 4, 8, 269, 0, '2018-10-30 14:01:19', '2018-10-30 14:20:07'),
(273, 36, 41, 'baixa', 'solucionado', 'chat', 'solicitacao', 'nivel1', 15, 4, 'associado classe à natureza formal', 4, 7, 270, 0, '2018-10-30 14:02:21', '2018-10-30 14:05:26'),
(274, 10, 9, 'baixa', 'solucionado', 'chat', 'solicitacao', 'nivel1', 15, 2, 'Criado ítem e repassado questão de digitalização para programação, conversado com Fernando', 4, 3, 271, 0, '2018-10-30 14:10:48', '2018-10-30 14:13:54'),
(275, 1, 161, 'baixa', 'solucionado', 'telefone', 'solicitacao', 'nivel2', 12, 7, 'Auxiliado com lançamento de caixa.', 4, 9, 272, 0, '2018-10-30 14:20:41', '2018-10-30 14:23:32'),
(276, 10, 162, 'baixa', 'solucionado', 'telefone', 'solicitacao', 'nivel2', 12, 5, 'tirado dúvida sobre office.', 4, 2, 273, 0, '2018-10-30 14:24:27', '2018-10-30 14:37:58'),
(277, 161, 158, 'baixa', 'solucionado', 'chat', 'solicitacao', 'nivel1', 1, 2, 'Alterado data de registro e desregistrado', 4, 3, 274, 0, '2018-10-30 14:25:48', '2018-10-30 14:31:11'),
(278, 46, 163, 'baixa', 'solucionado', 'chat', 'solicitacao', 'nivel1', 1, 4, 'desregistrado atos', 4, 7, 275, 0, '2018-10-30 16:13:26', '2018-10-30 16:16:18'),
(279, 1, 108, 'baixa', 'solucionado', 'chat', 'solicitacao', 'nivel1', 13, 2, 'Alterado minuta', 4, 3, 276, 0, '2018-10-30 16:15:03', '2018-10-30 16:24:48'),
(280, 41, 48, 'baixa', 'solucionado', 'chat', 'solicitacao', 'nivel1', 1, 4, 'Desregistrado atos de RA', 4, 7, 277, 0, '2018-10-30 16:22:27', '2018-10-30 16:41:41'),
(281, 82, 164, 'baixa', 'solucionado', 'chat', 'solicitacao', 'nivel2', 12, 7, 'Auxiliado com exportação da DOI', 4, 9, 278, 0, '2018-10-30 16:24:05', '2018-10-30 16:36:01'),
(282, 139, 142, 'baixa', 'solucionado', 'chat', 'solicitacao', 'nivel1', 1, 2, 'Desregistrado RA', 4, 3, 279, 0, '2018-10-30 16:27:49', '2018-10-30 16:32:32'),
(283, 117, 141, 'baixa', 'solucionado', 'chat', 'solicitacao', 'nivel2', 12, 6, '', 4, 8, 280, 0, '2018-10-30 16:29:19', '2018-10-30 16:45:49'),
(284, 8, 87, 'baixa', 'solucionado', 'chat', 'solicitacao', 'nivel1', 1, 2, 'Desregistrado no banco de dados', 4, 3, 281, 0, '2018-10-30 16:34:01', '2018-10-30 16:58:03'),
(285, 5, 2, 'baixa', 'pendente', 'telefone', 'solicitacao', 'nivel2', 12, 7, 'Realizado envio de Livros 2 e 3 para o CRI-RS', 4, 7, 282, 0, '2018-10-30 16:44:40', '2018-10-30 17:20:10'),
(286, 63, 165, 'baixa', 'solucionado', 'telefone', 'solicitacao', 'nivel2', 12, 5, 'Visto erro em indicador pessoal, que será arrumado com próxima versão.', 4, 2, 283, 0, '2018-10-30 16:45:59', '2018-10-30 17:07:54'),
(287, 139, 142, 'baixa', 'solucionado', 'chat', 'solicitacao', 'nivel1', 15, 4, 'associado classe à natureza formal', 4, 7, 284, 0, '2018-10-30 16:50:08', '2018-10-30 16:54:03'),
(288, 43, 49, 'baixa', 'solucionado', 'chat', 'solicitacao', 'nivel2', 12, 5, 'Criado carimbo na certidão de transcrição, igual na certidão de inteiro teor de L2.', 4, 2, 285, 0, '2018-10-30 17:13:47', '2018-10-30 17:37:38'),
(289, 15, 14, 'baixa', 'solucionado', 'telefone', 'solicitacao', 'nivel1', 21, 2, 'Alterado permissão de usuário Taynara a pedido do Rodrigo', 4, 3, 286, 0, '2018-10-30 17:22:29', '2018-10-30 17:31:51'),
(290, 72, 121, 'baixa', 'solucionado', 'chat', 'solicitacao', 'nivel2', 12, 7, 'Alterado max_connections do arquivo postgresql.conf. Aparentemente estava batendo o limite de 100 conexões simultâneas, então foi alterado para 180.', 4, 9, 287, 0, '2018-10-30 17:23:52', '2018-10-30 17:31:01'),
(291, 93, 136, 'baixa', 'solucionado', 'chat', 'solicitacao', 'nivel1', 1, 4, 'desregistrado atos', 4, 7, 288, 0, '2018-10-30 17:42:39', '2018-10-30 17:45:12'),
(292, 100, 130, 'baixa', 'solucionado', 'chat', 'solicitacao', 'nivel2', 12, 5, 'Visto erro ao exportar imagens, e notado que o erro era CNS do cartório, eles iram entrar em contato com a SKY.  criado minuta e natureza formal também.', 4, 2, 289, 0, '2018-10-30 17:45:24', '2018-10-30 19:55:59'),
(293, 96, 77, 'baixa', 'solucionado', 'chat', 'problema', 'nivel2', 12, 8, 'o postgres 9.0 estava inconsistente. Interrompia execução sem alerta. migrado para o postgres 10', 4, 10, 290, 0, '2018-10-30 17:45:57', '2018-10-30 20:02:34'),
(294, 172, 167, 'baixa', 'solucionado', 'chat', 'solicitacao', 'nivel2', 12, 6, '', 4, 8, 291, 0, '2018-10-30 17:47:02', '2018-10-30 18:02:29'),
(295, 67, 168, 'baixa', 'solucionado', 'chat', 'solicitacao', 'nivel1', 13, 2, 'Criado Certidão, verificado por telefone', 4, 3, 292, 0, '2018-10-30 17:54:26', '2018-10-30 18:13:18'),
(296, 122, 169, 'baixa', 'solucionado', 'chat', 'solicitacao', 'nivel2', 12, 7, 'Verificado que problema na rede tem causado perda de conexão.', 4, 9, 293, 0, '2018-10-30 17:56:34', '2018-10-30 18:23:45'),
(297, 10, 170, 'baixa', 'solucionado', 'chat', 'solicitacao', 'nivel2', 12, 6, '', 4, 8, 294, 0, '2018-10-30 18:05:46', '2018-10-30 18:07:58'),
(298, 119, 135, 'baixa', 'solucionado', 'chat', 'solicitacao', 'nivel2', 12, 6, 'desregistrado atos e abertura de matrículas', 4, 7, 295, 0, '2018-10-30 18:07:33', '2018-10-30 18:32:54'),
(299, 15, 14, 'baixa', 'solucionado', 'telefone', 'solicitacao', 'nivel1', 21, 4, 'permissão para o usuário Rodrigo, no módulo baixa', 4, 7, 296, 0, '2018-10-30 18:13:05', '2018-10-30 18:24:56'),
(300, 44, 171, 'baixa', 'solucionado', 'chat', 'solicitacao', 'nivel2', 12, 6, '', 4, 8, 297, 0, '2018-10-30 18:18:02', '2018-10-30 18:28:49'),
(301, 8, 87, 'baixa', 'solucionado', 'chat', 'solicitacao', 'nivel2', 12, 8, 'ato excluído sem problemas.', 4, 10, 298, 0, '2018-10-30 18:18:27', '2018-10-30 18:25:15'),
(302, 118, 172, 'baixa', 'solucionado', 'chat', 'solicitacao', 'nivel1', 13, 2, 'Criado Minuta', 4, 3, 299, 0, '2018-10-30 18:24:58', '2018-10-30 18:35:53'),
(303, 124, 173, 'baixa', 'solucionado', 'chat', 'solicitacao', 'nivel2', 12, 7, 'Desregistrado Livro 3 e orientado registrar novamente.', 4, 9, 300, 0, '2018-10-30 18:28:28', '2018-10-30 18:42:00'),
(304, 23, 174, 'baixa', 'fechado', 'chat', 'problema', 'nivel2', 12, 8, 'aumentado o timeout fo imob.exe.config para verificar se diminuir os problemas.', 4, 10, 301, 0, '2018-10-30 18:29:47', '2018-10-30 19:06:09'),
(305, 115, 95, 'baixa', 'solucionado', 'chat', 'solicitacao', 'nivel2', 12, 6, '', 4, 8, 302, 0, '2018-10-30 18:32:01', '2018-10-30 19:03:46'),
(306, 59, 175, 'baixa', 'solucionado', 'chat', 'solicitacao', 'nivel1', 1, 4, 'desregistrado atos', 4, 7, 303, 0, '2018-10-30 18:36:17', '2018-10-30 18:41:43'),
(307, 41, 176, 'baixa', 'solucionado', 'chat', 'solicitacao', 'nivel1', 1, 2, 'Desregistrado RA pelo banco de dados', 4, 3, 304, 0, '2018-10-30 18:42:40', '2018-10-30 18:46:00'),
(308, 39, 46, 'baixa', 'solucionado', 'chat', 'solicitacao', 'nivel2', 12, 7, 'Orientado a respeito do envio das imagens dos Livros 2 e 3 para o CRI-RS.', 4, 9, 305, 0, '2018-10-30 18:46:13', '2018-10-30 18:52:45'),
(309, 139, 177, 'baixa', 'solucionado', 'chat', 'solicitacao', 'nivel2', 12, 7, 'Criado norma e serviço específico de 2015.', 4, 9, 306, 0, '2018-10-30 19:00:23', '2018-10-30 19:21:36'),
(310, 11, 107, 'baixa', 'solucionado', 'chat', 'solicitacao', 'nivel2', 12, 5, 'dado permissão para anexar PDF em oficios, e ensinado a usar os itens pré definidos.', 4, 2, 307, 0, '2018-10-30 19:04:14', '2018-10-30 19:54:53'),
(311, 1, 108, 'baixa', 'solucionado', 'chat', 'solicitacao', 'nivel1', 13, 4, 'minuta', 4, 7, 308, 0, '2018-10-30 19:14:45', '2018-10-30 19:20:55'),
(312, 118, 172, 'baixa', 'solucionado', 'chat', 'solicitacao', 'nivel1', 4, 2, 'Criado Natureza Formal', 4, 3, 309, 0, '2018-10-30 19:20:19', '2018-10-30 19:22:40'),
(313, 61, 178, 'baixa', 'solucionado', 'chat', 'solicitacao', 'nivel2', 12, 7, 'Verificado questões de configuração do servidor.', 4, 9, 310, 0, '2018-10-30 19:26:08', '2018-10-30 20:06:36'),
(314, 152, 179, 'baixa', 'solucionado', 'chat', 'solicitacao', 'nivel1', 21, 4, 'permissão para o usuário Higor', 4, 7, 311, 0, '2018-10-30 19:52:25', '2018-10-30 20:00:47'),
(315, 32, 97, 'baixa', 'solucionado', 'chat', 'solicitacao', 'nivel2', 12, 8, 'removido os selos da exportação', 4, 10, 312, 0, '2018-10-30 19:59:17', '2018-10-30 20:54:40'),
(316, 60, 180, 'baixa', 'solucionado', 'chat', 'solicitacao', 'nivel2', 12, 5, 'Orientado que para não aparecer o funrejus no relatório de funrejus, o serviço deve estar isento, e não com valor zerado.', 4, 2, 313, 0, '2018-10-30 20:02:55', '2018-10-30 20:31:42'),
(317, 15, 14, 'baixa', 'solucionado', 'telefone', 'solicitacao', 'nivel2', 12, 7, 'Marcado selo consulta como não consulta para poder remover de pedido certidão.', 4, 9, 314, 0, '2018-10-30 20:12:12', '2018-10-30 20:18:15'),
(318, 4, 73, 'baixa', 'solucionado', 'chat', 'solicitacao', 'nivel2', 12, 6, '', 4, 8, 315, 0, '2018-10-30 20:14:52', '2018-10-30 20:31:32'),
(319, 43, 181, 'baixa', 'solucionado', 'chat', 'solicitacao', 'nivel2', 12, 7, 'Alterado carimbo de Inteiro teor de transcrição.', 4, 9, 316, 0, '2018-10-31 11:45:02', '2018-10-31 12:14:13'),
(320, 45, 182, 'baixa', 'solucionado', 'chat', 'solicitacao', 'nivel2', 12, 8, 'livro de receitas e despesas personalizado', 4, 10, 317, 0, '2018-10-31 11:46:35', '2018-10-31 12:55:25'),
(321, 11, 183, 'baixa', 'solucionado', 'chat', 'solicitacao', 'nivel1', 7, 4, 'dúvidas em relação a digitalização', 4, 7, 318, 0, '2018-10-31 11:48:24', '2018-10-31 11:51:29'),
(322, 59, 175, 'baixa', 'solucionado', 'chat', 'solicitacao', 'nivel1', 7, 2, 'Liberado transação', 4, 3, 319, 0, '2018-10-31 11:51:57', '2018-10-31 11:56:37'),
(323, 67, 184, 'baixa', 'solucionado', 'chat', 'solicitacao', 'nivel2', 12, 6, '', 4, 8, 320, 0, '2018-10-31 12:04:23', '2018-10-31 12:14:03'),
(324, 5, 2, 'baixa', 'solucionado', 'chat', 'solicitacao', 'nivel2', 12, 7, 'Auxiliado com exportação para o CRI-RS', 4, 9, 321, 0, '2018-10-31 12:05:36', '2018-10-31 12:48:13'),
(325, 94, 143, 'baixa', 'solucionado', 'chat', 'solicitacao', 'nivel1', 7, 4, 'dúvidas em relação ao visualizeit', 4, 7, 322, 0, '2018-10-31 12:06:32', '2018-10-31 13:27:25'),
(326, 73, 81, 'baixa', 'solucionado', 'telefone', 'solicitacao', 'nivel2', 12, 5, 'Tirado dúvida sobre recibo e comprovante de recepção.', 4, 2, 323, 0, '2018-10-31 12:10:03', '2018-10-31 12:38:41'),
(327, 164, 86, 'baixa', 'solucionado', 'chat', 'solicitacao', 'nivel1', 8, 2, 'Alterado data de registro, aguardado ele fazer os atos...', 4, 3, 324, 0, '2018-10-31 12:11:57', '2018-10-31 12:35:36'),
(328, 125, 185, 'baixa', 'solucionado', 'chat', 'solicitacao', 'nivel2', 12, 6, '', 4, 8, 325, 0, '2018-10-31 12:29:19', '2018-10-31 12:53:50'),
(329, 173, 186, 'baixa', 'solucionado', 'chat', 'solicitacao', 'nivel1', 13, 2, 'Criado Minuta', 4, 3, 326, 0, '2018-10-31 12:44:49', '2018-10-31 12:45:53'),
(330, 1, 161, 'baixa', 'solucionado', 'telefone', 'solicitacao', 'nivel2', 12, 5, 'Configurado certidão de inteiro teor de registro para transcrição.', 4, 2, 327, 0, '2018-10-31 12:50:48', '2018-10-31 13:02:09'),
(331, 128, 82, 'baixa', 'solucionado', 'chat', 'solicitacao', 'nivel2', 12, 7, '', 4, 9, 328, 0, '2018-10-31 12:51:18', '2018-10-31 13:04:21'),
(332, 43, 49, 'baixa', 'solucionado', 'chat', 'solicitacao', 'nivel1', 21, 4, 'permissão', 4, 7, 329, 0, '2018-10-31 12:57:51', '2018-10-31 13:06:30'),
(333, 9, 187, 'baixa', 'solucionado', 'chat', 'solicitacao', 'nivel1', 13, 2, 'Duvidas sobre relatório', 4, 3, 330, 0, '2018-10-31 12:59:08', '2018-10-31 13:08:48'),
(334, 35, 117, 'baixa', 'solucionado', 'chat', 'solicitacao', 'nivel2', 12, 6, '', 4, 8, 331, 0, '2018-10-31 12:59:40', '2018-10-31 13:01:54'),
(335, 173, 188, 'baixa', 'solucionado', 'chat', 'solicitacao', 'nivel2', 12, 8, 'erro de transação', 4, 10, 332, 0, '2018-10-31 13:01:05', '2018-10-31 13:02:40'),
(336, 76, 190, 'baixa', 'solucionado', 'chat', 'solicitacao', 'nivel2', 12, 8, '', 4, 10, 333, 0, '2018-10-31 13:08:16', '2018-10-31 13:15:21'),
(337, 52, 64, 'baixa', 'solucionado', 'chat', 'solicitacao', 'nivel2', 12, 7, '', 4, 9, 334, 0, '2018-10-31 13:08:48', '2018-10-31 13:14:03'),
(338, 164, 86, 'baixa', 'solucionado', 'chat', 'solicitacao', 'nivel1', 9, 2, 'Ele havia entrado anteriormente e solicitado alteração de data de ato, nesse novo atendimento ele solicitou troca de data de selo também, anteriormente ele não havia solicitado o selo, procedimento realizado', 4, 3, 335, 0, '2018-10-31 13:10:02', '2018-10-31 13:32:02'),
(339, 33, 191, 'baixa', 'solucionado', 'chat', 'solicitacao', 'nivel1', 13, 2, 'Foi criado 2 tipos de serviço, ela explicou tudo errado no chat, liguei pra ela e procurei as normas corretas e criei 2 tipos de serviço e minuta', 4, 3, 336, 0, '2018-10-31 13:15:29', '2018-10-31 13:30:57'),
(340, 173, 186, 'baixa', 'solucionado', 'chat', 'solicitacao', 'nivel1', 13, 4, 'minuta', 4, 7, 337, 0, '2018-10-31 13:16:14', '2018-10-31 13:27:01'),
(341, 68, 72, 'baixa', 'solucionado', 'telefone', 'solicitacao', 'nivel2', 12, 5, 'Arrumado relatório de receitas e despesas, colocado filtro no bloco de serviço extra do processo para não aparecer os serviços isentos.', 4, 2, 338, 0, '2018-10-31 13:20:02', '2018-10-31 14:34:59'),
(342, 20, 20, 'baixa', 'solucionado', 'chat', 'solicitacao', 'nivel2', 12, 6, '', 4, 8, 339, 0, '2018-10-31 13:20:36', '2018-10-31 13:58:42'),
(343, 115, 95, 'baixa', 'solucionado', 'chat', 'solicitacao', 'nivel2', 12, 7, '', 4, 9, 340, 0, '2018-10-31 13:27:19', '2018-10-31 14:03:07'),
(344, 5, 2, 'baixa', 'solucionado', 'telefone', 'solicitacao', 'nivel1', 21, 4, 'permissão', 4, 7, 341, 0, '2018-10-31 13:28:18', '2018-10-31 13:52:25'),
(345, 157, 192, 'baixa', 'solucionado', 'chat', 'solicitacao', 'nivel1', 1, 4, 'desregistrado atos', 4, 7, 342, 0, '2018-10-31 13:32:53', '2018-10-31 13:52:07'),
(347, 128, 82, 'baixa', 'solucionado', 'chat', 'solicitacao', 'nivel2', 12, 8, '', 4, 10, 344, 0, '2018-10-31 13:37:54', '2018-10-31 14:31:40'),
(348, 43, 181, 'baixa', 'solucionado', 'chat', 'solicitacao', 'nivel1', 18, 2, 'Unificado pessoa', 4, 3, 345, 0, '2018-10-31 13:40:56', '2018-10-31 13:49:18'),
(349, 43, 49, 'baixa', 'solucionado', 'chat', 'solicitacao', 'nivel1', 1, 2, 'Desregistrado', 4, 3, 346, 0, '2018-10-31 13:50:09', '2018-10-31 13:53:08'),
(350, 23, 193, 'baixa', 'solucionado', 'chat', 'solicitacao', 'nivel1', 1, 4, 'desregistrado abertura de matrícula', 4, 7, 347, 0, '2018-10-31 14:00:36', '2018-10-31 14:16:16'),
(351, 125, 185, 'baixa', 'solucionado', 'chat', 'solicitacao', 'nivel2', 12, 6, '', 4, 8, 348, 0, '2018-10-31 14:01:02', '2018-10-31 14:09:06'),
(352, 23, 174, 'baixa', 'solucionado', 'chat', 'solicitacao', 'nivel1', 24, 2, 'Liberado transação', 4, 3, 349, 0, '2018-10-31 14:05:59', '2018-10-31 14:17:01'),
(353, 103, 194, 'baixa', 'solucionado', 'chat', 'solicitacao', 'nivel2', 12, 7, '', 4, 9, 350, 0, '2018-10-31 14:07:21', '2018-10-31 14:29:00'),
(354, 5, 2, 'baixa', 'solucionado', 'telefone', 'solicitacao', 'nivel1', 21, 4, 'permissão para a usuária Lidia', 4, 7, 351, 0, '2018-10-31 14:18:08', '2018-10-31 14:35:13'),
(355, 109, 149, 'baixa', 'solucionado', 'chat', 'solicitacao', 'nivel2', 12, 6, '', 4, 8, 352, 0, '2018-10-31 14:20:28', '2018-10-31 14:52:03'),
(356, 43, 49, 'baixa', 'pendente', 'chat', 'solicitacao', 'nivel2', 12, 7, '', 4, NULL, 353, 0, '2018-10-31 14:34:46', '0000-00-00 00:00:00'),
(357, 20, 20, 'baixa', 'solucionado', 'chat', 'solicitacao', 'nivel2', 12, 5, '', 4, 2, 354, 0, '2018-10-31 14:56:22', '2018-11-01 11:50:14'),
(358, 39, 195, 'baixa', 'pendente', 'chat', 'novaFuncionalidade', 'nivel2', 12, 8, 'Aguardando o Divo mudar o IMOB para criar os serviços.', 4, 10, 355, 0, '2018-10-31 16:11:45', '2018-10-31 16:26:47'),
(359, 43, 181, 'baixa', 'solucionado', 'chat', 'solicitacao', 'nivel2', 12, 6, '', 4, 8, 356, 0, '2018-10-31 16:27:59', '2018-10-31 17:08:51'),
(360, 157, 196, 'baixa', 'solucionado', 'chat', 'solicitacao', 'nivel1', 21, 2, 'Permissão', 4, 3, 357, 0, '2018-10-31 16:31:32', '2018-10-31 16:40:29'),
(361, 165, 197, 'baixa', 'solucionado', 'chat', 'solicitacao', 'nivel1', 13, 4, 'alterado modelos de documento, devido a troca de office ', 4, 7, 358, 0, '2018-10-31 16:50:42', '2018-11-01 12:05:21'),
(362, 118, 198, 'baixa', 'solucionado', 'chat', 'solicitacao', 'nivel1', 13, 2, 'Criado Minuta informativa', 4, 3, 359, 0, '2018-10-31 16:52:29', '2018-10-31 17:00:51'),
(363, 43, 49, 'baixa', 'solucionado', 'chat', 'solicitacao', 'nivel1', 1, 2, 'Ela estava setando a data do ato posterior inferior a data do ato anterior', 4, 3, 360, 0, '2018-10-31 17:01:09', '2018-10-31 17:05:01'),
(364, 145, 199, 'baixa', 'solucionado', 'chat', 'solicitacao', 'nivel1', 1, 2, 'Desregistrado ato e deixado atalho do chat na área de tranbalho', 4, 3, 361, 0, '2018-10-31 17:08:21', '2018-10-31 17:10:50'),
(365, 39, 195, 'baixa', 'solucionado', 'chat', 'solicitacao', 'nivel1', 1, 2, 'Desregistrado atos em matrícula', 4, 3, 362, 0, '2018-10-31 17:13:47', '2018-10-31 17:25:44'),
(366, 20, 20, 'baixa', 'solucionado', 'chat', 'solicitacao', 'nivel2', 12, 7, '', 4, 9, 363, 0, '2018-10-31 17:22:02', '2018-10-31 19:35:16'),
(367, 43, 200, 'baixa', 'solucionado', 'chat', 'solicitacao', 'nivel1', 1, 4, 'desregistrado ato', 4, 7, 364, 0, '2018-10-31 17:25:41', '2018-10-31 17:37:19'),
(368, 138, 201, 'baixa', 'solucionado', 'chat', 'solicitacao', 'nivel1', 13, 2, 'Ela fechou o navegador e o team viwer, tentei ligar mas esta com outro número, aguardando retorno', 4, 3, 365, 0, '2018-10-31 17:27:47', '2018-10-31 17:37:00'),
(369, 26, 202, 'baixa', 'solucionado', 'chat', 'configuracao', 'nivel2', 12, 8, 'modelo de documento.', 4, 10, 366, 0, '2018-10-31 17:37:27', '2018-10-31 18:17:55'),
(370, 110, 70, 'baixa', 'solucionado', 'chat', 'solicitacao', 'nivel1', 1, 2, 'Desregistrado ato de matricula', 4, 3, 367, 0, '2018-10-31 17:37:59', '2018-10-31 17:42:41'),
(371, 122, 169, 'baixa', 'solucionado', 'chat', 'problema', 'nivel2', 12, 8, 'colocou texto com problema de formatação no documento do IMOB.', 4, 10, 368, 0, '2018-10-31 17:43:52', '2018-10-31 17:49:41'),
(372, 3, 203, 'baixa', 'solucionado', 'chat', 'solicitacao', 'nivel1', 26, 2, 'Alterado ip', 4, 3, 369, 0, '2018-10-31 18:00:45', '2018-10-31 18:04:37'),
(373, 13, 204, 'baixa', 'solucionado', 'chat', 'duvida', 'nivel2', 12, 8, 'Duvida sobre emissão de certidão.', 4, 10, 370, 0, '2018-10-31 18:22:16', '2018-10-31 18:23:52'),
(374, 3, 203, 'baixa', 'solucionado', 'chat', 'solicitacao', 'nivel1', 26, 2, 'Liberado transação', 4, 3, 371, 0, '2018-10-31 18:22:43', '2018-10-31 18:34:42'),
(375, 5, 205, 'baixa', 'solucionado', 'chat', 'problema', 'nivel2', 12, 8, 'estava cadastrando um oficio recebido que já estava cadastrado no sistema.', 4, 10, 372, 0, '2018-10-31 18:26:15', '2018-10-31 18:33:31'),
(376, 94, 143, 'baixa', 'solucionado', 'telefone', 'solicitacao', 'nivel2', 12, 6, 'configurado o consulta processos para pedido de certidão. Ajustado o texto de todas as etapas exportadas do processo. Explicado como criar averbações no visualizeIT e testado lá.', 4, 8, 373, 0, '2018-10-31 18:33:24', '2018-10-31 18:37:23'),
(377, 45, 182, 'baixa', 'solucionado', 'chat', 'configuracao', 'nivel2', 12, 8, 'queria que editasse um relatório fixo do sistema.', 4, 10, 374, 0, '2018-10-31 18:37:31', '2018-10-31 18:44:03'),
(378, 174, 206, 'baixa', 'solucionado', 'chat', 'solicitacao', 'nivel1', 7, 4, 'copiado a pasta do visualizador', 4, 7, 375, 0, '2018-10-31 18:43:27', '2018-10-31 19:07:58'),
(379, 31, 151, 'baixa', 'solucionado', 'chat', 'solicitacao', 'nivel2', 12, 6, '', 4, 8, 376, 0, '2018-10-31 18:49:55', '2018-10-31 19:13:03'),
(380, 11, 107, 'baixa', 'solucionado', 'chat', 'configuracao', 'nivel2', 12, 8, 'mudado a formatação da variável de área.', 4, 10, 377, 0, '2018-10-31 18:55:02', '2018-10-31 19:21:16'),
(382, 3, 203, 'baixa', 'solucionado', 'chat', 'solicitacao', 'nivel1', 26, 2, 'Esta com problema de rede interna', 4, 3, 379, 0, '2018-10-31 19:10:10', '2018-10-31 19:16:47'),
(383, 140, 207, 'baixa', 'solucionado', 'chat', 'solicitacao', 'nivel2', 18, 7, '', 4, 9, 380, 0, '2018-10-31 19:13:29', '2018-10-31 19:29:44'),
(384, 141, 208, 'baixa', 'solucionado', 'chat', 'solicitacao', 'nivel2', 12, 6, '', 4, 8, 381, 0, '2018-10-31 19:21:42', '2018-10-31 20:24:39'),
(385, 9, 187, 'baixa', 'solucionado', 'chat', 'duvida', 'nivel2', 12, 8, 'alteração na emissão de certidão de onus e ações no RS. aguardando o divo.', 4, 10, 382, 0, '2018-10-31 19:25:56', '2018-10-31 20:13:15'),
(386, 29, 153, 'baixa', 'solucionado', 'chat', 'solicitacao', 'nivel1', 13, 2, 'Criado Minuta', 4, 3, 383, 0, '2018-10-31 19:32:07', '2018-10-31 19:42:30'),
(387, 154, 209, 'baixa', 'solucionado', 'chat', 'solicitacao', 'nivel2', 12, 7, '', 4, 9, 384, 0, '2018-10-31 19:41:19', '2018-10-31 19:51:55'),
(388, 118, 172, 'baixa', 'solucionado', 'chat', 'solicitacao', 'nivel1', 13, 4, 'minuta', 4, 7, 385, 0, '2018-10-31 19:42:57', '2018-10-31 19:59:17'),
(389, 20, 44, 'baixa', 'solucionado', 'chat', 'configuracao', 'nivel2', 12, 8, 'hd externo para o backup', 4, 10, 386, 0, '2018-10-31 19:43:37', '2018-10-31 19:49:32'),
(390, 81, 210, 'baixa', 'solucionado', 'chat', 'solicitacao', 'nivel1', 13, 2, 'Criado Minuta', 4, 3, 387, 0, '2018-10-31 19:47:17', '2018-10-31 20:01:24'),
(391, 32, 97, 'baixa', 'solucionado', 'chat', 'duvida', 'nivel2', 12, 8, 'não atualizou texto do livro quando registrou os atos da matrícula', 4, 10, 388, 0, '2018-10-31 19:56:58', '2018-10-31 19:57:37'),
(392, 27, 211, 'baixa', 'solucionado', 'chat', 'solicitacao', 'nivel2', 12, 7, '', 4, 9, 389, 0, '2018-10-31 20:14:15', '2018-11-01 11:40:35'),
(393, 115, 95, 'baixa', 'solucionado', 'chat', 'problema', 'nivel2', 12, 8, 'criaram serviço sem código, e com isso não realizava exportação.', 4, 10, 390, 0, '2018-10-31 20:19:32', '2018-10-31 20:30:44'),
(394, 8, 87, 'baixa', 'solucionado', 'chat', 'solicitacao', 'nivel1', 15, 2, 'Criado Minuta e orientado como proceder com Localização de Parcela', 4, 3, 391, 0, '2018-11-01 11:41:39', '2018-11-01 12:09:24'),
(395, 44, 150, 'baixa', 'solucionado', 'chat', 'solicitacao', 'nivel2', 12, 7, '', 4, 9, 392, 0, '2018-11-01 11:55:19', '2018-11-01 17:41:09'),
(396, 43, 213, 'baixa', 'solucionado', 'chat', 'solicitacao', 'nivel2', 12, 6, '', 4, 8, 393, 0, '2018-11-01 12:00:43', '2018-11-01 12:24:07'),
(397, 145, 199, 'baixa', 'solucionado', 'chat', 'solicitacao', 'nivel1', 1, 4, 'desregistrado ato', 4, 7, 394, 0, '2018-11-01 12:09:38', '2018-11-01 12:14:46'),
(398, 138, 201, 'baixa', 'solucionado', 'chat', 'solicitacao', 'nivel1', 13, 2, 'Criado Minuta', 4, 3, 395, 0, '2018-11-01 12:13:50', '2018-11-01 12:20:12'),
(399, 68, 72, 'baixa', 'solucionado', 'telefone', 'solicitacao', 'nivel2', 12, 5, 'Arrumado relatório do provimento, colocado para filtrar serviços do processo e extra do protocolo para não vir os isentos. Dado permissão para Algumas funcionárias criar natureza formal.', 4, 2, 396, 0, '2018-11-01 12:15:19', '2018-11-01 13:23:16'),
(400, 32, 37, 'baixa', 'solucionado', 'chat', 'solicitacao', 'nivel2', 12, 8, 'remover selo da exportação', 4, 10, 397, 0, '2018-11-01 12:29:54', '2018-11-01 12:37:26'),
(401, 81, 210, 'baixa', 'solucionado', 'chat', 'solicitacao', 'nivel1', 15, 4, 'minuta', 4, 7, 398, 0, '2018-11-01 12:33:53', '2018-11-01 13:17:57'),
(402, 110, 147, 'baixa', 'solucionado', 'chat', 'solicitacao', 'nivel2', 18, 6, '', 8, 8, 399, 0, '2018-11-01 12:42:12', '2018-11-01 12:42:50'),
(403, 118, 198, 'baixa', 'solucionado', 'chat', 'solicitacao', 'nivel1', 13, 2, 'Criado Minuta', 4, 3, 400, 0, '2018-11-01 12:48:55', '2018-11-01 13:03:24'),
(404, 93, 109, 'baixa', 'solucionado', 'chat', 'solicitacao', 'nivel2', 12, 8, 'excluir protocolo e recepção.', 4, 10, 401, 0, '2018-11-01 12:54:40', '2018-11-01 13:03:59'),
(405, 116, 125, 'baixa', 'solucionado', 'chat', 'solicitacao', 'nivel1', 13, 4, 'marcado cláusula restritiva condição resolutiva como ônus', 4, 7, 402, 0, '2018-11-01 13:01:41', '2018-11-01 13:09:33'),
(406, 68, 215, 'baixa', 'solucionado', 'telefone', 'solicitacao', 'nivel2', 21, 5, 'Dado permissão para lançar serviço extra no ato do processo.', 4, 2, 403, 0, '2018-11-01 13:09:10', '2018-11-01 13:24:11'),
(407, 80, 216, 'baixa', 'solucionado', 'chat', 'solicitacao', 'nivel1', 21, 2, 'Permissão', 4, 3, 404, 0, '2018-11-01 13:11:10', '2018-11-01 13:17:43'),
(408, 72, 121, 'baixa', 'solucionado', 'chat', 'problema', 'nivel2', 12, 8, 'estava bloqueado a \"relação selopr\"', 4, 10, 405, 0, '2018-11-01 13:16:22', '2018-11-01 13:22:48'),
(409, 117, 141, 'baixa', 'solucionado', 'chat', 'solicitacao', 'nivel2', 12, 5, 'Achado erro em relatório  livro caixa e outro de valor líquido dos selos. Depois de analisar recibo por recibo o erro estava na consulta. Em um relatório tinha filtro de recibos nulos, e outro não.\r\n', 4, 2, 406, 0, '2018-11-01 13:29:14', '2018-11-01 16:58:26'),
(410, 55, 217, 'baixa', 'solucionado', 'chat', 'solicitacao', 'nivel1', 34, 4, 'digitalização', 4, 7, 407, 0, '2018-11-01 13:37:22', '2018-11-01 15:59:59'),
(411, 20, 44, 'baixa', 'solucionado', 'chat', 'novaFuncionalidade', 'nivel2', 18, 8, 'associar serviço extra a certidão. Aguardando programação', 4, 10, 408, 0, '2018-11-01 13:44:06', '2018-11-01 13:54:09'),
(412, 43, 49, 'baixa', 'solucionado', 'chat', 'solicitacao', 'nivel2', 12, 6, 'Desregistrado e repassado atendimento para nível 2', 4, 3, 409, 0, '2018-11-01 14:12:02', '2018-11-01 14:21:55'),
(413, 15, 14, 'baixa', 'solucionado', 'telefone', 'duvida', 'nivel2', 18, 8, 'assinador digital', 4, 10, 410, 0, '2018-11-01 14:14:44', '2018-11-01 14:21:38'),
(414, 36, 218, 'baixa', 'solucionado', 'chat', 'solicitacao', 'nivel1', 15, 2, 'Associado natureza formal', 4, 3, 411, 0, '2018-11-01 14:19:43', '2018-11-01 14:22:37'),
(415, 46, 163, 'baixa', 'solucionado', 'chat', 'solicitacao', 'nivel1', 1, 2, 'Desregistrado ato', 4, 3, 412, 0, '2018-11-01 14:23:41', '2018-11-01 14:27:20'),
(416, 110, 219, 'baixa', 'solucionado', 'chat', 'solicitacao', 'nivel1', 1, 4, 'desregistrado atos ', 4, 7, 413, 0, '2018-11-01 14:25:21', '2018-11-01 14:31:51'),
(417, 52, 220, 'baixa', 'solucionado', 'chat', 'problema', 'nivel2', 12, 8, 'erro no IMOB', 4, 10, 414, 0, '2018-11-01 14:26:31', '2018-11-01 15:28:11'),
(418, 22, 221, 'baixa', 'solucionado', 'chat', 'solicitacao', 'nivel1', 22, 2, 'Criado Usuário', 4, 3, 415, 0, '2018-11-01 14:31:07', '2018-11-01 14:35:20'),
(419, 4, 73, 'baixa', 'solucionado', 'chat', 'solicitacao', 'nivel2', 12, 7, '', 4, 9, 416, 0, '2018-11-01 14:48:01', '2018-11-01 14:55:05'),
(420, 76, 190, 'baixa', 'solucionado', 'chat', 'solicitacao', 'nivel2', 18, 6, '', 4, 8, 417, 0, '2018-11-01 14:56:01', '2018-11-01 16:10:28'),
(421, 118, 172, 'baixa', 'solucionado', 'chat', 'solicitacao', 'nivel1', 13, 4, 'dúvidas sobre minuta', 4, 7, 418, 0, '2018-11-01 16:13:49', '2018-11-01 16:21:14'),
(422, 23, 25, 'baixa', 'solucionado', 'chat', 'novaFuncionalidade', 'nivel2', 18, 8, 'sem resolução. Os atos do sistema estão feitos todos errados. não tem padrão de comparação.', 4, 10, 419, 0, '2018-11-01 16:33:14', '2018-11-01 19:26:37'),
(423, 152, 105, 'baixa', 'solucionado', 'telefone', 'solicitacao', 'nivel2', 12, 5, 'Demonstrado o financeiro para o Eleandro.', 4, 2, 420, 0, '2018-11-01 16:35:07', '2018-11-01 17:10:36'),
(424, 113, 123, 'baixa', 'solucionado', 'chat', 'solicitacao', 'nivel1', 1, 2, 'Desregistrado', 4, 3, 421, 0, '2018-11-01 16:48:45', '2018-11-01 16:59:35'),
(425, 172, 167, 'baixa', 'solucionado', 'chat', 'solicitacao', 'nivel2', 12, 6, '', 4, 8, 422, 0, '2018-11-01 17:07:12', '2018-11-01 18:04:25'),
(426, 8, 5, 'baixa', 'solucionado', 'chat', 'solicitacao', 'nivel1', 13, 4, 'minuta', 4, 7, 423, 0, '2018-11-01 17:18:23', '2018-11-01 17:47:54'),
(427, 41, 222, 'baixa', 'solucionado', 'chat', 'solicitacao', 'nivel2', 12, 5, 'Arrumado variável de descrição de matrícula, onde a comarca esta puxando de cidade errada, foi arrumado para cidade de Coronel Vivida.', 4, 2, 424, 0, '2018-11-01 17:19:34', '2018-11-01 17:49:50'),
(428, 15, 14, 'baixa', 'solucionado', 'telefone', 'solicitacao', 'nivel2', 24, 6, '', 4, 8, 425, 0, '2018-11-01 17:32:52', '2018-11-01 18:04:17'),
(429, 93, 223, 'baixa', 'solucionado', 'chat', 'solicitacao', 'nivel1', 1, 2, 'Desregistrado', 4, 3, 426, 0, '2018-11-01 17:34:47', '2018-11-01 17:38:53'),
(430, 128, 82, 'baixa', 'solucionado', 'chat', 'solicitacao', 'nivel2', 18, 7, 'Auxiliado com exportação da DOI.', 4, 9, 427, 0, '2018-11-01 17:48:17', '2018-11-01 18:04:15'),
(431, 118, 198, 'baixa', 'solucionado', 'chat', 'solicitacao', 'nivel1', 13, 2, 'Criado Minuta', 4, 3, 428, 0, '2018-11-01 17:48:57', '2018-11-01 17:49:50'),
(432, 155, 224, 'baixa', 'solucionado', 'chat', 'solicitacao', 'nivel1', 1, 4, 'desregistrado atos e aberturas de matrícula', 4, 7, 429, 0, '2018-11-01 17:56:18', '2018-11-01 18:14:25'),
(433, 118, 198, 'baixa', 'solucionado', 'chat', 'solicitacao', 'nivel1', 13, 2, 'Alterado tipo de minuta', 4, 3, 430, 0, '2018-11-01 18:03:02', '2018-11-01 18:04:50'),
(434, 80, 225, 'baixa', 'solucionado', 'telefone', 'solicitacao', 'nivel2', 12, 5, 'Tirado dúvidas sobre funcionamento de relatório de receitas e despesas e FADEP/ISS.', 4, 2, 431, 0, '2018-11-01 18:04:24', '2018-11-01 18:30:12'),
(435, 115, 95, 'baixa', 'solucionado', 'chat', 'solicitacao', 'nivel2', 18, 7, '', 4, 9, 432, 0, '2018-11-01 18:06:31', '2018-11-01 18:26:41'),
(436, 41, 176, 'baixa', 'solucionado', 'chat', 'solicitacao', 'nivel1', 4, 2, 'Criado Tipo de serviço e Natureza formal', 4, 3, 433, 0, '2018-11-01 18:08:13', '2018-11-01 18:16:47'),
(437, 15, 14, 'baixa', 'solucionado', 'telefone', 'solicitacao', 'nivel2', 12, 6, '', 4, 8, 434, 0, '2018-11-01 18:08:42', '2018-11-01 19:58:09'),
(438, 120, 226, 'baixa', 'pendente', 'chat', 'solicitacao', 'nivel2', 12, 6, '', 4, NULL, 435, 0, '2018-11-01 18:12:56', '0000-00-00 00:00:00'),
(439, 19, 227, 'baixa', 'solucionado', 'chat', 'solicitacao', 'nivel1', 1, 4, 'desregistrado atos', 4, 7, 436, 0, '2018-11-01 18:19:35', '2018-11-01 18:39:36'),
(440, 161, 228, 'baixa', 'solucionado', 'chat', 'solicitacao', 'nivel2', 12, 7, 'Alterado etiqueta e verificado problema na impressora Zebra.', 4, 9, 437, 0, '2018-11-01 18:36:59', '2018-11-01 19:03:30'),
(441, 68, 72, 'baixa', 'solucionado', 'telefone', 'solicitacao', 'nivel2', 12, 5, 'Criado variável para descrever a certidão pelo processo no relatório do provimento', 4, 2, 438, 0, '2018-11-01 18:50:45', '2018-11-01 20:08:28'),
(442, 140, 207, 'baixa', 'solucionado', 'chat', 'solicitacao', 'nivel2', 12, 7, 'Criado tipos de serviço.', 4, 9, 439, 0, '2018-11-01 19:23:40', '2018-11-01 19:25:33'),
(443, 165, 229, 'baixa', 'solucionado', 'chat', 'solicitacao', 'nivel1', 25, 2, 'Instalado imob', 4, 3, 440, 0, '2018-11-01 19:30:47', '2018-11-01 19:35:40'),
(444, 85, 230, 'baixa', 'solucionado', 'chat', 'solicitacao', 'nivel2', 12, 7, 'Auxiliado com alteração de unidade de medida da área de matrícula.', 4, 9, 441, 0, '2018-11-01 19:31:56', '2018-11-01 19:48:34'),
(445, 112, 111, 'baixa', 'solucionado', 'chat', 'solicitacao', 'nivel2', 1, 8, '', 4, 10, 442, 0, '2018-11-01 19:33:28', '2018-11-01 19:48:27'),
(446, 24, 27, 'baixa', 'solucionado', 'telefone', 'solicitacao', 'nivel1', 18, 2, 'Duvidas sobre troca de servidor', 4, 3, 443, 0, '2018-11-01 19:41:58', '2018-11-01 20:01:09'),
(447, 7, 231, 'baixa', 'solucionado', 'telefone', 'solicitacao', 'nivel2', 18, 7, 'Conversado a respeito de importação de imagem.', 4, 9, 444, 0, '2018-11-01 20:05:43', '2018-11-01 20:13:15'),
(448, 16, 232, 'baixa', 'solucionado', 'chat', 'solicitacao', 'nivel2', 31, 5, 'Conferido backup e explicado ao cliente que horas ele pode retirar o hd externo ', 4, 2, 445, 0, '2018-11-01 20:10:15', '2018-11-01 20:31:29'),
(449, 49, 131, 'baixa', 'solucionado', 'chat', 'configuracao', 'nivel2', 37, 8, 'alterado serviço.', 4, 10, 446, 0, '2018-11-05 10:51:20', '2018-11-05 11:04:20'),
(450, 46, 233, 'baixa', 'solucionado', 'chat', 'solicitacao', 'nivel2', 12, 5, 'Erro ao exportar o selo, mas o erro é referente ao token, ai eles irão ver com o suporte do selo.', 4, 2, 447, 0, '2018-11-05 10:53:16', '2018-11-05 12:14:14'),
(451, 75, 234, 'baixa', 'solucionado', 'chat', 'solicitacao', 'nivel2', 12, 6, '', 4, 8, 448, 0, '2018-11-05 10:58:58', '2018-11-05 11:07:19'),
(452, 93, 235, 'baixa', 'solucionado', 'chat', 'configuracao', 'nivel2', 12, 8, 'corrigido timezone do postgres', 4, 10, 449, 0, '2018-11-05 11:07:56', '2018-11-05 11:17:56'),
(453, 69, 80, 'baixa', 'solucionado', 'chat', 'solicitacao', 'nivel2', 12, 6, '', 4, 8, 450, 0, '2018-11-05 11:09:29', '2018-11-05 11:17:10'),
(454, 11, 152, 'baixa', 'solucionado', 'chat', 'solicitacao', 'nivel2', 18, 5, 'Arrumado variável de funrejus do livro protocolo, para trazer nos casos de isenções, apenas se o serviço for de 02% de funrejus.', 4, 2, 451, 0, '2018-11-05 11:14:42', '2018-11-05 11:44:02'),
(455, 128, 236, 'baixa', 'solucionado', 'chat', 'configuracao', 'nivel2', 12, 8, 'corrigido timezone', 4, 10, 452, 0, '2018-11-05 11:23:12', '2018-11-05 11:26:33'),
(456, 58, 237, 'baixa', 'solucionado', 'chat', 'solicitacao', 'nivel1', 16, 4, 'configurado impressora', 4, 7, 453, 0, '2018-11-05 11:24:33', '2018-11-05 11:46:24'),
(457, 15, 14, 'baixa', 'solucionado', 'telefone', 'solicitacao', 'nivel2', 41, 5, 'Subido planilha para arrumar nº de indicação fiscal de  imóveis urbanos.', 2, 2, 454, 0, '2018-11-05 11:44:57', '2018-11-05 11:45:41'),
(458, 11, 238, 'baixa', 'solucionado', 'chat', 'solicitacao', 'nivel1', 21, 2, 'Permissão para alterar sequêcia de ficha', 4, 3, 455, 0, '2018-11-05 11:58:03', '2018-11-05 12:00:22'),
(459, 161, 158, 'baixa', 'solucionado', 'chat', 'solicitacao', 'nivel1', 1, 4, 'criado minuta, alterado data de registro', 4, 7, 456, 0, '2018-11-05 11:58:32', '2018-11-05 12:40:11'),
(460, 43, 49, 'baixa', 'solucionado', 'chat', 'configuracao', 'nivel2', 13, 8, 'Criado modelo de certidão de ônus', 4, 10, 457, 0, '2018-11-05 12:03:28', '2018-11-05 13:16:57'),
(461, 23, 25, 'baixa', 'solucionado', 'chat', 'solicitacao', 'nivel1', 22, 2, 'Criado novo usuário', 4, 3, 458, 0, '2018-11-05 12:07:23', '2018-11-05 12:11:26'),
(462, 162, 239, 'baixa', 'solucionado', 'chat', 'solicitacao', 'nivel2', 12, 6, '', 4, 8, 459, 0, '2018-11-05 12:10:27', '2018-11-05 12:39:39'),
(463, 13, 240, 'baixa', 'solucionado', 'chat', 'solicitacao', 'nivel1', 17, 2, 'Cancelar penhor e reativar RA pelo banco de dados', 4, 3, 460, 0, '2018-11-05 12:16:27', '2018-11-05 12:38:12'),
(464, 117, 141, 'baixa', 'pendente', 'chat', 'solicitacao', 'nivel2', 12, 5, 'diferença em relatório  de valor líquido dos recibos com o relatório de caixa. Foi reparado que o problema era a variável de valos dos emolumentos, onde tinha 2 recibos a variavel estava somando repetidamente a de menor valor.', 4, NULL, 461, 0, '2018-11-05 12:17:17', '0000-00-00 00:00:00'),
(465, 115, 95, 'baixa', 'solucionado', 'chat', 'solicitacao', 'nivel2', 12, 6, 'reparado o office, precisava reiniciar para testar', 4, 8, 462, 0, '2018-11-05 12:44:08', '2018-11-05 15:02:20'),
(466, 20, 44, 'baixa', 'solucionado', 'chat', 'configuracao', 'nivel2', 12, 8, 'configurado variável para descrever serviços', 4, 10, 463, 0, '2018-11-05 12:58:01', '2018-11-05 14:36:28'),
(467, 152, 241, 'baixa', 'solucionado', 'chat', 'solicitacao', 'nivel2', 12, 5, 'Permissão para Catia ver relatório e caixa, e explicado como fazer lançamento de  depósitos no caixa.', 4, 2, 464, 0, '2018-11-05 13:00:13', '2018-11-05 13:55:47'),
(468, 27, 242, 'baixa', 'solucionado', 'chat', 'configuracao', 'nivel2', 27, 8, '', 4, 10, 465, 0, '2018-11-05 13:24:04', '2018-11-05 14:11:59'),
(469, 22, 243, 'baixa', 'solucionado', 'chat', 'duvida', 'nivel2', 18, 8, 'parcelamento', 4, 10, 466, 0, '2018-11-05 15:10:05', '2018-11-05 15:44:29'),
(470, 39, 195, 'baixa', 'solucionado', 'chat', 'solicitacao', 'nivel2', 12, 6, 'criado norma, composição e tipo de serviço, ajustado o carimbo de custas', 4, 8, 467, 0, '2018-11-05 15:23:01', '2018-11-05 16:00:19'),
(471, 26, 31, 'baixa', 'solucionado', 'chat', 'solicitacao', 'nivel1', 9, 4, 'alterado data de registro de ato de matrícula', 4, 7, 468, 0, '2018-11-05 15:27:23', '2018-11-05 15:34:10'),
(472, 134, 244, 'baixa', 'solucionado', 'chat', 'solicitacao', 'nivel1', 15, 2, 'Criado serviço e associado minutas', 4, 3, 469, 0, '2018-11-05 15:34:27', '2018-11-05 15:50:36'),
(473, 4, 73, 'baixa', 'solucionado', 'chat', 'solicitacao', 'nivel2', 12, 5, 'Arrumado cabeçalho em certidão outros, tirado dúvida sobre indisponibilidade, foi ligado para cliente e explicado toda a parte da CNIB, dado permissão e orientado como exportar selos.', 4, 2, 470, 0, '2018-11-05 15:40:57', '2018-11-05 18:06:00'),
(474, 121, 245, 'baixa', 'solucionado', 'chat', 'problema', 'nivel2', 12, 8, 'o sistema do CRI-RS ta fora do ar segundo o mini rafa.', 4, 10, 471, 0, '2018-11-05 15:48:35', '2018-11-05 17:16:01'),
(475, 52, 220, 'baixa', 'solucionado', 'chat', 'problema', 'nivel2', 12, 8, 'erro no IMOB com arredondamento de custas.', 4, 10, 472, 0, '2018-11-05 16:03:26', '2018-11-05 16:37:37'),
(476, 13, 240, 'baixa', 'solucionado', 'chat', 'solicitacao', 'nivel2', 18, 6, '', 4, 8, 473, 0, '2018-11-05 16:04:51', '2018-11-05 17:18:11'),
(477, 3, 246, 'baixa', 'solucionado', 'chat', 'solicitacao', 'nivel1', 27, 4, 'tipo de serviço e norma de custas', 4, 7, 474, 0, '2018-11-05 16:11:35', '2018-11-05 16:36:49'),
(479, 41, 248, 'baixa', 'solucionado', 'chat', 'solicitacao', 'nivel1', 13, 2, 'Criado Minuta junto ao telefone', 4, 3, 476, 0, '2018-11-05 16:18:29', '2018-11-05 16:33:53'),
(480, 46, 163, 'baixa', 'solucionado', 'chat', 'solicitacao', 'nivel1', 1, 4, 'desregistrado atos', 4, 7, 477, 0, '2018-11-05 16:29:12', '2018-11-05 16:36:27'),
(481, 8, 87, 'baixa', 'solucionado', 'chat', 'solicitacao', 'nivel1', 18, 2, 'Alterado horário', 4, 3, 478, 0, '2018-11-05 16:30:16', '2018-11-05 16:51:24'),
(482, 119, 135, 'baixa', 'solucionado', 'chat', 'configuracao', 'nivel2', 37, 8, 'composição, norma e tipo de serviço.', 4, 10, 479, 0, '2018-11-05 16:41:25', '2018-11-05 17:45:42'),
(483, 65, 99, 'baixa', 'solucionado', 'chat', 'solicitacao', 'nivel2', 39, 6, '', 4, 8, 480, 0, '2018-11-05 16:52:00', '2018-11-05 17:18:00'),
(486, 11, 107, 'baixa', 'solucionado', 'chat', 'solicitacao', 'nivel1', 1, 4, 'encerrado matrícula', 1, 7, 485, 0, '2018-11-05 17:22:43', '2018-11-05 17:28:16'),
(487, 12, 11, 'baixa', 'solucionado', 'chat', 'duvida', 'nivel2', 41, 8, 'Duvida sobre sobrepartilha', 1, 10, 486, 0, '2018-11-05 17:26:28', '2018-11-05 18:42:45'),
(488, 125, 185, 'baixa', 'solucionado', 'chat', 'solicitacao', 'nivel2', 12, 6, '', 4, 8, 487, 0, '2018-11-05 17:26:29', '2018-11-05 18:03:42'),
(489, 8, 5, 'baixa', 'solucionado', 'chat', 'solicitacao', 'nivel1', 13, 2, 'Criado Minuta', 4, 3, 488, 0, '2018-11-05 17:29:51', '2018-11-05 17:41:10'),
(490, 39, 195, 'baixa', 'solucionado', 'chat', 'solicitacao', 'nivel1', 1, 4, 'desregistrado atos', 4, 7, 489, 0, '2018-11-05 17:42:58', '2018-11-05 18:03:12'),
(491, 30, 119, 'baixa', 'solucionado', 'chat', 'solicitacao', 'nivel1', 22, 4, 'permissão, criado usuário', 4, 7, 490, 0, '2018-11-05 17:47:17', '2018-11-05 18:17:32'),
(492, 54, 249, 'baixa', 'solucionado', 'chat', 'configuracao', 'nivel2', 12, 8, 'configurado modelo de ficha', 4, 10, 491, 0, '2018-11-05 17:52:41', '2018-11-05 18:50:07'),
(493, 6, 250, 'baixa', 'solucionado', 'chat', 'solicitacao', 'nivel1', 1, 2, 'Desregistrado, ela não respondeu mais se poderia ajudar em algo mais', 4, 3, 492, 0, '2018-11-05 17:54:39', '2018-11-05 18:11:53'),
(494, 172, 132, 'baixa', 'solucionado', 'chat', 'solicitacao', 'nivel1', 13, 2, 'Criado Minuta, tipo de serviço e Natureza formal', 4, 3, 493, 0, '2018-11-05 17:58:17', '2018-11-05 18:12:38'),
(495, 46, 163, 'baixa', 'solucionado', 'chat', 'solicitacao', 'nivel1', 1, 4, 'desregistrado atos', 4, 7, 494, 0, '2018-11-05 18:05:02', '2018-11-05 18:09:17'),
(496, 39, 46, 'baixa', 'solucionado', 'chat', 'solicitacao', 'nivel2', 12, 6, '', 4, 8, 495, 0, '2018-11-05 18:06:17', '2018-11-05 18:53:16'),
(497, 1, 161, 'baixa', 'solucionado', 'telefone', 'solicitacao', 'nivel2', 12, 5, 'Instalado relatório de funrejus', 4, 2, 496, 0, '2018-11-05 18:19:00', '2018-11-05 18:24:24'),
(498, 4, 73, 'baixa', 'solucionado', 'chat', 'solicitacao', 'nivel2', 18, 5, 'Ensinado a gerar dados do arquivo remessa e gerado para cliente.', 4, 2, 497, 0, '2018-11-05 18:35:36', '2018-11-05 19:08:56'),
(499, 20, 20, 'baixa', 'solucionado', 'chat', 'problema', 'nivel2', 18, 8, 'consulta processos', 4, 10, 498, 0, '2018-11-05 18:44:24', '2018-11-05 19:05:03'),
(500, 32, 97, 'baixa', 'solucionado', 'chat', 'solicitacao', 'nivel2', 12, 6, '', 4, 8, 499, 0, '2018-11-05 18:44:46', '2018-11-05 18:53:06'),
(501, 26, 31, 'baixa', 'solucionado', 'chat', 'solicitacao', 'nivel1', 9, 2, 'Alterado data de registro', 4, 3, 500, 0, '2018-11-05 18:46:49', '2018-11-05 18:51:25'),
(502, 35, 251, 'baixa', 'solucionado', 'chat', 'configuracao', 'nivel2', 27, 8, 'tipo de serviço, tipo de custa, norma de calculo e composição', 4, 10, 501, 0, '2018-11-05 18:56:25', '2018-11-05 19:05:37'),
(503, 20, 44, 'baixa', 'solucionado', 'chat', 'solicitacao', 'nivel2', 12, 6, '', 4, 8, 502, 0, '2018-11-05 18:57:17', '2018-11-05 19:10:51'),
(504, 128, 236, 'baixa', 'solucionado', 'chat', 'solicitacao', 'nivel1', 27, 4, 'adicionado campo nº recibo na consulta de recepção', 4, 7, 503, 0, '2018-11-05 18:58:37', '2018-11-05 19:05:04'),
(505, 85, 230, 'baixa', 'solucionado', 'chat', 'solicitacao', 'nivel2', 12, 6, '', 4, 8, 504, 0, '2018-11-05 19:00:47', '2018-11-05 19:10:44'),
(506, 47, 58, 'baixa', 'solucionado', 'chat', 'solicitacao', 'nivel2', 12, 5, 'Alterado timezone do banco de dados para ficar certo com o horário de verão.', 4, 2, 505, 0, '2018-11-05 19:24:35', '2018-11-05 19:45:36'),
(507, 12, 11, 'baixa', 'solucionado', 'chat', 'solicitacao', 'nivel1', 15, 4, 'associado classe à natureza formal', 4, 7, 506, 0, '2018-11-05 19:27:26', '2018-11-05 19:39:55'),
(508, 3, 30, 'baixa', 'solucionado', 'chat', 'solicitacao', 'nivel1', 1, 2, 'Desregistrado ato de matricula', 4, 3, 507, 0, '2018-11-06 10:43:53', '2018-11-06 10:44:20'),
(509, 98, 252, 'baixa', 'solucionado', 'chat', 'duvida', 'nivel2', 18, 8, 'se queixou a forma como é escrito a área por extenso.', 4, 10, 508, 0, '2018-11-06 10:51:59', '2018-11-06 10:59:53'),
(510, 15, 253, 'baixa', 'pendente', 'telefone', 'solicitacao', 'nivel2', 12, 6, '', 4, NULL, 509, 0, '2018-11-06 10:53:01', '0000-00-00 00:00:00'),
(511, 23, 25, 'baixa', 'solucionado', 'chat', 'solicitacao', 'nivel2', 18, 5, 'problema no exportador de processos, não está exportando; Arrumado consulta de ato registravel, adicionado coluna de minuta.', 4, 2, 510, 0, '2018-11-06 10:53:32', '2018-11-06 18:51:04'),
(512, 13, 240, 'baixa', 'solucionado', 'chat', 'solicitacao', 'nivel1', 13, 4, 'o usuário não respondeu, o chat encerrou por inatividade', 4, 7, 511, 0, '2018-11-06 10:59:55', '2018-11-06 11:40:08'),
(513, 121, 245, 'baixa', 'solucionado', 'chat', 'problema', 'nivel2', 12, 8, 'importou 2 vezes o arquivo da central.', 4, 10, 512, 0, '2018-11-06 11:02:07', '2018-11-06 11:27:14'),
(514, 119, 135, 'baixa', 'solucionado', 'chat', 'configuracao', 'nivel2', 37, 8, '', 4, 10, 513, 0, '2018-11-06 11:40:02', '2018-11-06 12:02:19'),
(515, 120, 91, 'baixa', 'solucionado', 'telefone', 'solicitacao', 'nivel2', 70, 5, 'Erro ao exportar selos, era apenas um selo que não tinha setado a data de registro, ai foi setado pelo banco de dados e feito a exportação. ', 4, 2, 514, 0, '2018-11-06 11:49:24', '2018-11-06 13:41:18'),
(516, 149, 114, 'baixa', 'solucionado', 'chat', 'problema', 'nivel2', 18, 8, 'imob lento.', 4, 10, 515, 0, '2018-11-06 11:50:02', '2018-11-06 12:04:34'),
(517, 13, 240, 'baixa', 'solucionado', 'chat', 'solicitacao', 'nivel1', 13, 2, 'Criado Minuta e desregistro RA', 4, 3, 516, 0, '2018-11-06 11:58:13', '2018-11-06 12:08:22'),
(518, 175, 254, 'baixa', 'solucionado', 'chat', 'solicitacao', 'nivel1', 56, 4, 'não foi conseguido solucionar o problema ao visualizar as imagens no visualizeit, pelo que foi possível observar após testes está relacionado as permissões internas na rede, ou seja, quando o programa é executado como administrador funciona normalmente, mas quando é executado com outro usuário que não tem previlégios.', 4, 7, 517, 0, '2018-11-06 12:06:22', '2018-11-06 13:07:35'),
(519, 108, 255, 'baixa', 'solucionado', 'chat', 'configuracao', 'nivel2', 37, 8, 'criado composição, tipo de custa, norma de calculo e serviço', 4, 10, 518, 0, '2018-11-06 12:09:11', '2018-11-06 12:16:39'),
(520, 119, 135, 'baixa', 'solucionado', 'chat', 'solicitacao', 'nivel1', 13, 2, 'Criado modelo de Certidão', 4, 3, 519, 0, '2018-11-06 12:11:18', '2018-11-06 12:34:39'),
(521, 20, 20, 'baixa', 'solucionado', 'chat', 'configuracao', 'nivel2', 25, 8, '', 4, 10, 520, 0, '2018-11-06 12:22:27', '2018-11-06 12:24:46'),
(522, 149, 256, 'baixa', 'solucionado', 'telefone', 'solicitacao', 'nivel2', 18, 6, 'atualizado o IMOB e liberado transações', 4, 8, 521, 0, '2018-11-06 12:27:09', '2018-11-06 12:28:17'),
(523, 54, 249, 'baixa', 'solucionado', 'chat', 'configuracao', 'nivel2', 6, 8, 'Reconfigurado novamente o modelo de ficha de matricula e RA', 4, 10, 522, 0, '2018-11-06 12:29:54', '2018-11-06 13:07:09'),
(524, 2, 257, 'baixa', 'solucionado', 'chat', 'solicitacao', 'nivel2', 18, 6, '', 4, 8, 523, 0, '2018-11-06 12:34:29', '2018-11-06 12:55:00'),
(525, 8, 87, 'baixa', 'solucionado', 'chat', 'solicitacao', 'nivel1', 13, 2, 'Retirado duvidas', 4, 3, 524, 0, '2018-11-06 12:39:18', '2018-11-06 13:03:21'),
(526, 94, 143, 'baixa', 'solucionado', 'chat', 'solicitacao', 'nivel2', 127, 5, 'o exportador de processos estava com problema, era apenas o tempo  que estava para exportar em um período de apenas 12 horas, ai foi colocado para exportar sempre.', 4, 2, 525, 0, '2018-11-06 12:56:59', '2018-11-06 13:39:55'),
(527, 4, 73, 'baixa', 'solucionado', 'chat', 'solicitacao', 'nivel2', 43, 6, '', 4, 8, 526, 0, '2018-11-06 12:59:24', '2018-11-06 15:00:37'),
(528, 13, 204, 'baixa', 'solucionado', 'chat', 'configuracao', 'nivel2', 6, 8, 'Criado modelo de ficha.', 4, 10, 527, 0, '2018-11-06 13:11:24', '2018-11-06 13:30:53'),
(529, 43, 200, 'baixa', 'solucionado', 'chat', 'solicitacao', 'nivel1', 15, 4, 'associado classe à natureza formal', 4, 7, 528, 0, '2018-11-06 13:11:55', '2018-11-06 13:18:51');
INSERT INTO `ticket` (`id`, `id_registry`, `id_client`, `priority`, `t_status`, `source`, `type`, `t_group`, `id_module`, `id_attendant`, `resolution`, `id_who_opened`, `id_who_closed`, `id_chat`, `is_repeated`, `registered_at`, `finalized_at`) VALUES
(530, 18, 258, 'baixa', 'solucionado', 'chat', 'solicitacao', 'nivel1', 13, 2, 'Criado Minuta e retirado duvidas', 4, 3, 529, 0, '2018-11-06 13:25:33', '2018-11-06 13:42:21'),
(531, 53, 259, 'baixa', 'solucionado', 'chat', 'configuracao', 'nivel2', 128, 8, '', 4, 10, 530, 0, '2018-11-06 13:34:59', '2018-11-06 15:33:15'),
(532, 165, 260, 'baixa', 'solucionado', 'chat', 'solicitacao', 'nivel2', 43, 5, 'Orientado como apagar o traço que aparece no final da folha na impressão de matrícula , no office 2003, mas é somente por 2 dias já que irão trocar o office no meio da semana. Foi recriado modelo de documento mas não resolveu o problema.', 4, 2, 531, 0, '2018-11-06 13:46:31', '2018-11-06 14:32:34'),
(533, 19, 120, 'baixa', 'solucionado', 'chat', 'solicitacao', 'nivel2', 97, 6, 'removido o link com o reprotocolar', 4, 8, 532, 0, '2018-11-06 15:10:36', '2018-11-06 15:26:03'),
(534, 45, 53, 'baixa', 'solucionado', 'chat', 'solicitacao', 'nivel1', 13, 4, 'minutas', 4, 7, 533, 0, '2018-11-06 15:16:23', '2018-11-06 15:47:04'),
(535, 108, 255, 'baixa', 'solucionado', 'chat', 'configuracao', 'nivel2', 124, 8, '', 4, 10, 534, 0, '2018-11-06 15:21:52', '2018-11-06 15:40:42'),
(536, 4, 73, 'baixa', 'solucionado', 'chat', 'solicitacao', 'nivel1', 30, 2, 'Resolvendo', 4, 3, 535, 0, '2018-11-06 15:28:58', '2018-11-06 18:38:14'),
(537, 110, 70, 'baixa', 'solucionado', 'chat', 'solicitacao', 'nivel2', 123, 6, 'configurado o word', 4, 8, 536, 0, '2018-11-06 15:32:15', '2018-11-06 15:37:46'),
(538, 81, 261, 'baixa', 'solucionado', 'chat', 'solicitacao', 'nivel1', 1, 4, 'desregistrado atos', 4, 7, 537, 0, '2018-11-06 15:58:59', '2018-11-06 16:04:43'),
(539, 23, 25, 'baixa', 'solucionado', 'telefone', 'solicitacao', 'nivel2', 103, 5, 'Colocado para exportar todos os protocolos de 70000 ao 70269  pois alguns clientes alegam não terem recebido mensagem do exportador de processo;  Foi configurado time zone par América São Paulo no server.', 4, 2, 538, 0, '2018-11-06 16:01:43', '2018-11-06 16:14:19'),
(540, 172, 167, 'baixa', 'solucionado', 'chat', 'duvida', 'nivel2', 12, 8, 'Duvida sobre o relatório de atos com e sem valor declarado.', 4, 10, 539, 0, '2018-11-06 16:02:31', '2018-11-06 16:28:21'),
(541, 69, 80, 'baixa', 'solucionado', 'chat', 'solicitacao', 'nivel2', 89, 6, '', 4, 8, 540, 0, '2018-11-06 16:06:38', '2018-11-06 16:29:45'),
(542, 71, 262, 'baixa', 'solucionado', 'chat', 'solicitacao', 'nivel1', 13, 4, 'minuta e natureza formal', 4, 7, 541, 0, '2018-11-06 16:07:55', '2018-11-06 16:20:46'),
(543, 109, 149, 'baixa', 'solucionado', 'chat', 'solicitacao', 'nivel2', 18, 5, 'Instalado assinador de matrículas, e orientado como usar; tirado dúvida sobre assinador da Arisp, Visto erro em exportação de Indicador pessoal, mas o erro era no programa da SKY.', 4, 2, 542, 0, '2018-11-06 16:20:09', '2018-11-06 18:50:26'),
(544, 117, 141, 'baixa', 'solucionado', 'chat', 'solicitacao', 'nivel1', 21, 4, 'permissão', 4, 7, 543, 0, '2018-11-06 16:25:58', '2018-11-06 16:33:29'),
(545, 20, 44, 'baixa', 'solucionado', 'chat', 'duvida', 'nivel2', 18, 8, 'Duvida sobre as custas do serviço extra da certidão.', 4, 10, 544, 0, '2018-11-06 16:34:45', '2018-11-06 16:55:04'),
(546, 8, 87, 'baixa', 'solucionado', 'chat', 'solicitacao', 'nivel1', 13, 4, 'minuta', 4, 7, 545, 0, '2018-11-06 16:36:32', '2018-11-06 16:51:02'),
(547, 76, 263, 'baixa', 'solucionado', 'chat', 'solicitacao', 'nivel2', 18, 6, '', 4, 8, 546, 0, '2018-11-06 16:49:11', '2018-11-06 17:12:39'),
(548, 49, 61, 'baixa', 'solucionado', 'chat', 'solicitacao', 'nivel1', 54, 4, 'configurado impressora', 4, 7, 547, 0, '2018-11-06 16:54:38', '2018-11-06 17:35:03'),
(549, 176, 264, 'baixa', 'solucionado', 'chat', 'duvida', 'nivel2', 41, 8, 'Duvida sobre o grau das hipotecas.', 4, 10, 548, 0, '2018-11-06 17:08:54', '2018-11-06 17:09:38'),
(550, 5, 2, 'baixa', 'solucionado', 'chat', 'problema', 'nivel2', 120, 8, 'Esta com erro no sistema da Sky.', 4, 10, 549, 0, '2018-11-06 17:11:36', '2018-11-06 17:20:22'),
(551, 45, 53, 'baixa', 'solucionado', 'chat', 'solicitacao', 'nivel1', 1, 4, 'desregistrado atos', 4, 7, 550, 0, '2018-11-06 17:13:05', '2018-11-06 17:30:06'),
(552, 81, 261, 'baixa', 'solucionado', 'chat', 'solicitacao', 'nivel2', 91, 6, 'explicado como proceder', 4, 8, 551, 0, '2018-11-06 17:18:11', '2018-11-06 17:44:38'),
(553, 18, 258, 'baixa', 'solucionado', 'chat', 'solicitacao', 'nivel1', 13, 4, 'minuta', 4, 7, 552, 0, '2018-11-06 17:41:49', '2018-11-06 17:46:44'),
(554, 25, 265, 'baixa', 'solucionado', 'chat', 'solicitacao', 'nivel1', 22, 4, 'criado usuário no programa visualizeit', 4, 7, 553, 0, '2018-11-06 17:55:36', '2018-11-06 18:00:34'),
(555, 42, 71, 'baixa', 'solucionado', 'chat', 'duvida', 'nivel2', 80, 8, 'Criado serviço extra de penhora.', 4, 10, 554, 0, '2018-11-06 17:56:57', '2018-11-06 18:13:51'),
(556, 8, 267, 'baixa', 'solucionado', 'telefone', 'solicitacao', 'nivel2', 12, 6, 'passado a pendência para o Alcindo', 4, 8, 555, 0, '2018-11-06 17:58:13', '2018-11-06 18:08:35'),
(557, 85, 230, 'baixa', 'solucionado', 'chat', 'solicitacao', 'nivel1', 17, 4, 'excluído ato', 4, 7, 556, 0, '2018-11-06 18:13:25', '2018-11-06 18:36:33'),
(558, 15, 268, 'baixa', 'solucionado', 'telefone', 'solicitacao', 'nivel2', 70, 6, '\"4326 5160 5961 6719\"código do selo CKI 24580', 4, 8, 557, 0, '2018-11-06 18:16:32', '2018-11-06 18:17:13'),
(559, 11, 107, 'baixa', 'solucionado', 'chat', 'solicitacao', 'nivel1', 20, 4, 'encerrado matrícula', 4, 7, 558, 0, '2018-11-06 18:31:23', '2018-11-06 18:36:51'),
(560, 58, 269, 'baixa', 'solucionado', 'chat', 'configuracao', 'nivel2', 25, 8, '', 4, 10, 559, 0, '2018-11-06 18:32:37', '2018-11-06 18:43:03'),
(561, 49, 270, 'baixa', 'solucionado', 'chat', 'solicitacao', 'nivel2', 25, 6, 'instalado o IMOB', 4, 8, 560, 0, '2018-11-06 18:38:14', '2018-11-06 19:41:13'),
(562, 20, 20, 'baixa', 'solucionado', 'chat', 'solicitacao', 'nivel1', 30, 4, 'alterado espaçamento entre linhas para simples e espaçamento 0, no word', 4, 7, 561, 0, '2018-11-06 18:45:12', '2018-11-06 19:12:19'),
(563, 9, 271, 'baixa', 'solucionado', 'chat', 'configuracao', 'nivel2', 116, 8, 'alterado variável, a consulta do relatório estava com o filtro errado. Criado consulta para listar somente atos não impressos. Duvida sobre cadastro de matrículas que foram puladas.', 4, 10, 562, 0, '2018-11-06 18:47:50', '2018-11-06 19:19:35'),
(564, 25, 28, 'baixa', 'solucionado', 'chat', 'solicitacao', 'nivel2', 127, 5, 'Problema aio visualizar matrícula, amanha cliente retornará.', 4, 2, 563, 0, '2018-11-06 18:59:08', '2018-11-06 19:42:59'),
(565, 7, 6, 'baixa', 'solucionado', 'chat', 'solicitacao', 'nivel1', 15, 4, 'associado classe à natureza formal', 4, 7, 564, 0, '2018-11-06 18:59:33', '2018-11-06 19:11:29'),
(566, 43, 213, 'baixa', 'solucionado', 'chat', 'duvida', 'nivel2', 18, 8, 'duvida sobre etiqueta', 4, 10, 565, 0, '2018-11-07 10:42:08', '2018-11-07 11:24:41'),
(567, 15, 14, 'baixa', 'solucionado', 'telefone', 'solicitacao', 'nivel2', 122, 6, '', 4, 8, 566, 0, '2018-11-07 11:04:10', '2018-11-07 11:27:02'),
(568, 108, 273, 'baixa', 'solucionado', 'chat', 'solicitacao', 'nivel1', 1, 4, 'desregistrado atos de matrícula', 4, 7, 567, 0, '2018-11-07 11:11:55', '2018-11-07 11:37:48'),
(569, 4, 73, 'baixa', 'solucionado', 'telefone', 'solicitacao', 'nivel1', 30, 2, 'testando ', 4, 3, 568, 0, '2018-11-07 11:26:14', '2018-11-07 13:05:35'),
(570, 30, 274, 'baixa', 'solucionado', 'chat', 'solicitacao', 'nivel2', 127, 5, 'dado permissão pare remover parte envolvida de imóvel para poder registrar transferências.', 4, 2, 569, 0, '2018-11-07 11:27:37', '2018-11-07 11:47:39'),
(571, 118, 172, 'baixa', 'solucionado', 'chat', 'solicitacao', 'nivel1', 13, 4, 'minuta', 4, 7, 570, 0, '2018-11-07 11:28:58', '2018-11-07 12:05:49'),
(572, 43, 181, 'baixa', 'solucionado', 'chat', 'solicitacao', 'nivel2', 41, 8, 'pularam atos no momento de cadastrar a matrícula.', 4, 10, 571, 0, '2018-11-07 11:38:09', '2018-11-07 12:04:31'),
(573, 113, 275, 'baixa', 'solucionado', 'chat', 'solicitacao', 'nivel2', 69, 6, 'alterado a data do ato e de registro do ato e marcado para exportar novamente esses 2 selos', 4, 8, 572, 0, '2018-11-07 11:44:01', '2018-11-07 12:12:04'),
(574, 25, 28, 'baixa', 'solucionado', 'telefone', 'solicitacao', 'nivel2', 86, 5, 'Erro em atos de indisponibilidade, erro ao abrir, foi trazido o banco de dados para a programação verificar na versão debug.', 4, 2, 573, 0, '2018-11-07 11:45:54', '2018-11-07 18:30:25'),
(575, 68, 276, 'baixa', 'solucionado', 'chat', 'solicitacao', 'nivel1', 1, 4, 'desregistrado atos, permissão, alterado variável assinatura do usuario logado no ato', 4, 7, 574, 0, '2018-11-07 11:53:16', '2018-11-07 12:30:22'),
(576, 110, 219, 'baixa', 'solucionado', 'chat', 'solicitacao', 'nivel1', 1, 4, 'desregistrado atos', 4, 7, 575, 0, '2018-11-07 12:07:08', '2018-11-07 12:29:29'),
(577, 118, 198, 'baixa', 'solucionado', 'telefone', 'solicitacao', 'nivel2', 18, 5, 'Ensinado cliente a fazer RA, fazer certidão pelo processo, cadastrar pessoa e gerar etiqueta.', 4, 2, 576, 0, '2018-11-07 12:08:14', '2018-11-07 13:40:14'),
(578, 5, 2, 'baixa', 'solucionado', 'chat', 'problema', 'nivel2', 127, 8, 'esta dando problema no repositório do processo quando tenta registrar atos em inscrição.', 4, 10, 577, 0, '2018-11-07 12:09:24', '2018-11-07 12:18:28'),
(579, 85, 277, 'baixa', 'solucionado', 'chat', 'solicitacao', 'nivel2', 80, 6, 'criado norma e serviço e pedi para testar... não respondeu mais', 4, 8, 578, 0, '2018-11-07 12:17:23', '2018-11-07 12:47:42'),
(580, 43, 278, 'baixa', 'solucionado', 'chat', 'solicitacao', 'nivel2', 124, 8, '', 4, 10, 579, 0, '2018-11-07 12:30:43', '2018-11-07 12:36:31'),
(581, 118, 172, 'baixa', 'solucionado', 'chat', 'solicitacao', 'nivel1', 13, 4, 'minuta', 4, 7, 580, 0, '2018-11-07 12:31:57', '2018-11-07 12:43:58'),
(582, 103, 194, 'baixa', 'solucionado', 'chat', 'solicitacao', 'nivel1', 21, 4, 'permissão', 4, 7, 581, 0, '2018-11-07 12:41:36', '2018-11-07 13:00:26'),
(583, 93, 223, 'baixa', 'solucionado', 'chat', 'problema', 'nivel2', 127, 8, 'nao efetua o cancelamento de clausulas no IMOB.', 4, 10, 582, 0, '2018-11-07 12:48:16', '2018-11-07 12:59:25'),
(584, 29, 34, 'baixa', 'solucionado', 'chat', 'solicitacao', 'nivel1', 1, 4, 'desregistrado atos', 4, 7, 583, 0, '2018-11-07 12:48:53', '2018-11-07 13:00:48'),
(585, 43, 181, 'baixa', 'solucionado', 'chat', 'solicitacao', 'nivel2', 41, 6, 'requisitado novamente o selo reservado e entregue a recepção pelo banco de dados', 4, 8, 584, 0, '2018-11-07 13:02:10', '2018-11-07 13:19:22'),
(586, 91, 279, 'baixa', 'solucionado', 'chat', 'solicitacao', 'nivel1', 1, 4, 'desregistrado atos', 4, 7, 585, 0, '2018-11-07 13:04:39', '2018-11-07 13:22:55'),
(587, 118, 198, 'baixa', 'solucionado', 'chat', 'solicitacao', 'nivel1', 13, 2, 'Criado Minuta e orientado como proceder', 4, 3, 586, 0, '2018-11-07 13:09:27', '2018-11-07 13:35:29'),
(588, 73, 81, 'baixa', 'solucionado', 'telefone', 'duvida', 'nivel2', 18, 8, 'queria gerar um \"orçamento\" pra parte ser ter nada gravado no sistema.', 4, 10, 587, 0, '2018-11-07 13:16:07', '2018-11-07 13:17:27'),
(589, 18, 280, 'baixa', 'solucionado', 'chat', 'solicitacao', 'nivel2', 74, 6, 'alterado o modelo de ficha', 4, 8, 588, 0, '2018-11-07 13:26:21', '2018-11-07 14:02:21'),
(590, 32, 97, 'baixa', 'solucionado', 'chat', 'problema', 'nivel2', 127, 8, 'com a explicação dele não tem como avaliar o que ocorre.', 4, 10, 589, 0, '2018-11-07 13:26:57', '2018-11-07 13:50:24'),
(591, 52, 220, 'baixa', 'solucionado', 'chat', 'solicitacao', 'nivel2', 70, 6, 'Alcindo pediu para testar o token no site http://idg.receita.fazenda.gov.br/interface/atendimento-virtual e deu certo la´em Cambuí.', 4, 8, 590, 0, '2018-11-07 13:33:02', '2018-11-07 14:02:06'),
(592, 59, 175, 'baixa', 'solucionado', 'chat', 'solicitacao', 'nivel1', 1, 2, 'Desregistrado', 4, 3, 591, 0, '2018-11-07 13:40:24', '2018-11-07 13:40:45'),
(593, 114, 281, 'baixa', 'solucionado', 'telefone', 'solicitacao', 'nivel2', 86, 5, 'Trocado servidor e configurado web backup.', 4, 2, 592, 0, '2018-11-07 15:02:27', '2018-11-07 16:10:18'),
(594, 45, 182, 'baixa', 'solucionado', 'chat', 'solicitacao', 'nivel1', 21, 2, 'Vai retornar mais tarde', 4, 3, 593, 0, '2018-11-07 15:17:59', '2018-11-07 15:42:19'),
(595, 42, 282, 'baixa', 'solucionado', 'chat', 'solicitacao', 'nivel1', 10, 4, 'alterado numeração inicial de ato em matrícula', 4, 7, 594, 0, '2018-11-07 15:25:44', '2018-11-07 15:29:01'),
(596, 15, 283, 'baixa', 'solucionado', 'telefone', 'problema', 'nivel2', 127, 8, 'não colocou protocolo na abertura das matrículas.', 4, 10, 595, 0, '2018-11-07 15:32:44', '2018-11-07 15:50:16'),
(597, 13, 240, 'baixa', 'solucionado', 'chat', 'solicitacao', 'nivel2', 94, 6, 'marcado para exportar novamente a nota por SQL', 4, 8, 596, 0, '2018-11-07 15:43:01', '2018-11-07 15:48:32'),
(598, 145, 199, 'baixa', 'solucionado', 'chat', 'solicitacao', 'nivel1', 1, 2, 'Desregistrado', 4, 3, 597, 0, '2018-11-07 15:57:23', '2018-11-07 16:02:01'),
(599, 23, 25, 'baixa', 'solucionado', 'chat', 'problema', 'nivel2', 128, 8, 'a tarefa estava configurada errada.', 4, 10, 598, 1, '2018-11-07 15:57:48', '2018-11-07 16:08:59'),
(600, 5, 2, 'baixa', 'solucionado', 'chat', 'solicitacao', 'nivel2', 124, 6, 'criado composição, norma e serviço', 4, 8, 599, 0, '2018-11-07 15:59:21', '2018-11-07 16:49:35'),
(601, 4, 73, 'baixa', 'fechado', 'telefone', 'solicitacao', 'nivel1', 30, 2, '', 4, NULL, 600, 0, '2018-11-07 16:08:23', '0000-00-00 00:00:00'),
(602, 118, 172, 'baixa', 'solucionado', 'chat', 'solicitacao', 'nivel1', 13, 4, 'minuta', 4, 7, 601, 0, '2018-11-07 16:11:34', '2018-11-07 16:19:57'),
(603, 30, 119, 'baixa', 'solucionado', 'chat', 'solicitacao', 'nivel1', 21, 4, 'permissão', 4, 7, 602, 0, '2018-11-07 16:25:49', '2018-11-07 17:16:56'),
(604, 20, 44, 'baixa', 'solucionado', 'chat', 'solicitacao', 'nivel1', 50, 4, 'desregistrado abetura de RA', 4, 7, 603, 0, '2018-11-07 16:37:45', '2018-11-07 17:01:27'),
(605, 118, 127, 'baixa', 'solucionado', 'chat', 'configuracao', 'nivel2', 80, 8, 'serviço criado.', 4, 10, 604, 0, '2018-11-07 16:39:22', '2018-11-07 16:48:18'),
(606, 23, 101, 'baixa', 'solucionado', 'chat', 'solicitacao', 'nivel2', 123, 6, 'o último ato não tinha protocolo, dai não emite certidão pelo processo', 4, 8, 605, 0, '2018-11-07 16:56:13', '2018-11-07 17:14:37'),
(607, 11, 284, 'baixa', 'solucionado', 'telefone', 'solicitacao', 'nivel2', 18, 5, 'Tirado dúvida sobre horario do backup, sobre backup web e sobre o provimento  que exige maior estrutura no servidor do cartório.', 4, 2, 606, 0, '2018-11-07 17:01:10', '2018-11-07 17:03:54'),
(608, 59, 175, 'baixa', 'solucionado', 'chat', 'solicitacao', 'nivel1', 1, 2, 'Desregistrado ato', 4, 3, 607, 0, '2018-11-07 17:17:50', '2018-11-07 17:20:01'),
(609, 68, 72, 'baixa', 'solucionado', 'telefone', 'solicitacao', 'nivel1', 21, 4, 'permissão e criado usuário', 4, 7, 608, 0, '2018-11-07 17:28:09', '2018-11-07 18:24:19'),
(610, 118, 198, 'baixa', 'solucionado', 'chat', 'solicitacao', 'nivel1', 13, 2, 'Criado Minuta', 4, 3, 609, 0, '2018-11-07 17:28:32', '2018-11-07 17:37:32'),
(611, 15, 14, 'baixa', 'solucionado', 'telefone', 'solicitacao', 'nivel2', 70, 6, 'apagado um registro anterior e visto problema com selo', 4, 8, 610, 0, '2018-11-07 17:36:19', '2018-11-07 17:42:07'),
(612, 72, 121, 'baixa', 'solucionado', 'chat', 'problema', 'nivel2', 110, 8, '', 4, 10, 611, 0, '2018-11-07 17:37:17', '2018-11-07 17:52:35'),
(613, 118, 198, 'baixa', 'solucionado', 'chat', 'solicitacao', 'nivel1', 13, 2, 'Criado Minuta', 4, 3, 612, 0, '2018-11-07 17:50:53', '2018-11-07 18:03:14'),
(614, 45, 182, 'baixa', 'solucionado', 'chat', 'configuracao', 'nivel2', 116, 8, 'remover negrito de variável.', 4, 10, 613, 0, '2018-11-07 17:56:03', '2018-11-07 18:22:55'),
(615, 118, 127, 'baixa', 'solucionado', 'chat', 'solicitacao', 'nivel2', 43, 6, 'remesclado o texto', 4, 8, 614, 0, '2018-11-07 18:08:01', '2018-11-07 18:17:49'),
(616, 163, 285, 'baixa', 'solucionado', 'chat', 'solicitacao', 'nivel1', 28, 2, 'Unificado Fichas', 4, 3, 615, 0, '2018-11-07 18:10:36', '2018-11-07 18:20:35'),
(617, 102, 98, 'baixa', 'solucionado', 'chat', 'solicitacao', 'nivel2', 127, 6, 'liberado transações', 4, 8, 616, 0, '2018-11-07 18:20:12', '2018-11-07 18:31:33'),
(618, 11, 286, 'baixa', 'solucionado', 'chat', 'solicitacao', 'nivel1', 20, 2, 'Encerrado Matricula', 4, 3, 617, 0, '2018-11-07 18:29:28', '2018-11-07 18:39:21'),
(619, 40, 47, 'baixa', 'solucionado', 'chat', 'duvida', 'nivel2', 41, 8, 'Duvida sobre \"cancelamento\" de ato feito. Queria excluir o ato e desassociar o selo.', 4, 10, 618, 0, '2018-11-07 18:34:38', '2018-11-07 18:35:26'),
(620, 117, 141, 'baixa', 'solucionado', 'telefone', 'solicitacao', 'nivel2', 12, 5, 'Arrumado relatório de caixa, colocado variável nova chamada (Valor dos emolumentos do recibo) ao invés da variável valor dos emolumentos.', 4, 2, 619, 0, '2018-11-07 18:38:16', '2018-11-07 19:08:00'),
(621, 161, 228, 'baixa', 'solucionado', 'chat', 'solicitacao', 'nivel1', 16, 4, 'configurado etiqueta de protocolo', 4, 7, 620, 0, '2018-11-07 18:40:24', '2018-11-07 19:08:03'),
(622, 5, 2, 'baixa', 'solucionado', 'chat', 'solicitacao', 'nivel2', 80, 6, 'criado serviço e modelos de documento', 4, 8, 621, 0, '2018-11-07 18:40:57', '2018-11-07 19:02:40'),
(623, 19, 120, 'baixa', 'solucionado', 'chat', 'solicitacao', 'nivel1', 1, 4, 'desregistrado atos', 4, 7, 622, 0, '2018-11-07 18:56:31', '2018-11-07 19:07:38'),
(624, 42, 71, 'baixa', 'solucionado', 'chat', 'solicitacao', 'nivel2', 126, 6, 'tentei exportar novamente os selos e deu o mesmo erro. Passado para o Alcindo e o Norberto', 4, 8, 623, 0, '2018-11-07 19:07:37', '2018-11-07 19:47:24'),
(625, 15, 14, 'baixa', 'solucionado', 'telefone', 'duvida', 'nivel2', 13, 8, 'Duvida sobre onde adicionar campo e de qual variável buscar.', 4, 10, 624, 0, '2018-11-07 19:09:48', '2018-11-07 19:11:44'),
(626, 94, 143, 'baixa', 'solucionado', 'chat', 'solicitacao', 'nivel2', 128, 5, 'Pedido para alterar no andamento processo a palavra processo e pedido para colocar o protocolo.', 4, 2, 625, 0, '2018-11-07 19:10:35', '2018-11-07 19:34:21'),
(627, 48, 287, 'baixa', 'fechado', 'chat', 'solicitacao', 'nivel2', 41, 8, '', 4, NULL, 626, 0, '2018-11-07 19:23:39', '2018-11-07 19:30:11'),
(628, 69, 80, 'baixa', 'solucionado', 'telefone', 'solicitacao', 'nivel2', 38, 6, '', 8, 8, 627, 0, '2018-11-07 19:50:01', '2018-11-08 10:35:52'),
(629, 15, 14, 'baixa', 'solucionado', 'telefone', 'solicitacao', 'nivel1', 15, 4, 'O usuário Rodrigo de Uberaba, informou que não estava conseguindo liberar protocolo para registro, mencionando que aparecia a mensagem de \"... timeout ...\". Essa mensagem é conhecida do suporte, está relacionada com liberar transações pendentes no banco. Como não havia com conectar-se pelo teamviewer, pois o mesmo estava off, foi sugerido a reiniciar o servidor. Após o usuário reiniciar o servidor, comunicou que foi possível liberar protocolo para registro.', 4, 7, 628, 0, '2018-11-08 10:41:37', '2018-11-08 11:55:31'),
(630, 94, 143, 'baixa', 'solucionado', 'chat', 'solicitacao', 'nivel2', 128, 5, 'Arrumado dizeres das etapas do andamento do processo.', 4, 2, 629, 0, '2018-11-08 10:42:08', '2018-11-08 13:53:09'),
(631, 1, 161, 'baixa', 'solucionado', 'telefone', 'solicitacao', 'nivel2', 123, 6, '', 4, 8, 630, 0, '2018-11-08 11:11:38', '2018-11-08 13:08:54'),
(632, 43, 213, 'baixa', 'solucionado', 'chat', 'duvida', 'nivel2', 18, 8, 'duvida sobre as etiquetas.', 4, 10, 631, 0, '2018-11-08 11:36:01', '2018-11-08 11:52:49'),
(633, 39, 195, 'baixa', 'solucionado', 'chat', 'configuracao', 'nivel2', 124, 8, 'alterado carimbos, e \"removido\" 2 serviços', 4, 10, 632, 0, '2018-11-08 13:25:19', '2018-11-08 13:45:30'),
(634, 15, 14, 'baixa', 'solucionado', 'telefone', 'solicitacao', 'nivel2', 74, 6, 'criado uma variável que descreve os protocolos não cancelados e separar com enter', 4, 8, 633, 0, '2018-11-08 13:41:31', '2018-11-08 13:44:12'),
(635, 165, 288, 'baixa', 'solucionado', 'chat', 'solicitacao', 'nivel1', 52, 4, 'desregistrado abertura de RA', 4, 7, 634, 0, '2018-11-08 13:42:49', '2018-11-08 13:49:12'),
(636, 100, 130, 'baixa', 'solucionado', 'chat', 'solicitacao', 'nivel2', 124, 6, 'criado composição, norma e serviço', 4, 8, 635, 0, '2018-11-08 13:48:38', '2018-11-08 14:59:50'),
(637, 26, 31, 'baixa', 'solucionado', 'chat', 'solicitacao', 'nivel1', 1, 4, 'desregistrado abertura de RA', 4, 7, 636, 0, '2018-11-08 13:53:20', '2018-11-08 14:01:42'),
(638, 42, 71, 'baixa', 'solucionado', 'chat', 'solicitacao', 'nivel1', 13, 4, 'alterado textos de modelos de documento', 4, 7, 637, 0, '2018-11-08 15:13:14', '2018-11-08 15:33:04'),
(639, 77, 289, 'baixa', 'solucionado', 'chat', 'solicitacao', 'nivel2', 123, 5, 'foi excluído matrícula e cadastrada novamente, pois  número X referenciava na imagem digitalizada número y.', 4, 2, 638, 0, '2018-11-08 15:28:32', '2018-11-08 16:54:40'),
(641, 19, 19, 'baixa', 'solucionado', 'chat', 'solicitacao', 'nivel1', 15, 4, 'associado classe à natureza formal', 4, 7, 640, 0, '2018-11-08 15:54:34', '2018-11-08 15:59:10'),
(642, 50, 291, 'baixa', 'solucionado', 'chat', 'duvida', 'nivel2', 43, 8, 'o papel estava criado mas segundo ele imprime fora da margem. Sugeri que pode ser problema na impressora, porque no servidor que usa impressora diferente funciona corretamente.', 4, 10, 641, 0, '2018-11-08 15:56:24', '2018-11-08 16:10:42'),
(643, 20, 20, 'baixa', 'solucionado', 'chat', 'solicitacao', 'nivel2', 18, 6, 'http://10.1.1.200:8080/jira/browse/IMOB-3425, não está resolvido', 4, 8, 642, 0, '2018-11-08 16:11:23', '2018-11-08 16:31:55'),
(644, 83, 292, 'baixa', 'solucionado', 'chat', 'solicitacao', 'nivel1', 15, 4, 'desregistrado aberturas de matrícula', 4, 7, 643, 0, '2018-11-08 16:34:13', '2018-11-08 16:58:39'),
(645, 45, 53, 'baixa', 'solucionado', 'chat', 'solicitacao', 'nivel1', 1, 4, 'desregistrado abertura de matrícula', 4, 7, 644, 0, '2018-11-08 16:34:45', '2018-11-08 16:58:21'),
(648, 72, 121, 'baixa', 'fechado', 'chat', 'solicitacao', 'nivel2', 20, 8, 'reaberto', 1, 10, 646, 0, '2018-11-08 16:48:39', '2018-11-08 16:51:39'),
(649, 4, 73, 'baixa', 'solucionado', 'chat', 'configuracao', 'nivel2', 6, 8, 'adicionado campo com data da matrícula', 4, 10, 647, 0, '2018-11-08 16:55:24', '2018-11-08 17:04:13'),
(650, 34, 39, 'baixa', 'solucionado', 'chat', 'solicitacao', 'nivel2', 70, 5, 'Alterado data de selo, colocado para exportar novamente, e alterado timezone do arquivo postgres.conf para Araguaína, e não São Paulo como restava. ', 4, 2, 648, 0, '2018-11-08 16:56:33', '2018-11-08 17:13:00'),
(651, 161, 158, 'baixa', 'solucionado', 'chat', 'solicitacao', 'nivel2', 1, 6, 'desregistrado e excluídos os atos', 4, 8, 649, 0, '2018-11-08 16:58:10', '2018-11-08 17:10:42'),
(652, 118, 198, 'baixa', 'solucionado', 'chat', 'solicitacao', 'nivel1', 13, 4, 'minuta', 4, 7, 650, 0, '2018-11-08 17:17:46', '2018-11-08 17:51:40'),
(653, 102, 98, 'baixa', 'solucionado', 'chat', 'problema', 'nivel2', 127, 8, '\"sumiu\" o casamento das pessoas mas eles continuavam casados no sistema', 4, 10, 651, 0, '2018-11-08 17:19:21', '2018-11-08 17:30:51'),
(654, 49, 131, 'baixa', 'solucionado', 'chat', 'solicitacao', 'nivel1', 27, 4, 'natureza formal e tipo de serviço', 4, 7, 652, 0, '2018-11-08 17:28:30', '2018-11-08 17:51:24'),
(655, 20, 44, 'baixa', 'solucionado', 'telefone', 'solicitacao', 'nivel1', 24, 2, 'Liberado transação', 4, 3, 653, 0, '2018-11-08 17:29:03', '2018-11-08 17:30:00'),
(656, 94, 143, 'baixa', 'solucionado', 'chat', 'solicitacao', 'nivel2', 128, 5, 'Foi refeito as etapas de exportação de processo das certidões e reinstalado o iMOB em um terminal', 4, 2, 654, 0, '2018-11-08 17:44:57', '2018-11-08 19:15:21'),
(657, 85, 230, 'baixa', 'solucionado', 'chat', 'problema', 'nivel2', 17, 8, 'reabriram a matrícula no banco, aí quando tentava apagar o ato dava problema porque o IMOB tentava reverter a ação da área que não existiu.', 4, 10, 655, 0, '2018-11-08 17:48:49', '2018-11-08 17:58:19'),
(658, 18, 280, 'baixa', 'solucionado', 'chat', 'solicitacao', 'nivel2', 117, 6, 'explicado como exportar para o excel a consulta de oficio enviado', 4, 8, 656, 0, '2018-11-08 17:50:31', '2018-11-08 18:03:58'),
(659, 46, 163, 'baixa', 'solucionado', 'chat', 'solicitacao', 'nivel1', 1, 4, 'desregistrado atos', 4, 7, 657, 0, '2018-11-08 17:56:38', '2018-11-08 18:04:48'),
(660, 25, 293, 'baixa', 'solucionado', 'chat', 'solicitacao', 'nivel1', 1, 4, 'desregistrado atos', 4, 7, 658, 0, '2018-11-08 18:02:22', '2018-11-08 18:25:13'),
(661, 42, 282, 'baixa', 'solucionado', 'chat', 'solicitacao', 'nivel1', 13, 4, 'minuta', 4, 7, 659, 0, '2018-11-08 18:10:48', '2018-11-08 18:27:38'),
(662, 48, 294, 'baixa', 'solucionado', 'chat', 'solicitacao', 'nivel2', 9, 8, '', 4, 10, 660, 0, '2018-11-08 18:12:37', '2018-11-08 18:14:42'),
(663, 26, 102, 'baixa', 'solucionado', 'chat', 'solicitacao', 'nivel2', 9, 6, 'alterado a data de registro', 4, 8, 661, 0, '2018-11-08 18:13:52', '2018-11-08 18:14:23'),
(664, 176, 295, 'baixa', 'solucionado', 'chat', 'duvida', 'nivel2', 126, 8, 'aparentemente gerou o documento e fechou o pedido sem salvar. Deixando gravado o texto padrão com variáveis.', 4, 10, 662, 0, '2018-11-08 18:18:48', '2018-11-08 18:24:39'),
(665, 23, 296, 'baixa', 'solucionado', 'chat', 'solicitacao', 'nivel2', 25, 6, 'instalado', 4, 8, 663, 0, '2018-11-08 18:19:53', '2018-11-08 18:29:29'),
(666, 83, 292, 'baixa', 'solucionado', 'chat', 'solicitacao', 'nivel1', 1, 4, 'desregistrado ato e permissão ', 4, 7, 664, 0, '2018-11-08 18:31:56', '2018-11-08 18:37:05'),
(667, 68, 276, 'baixa', 'solucionado', 'chat', 'solicitacao', 'nivel1', 15, 4, 'associado classe à natureza formal', 4, 7, 665, 0, '2018-11-08 18:40:09', '2018-11-08 18:58:04'),
(668, 4, 73, 'baixa', 'solucionado', 'chat', 'duvida', 'nivel2', 18, 8, 'Duvida sobre cobrança de serviço', 4, 10, 666, 0, '2018-11-08 18:40:32', '2018-11-08 19:08:01'),
(669, 48, 60, 'baixa', 'solucionado', 'chat', 'solicitacao', 'nivel1', 9, 4, 'alterado data de registro e requisição de selo', 4, 7, 667, 0, '2018-11-08 18:53:51', '2018-11-08 19:06:03'),
(670, 1, 161, 'baixa', 'solucionado', 'telefone', 'solicitacao', 'nivel2', 124, 6, 'alterado o modelo de carimbo de selos lá. Configurado o word 2013 em 2 máquinas', 4, 8, 668, 0, '2018-11-08 18:54:47', '2018-11-08 19:03:25'),
(671, 15, 14, 'baixa', 'solucionado', 'telefone', 'solicitacao', 'nivel2', 70, 6, 'desassociado o selo CKI 26093 por SQL', 4, 8, 669, 0, '2018-11-08 19:01:30', '2018-11-08 19:04:24'),
(672, 45, 53, 'baixa', 'solucionado', 'chat', 'solicitacao', 'nivel1', 1, 4, 'desregistrado ato e abertura de matrícula', 4, 7, 670, 0, '2018-11-08 19:02:05', '2018-11-08 19:05:36'),
(673, 39, 297, 'baixa', 'solucionado', 'chat', 'solicitacao', 'nivel2', 1, 5, 'Desregistrado ato', 4, 2, 671, 0, '2018-11-08 19:04:46', '2018-11-08 19:13:00'),
(674, 145, 199, 'baixa', 'solucionado', 'chat', 'solicitacao', 'nivel1', 1, 4, 'desregistrado ato', 4, 7, 672, 0, '2018-11-09 10:53:44', '2018-11-09 10:58:56'),
(675, 49, 270, 'baixa', 'solucionado', 'chat', 'solicitacao', 'nivel1', 13, 4, 'minuta, desregistrado atos, encerrados matrículas', 4, 7, 673, 0, '2018-11-09 11:04:12', '2018-11-09 11:30:16'),
(676, 42, 298, 'baixa', 'solucionado', 'chat', 'solicitacao', 'nivel1', 1, 2, 'Desregistrado', 4, 3, 674, 0, '2018-11-09 11:21:27', '2018-11-09 11:23:46'),
(678, 3, 203, 'baixa', 'solucionado', 'chat', 'solicitacao', 'nivel1', 1, 2, 'Desregistrado', 4, 3, 676, 0, '2018-11-09 11:27:53', '2018-11-09 11:34:23'),
(680, 47, 58, 'baixa', 'solucionado', 'chat', 'solicitacao', 'nivel2', 49, 5, 'Configurado no modelo de ficha novas folhas para poderem imprimir o verso do livro protocolo.', 1, 2, 677, 0, '2018-11-09 11:31:42', '2018-11-09 13:39:11'),
(682, 42, 298, 'baixa', 'solucionado', 'chat', 'solicitacao', 'nivel2', 41, 8, 'queria que registrasse o ato e não quiz fazer o que eu pedi.', 4, 10, 679, 0, '2018-11-09 11:38:07', '2018-11-09 11:46:20'),
(683, 41, 299, 'baixa', 'solucionado', 'chat', 'solicitacao', 'nivel2', 84, 6, '', 4, 8, 680, 0, '2018-11-09 11:39:03', '2018-11-09 11:43:38'),
(684, 43, 181, 'baixa', 'solucionado', 'chat', 'configuracao', 'nivel2', 124, 8, '', 4, 10, 681, 0, '2018-11-09 11:50:40', '2018-11-09 12:19:42'),
(685, 24, 27, 'baixa', 'solucionado', 'telefone', 'solicitacao', 'nivel1', 86, 2, 'Trocado servidor', 4, 3, 682, 0, '2018-11-09 11:54:57', '2018-11-09 16:35:11'),
(686, 109, 149, 'baixa', 'solucionado', 'chat', 'solicitacao', 'nivel2', 80, 6, '', 4, 8, 683, 0, '2018-11-09 12:02:15', '2018-11-09 13:25:25'),
(687, 82, 164, 'baixa', 'solucionado', 'chat', 'solicitacao', 'nivel1', 13, 4, 'minuta', 4, 7, 684, 0, '2018-11-09 12:13:03', '2018-11-09 12:21:21'),
(688, 45, 53, 'baixa', 'solucionado', 'chat', 'solicitacao', 'nivel1', 1, 4, 'desregistrado ato e abertura', 4, 7, 685, 0, '2018-11-09 12:23:23', '2018-11-09 12:41:36'),
(689, 59, 300, 'baixa', 'solucionado', 'chat', 'solicitacao', 'nivel1', 1, 4, 'dúvida sobre criar nota de devolução', 4, 7, 686, 0, '2018-11-09 12:25:36', '2018-11-09 12:41:15'),
(690, 48, 287, 'baixa', 'solucionado', 'chat', 'solicitacao', 'nivel2', 1, 8, '', 4, 10, 687, 0, '2018-11-09 12:29:18', '2018-11-09 12:50:53'),
(691, 8, 267, 'baixa', 'solucionado', 'telefone', 'solicitacao', 'nivel2', 12, 6, 'liberado versão, ele vai atualizar e dai me avisar para configurar', 4, 8, 688, 0, '2018-11-09 12:45:02', '2018-11-09 13:24:50'),
(692, 15, 14, 'baixa', 'solucionado', 'telefone', 'solicitacao', 'nivel2', 116, 6, 'criado uma variável conforme modelo passado pelo Rodrigo', 4, 8, 689, 0, '2018-11-09 12:46:05', '2018-11-09 13:24:29'),
(693, 145, 199, 'baixa', 'solucionado', 'chat', 'solicitacao', 'nivel1', 1, 4, 'no caso apresentado pela usuária era necessário excluir os atos e refaze-los novamente utilizando a minuta correta, mas como o ato havia selo exportado, foi transferido o atendimento para a Camila novamente', 4, 7, 690, 0, '2018-11-09 12:55:06', '2018-11-09 13:19:39'),
(694, 109, 149, 'baixa', 'solucionado', 'chat', 'configuracao', 'nivel2', 124, 8, 'configurado modelo de certidão negativa de ônus.', 4, 10, 691, 0, '2018-11-09 12:57:01', '2018-11-09 13:42:17'),
(695, 77, 301, 'baixa', 'solucionado', 'chat', 'solicitacao', 'nivel1', 21, 4, 'minuta', 4, 7, 692, 0, '2018-11-09 12:58:51', '2018-11-09 13:23:30'),
(696, 126, 302, 'baixa', 'solucionado', 'chat', 'solicitacao', 'nivel2', 69, 6, 'importado os selos', 4, 8, 693, 0, '2018-11-09 13:27:46', '2018-11-09 13:29:55'),
(697, 20, 20, 'baixa', 'solucionado', 'chat', 'solicitacao', 'nivel2', 127, 6, '', 4, 8, 694, 0, '2018-11-09 13:32:46', '2018-11-09 15:32:14'),
(698, 33, 38, 'baixa', 'solucionado', 'chat', 'solicitacao', 'nivel1', 15, 4, 'associado classe à natureza formal', 4, 7, 695, 0, '2018-11-09 13:33:12', '2018-11-09 13:40:26'),
(699, 94, 143, 'baixa', 'solucionado', 'chat', 'solicitacao', 'nivel2', 128, 5, 'Cliente isa voltar as 13 horas para continuar atendimento, mas não voltou.', 4, 2, 696, 0, '2018-11-09 13:39:59', '2018-11-09 16:33:09'),
(700, 112, 304, 'baixa', 'solucionado', 'chat', 'solicitacao', 'nivel2', 51, 8, '', 4, 10, 697, 0, '2018-11-09 13:45:23', '2018-11-09 14:02:18'),
(701, 156, 303, 'baixa', 'solucionado', 'chat', 'solicitacao', 'nivel1', 52, 4, 'desregistrado abertura de RA', 4, 7, 698, 0, '2018-11-09 13:46:01', '2018-11-09 13:49:48'),
(702, 19, 120, 'baixa', 'solucionado', 'chat', 'solicitacao', 'nivel1', 1, 4, 'desregistrado atos e alterado data de registro', 4, 7, 699, 0, '2018-11-09 15:15:14', '2018-11-09 15:37:27'),
(703, 8, 267, 'baixa', 'solucionado', 'telefone', 'solicitacao', 'nivel2', 12, 6, 'configurado o ISS', 4, 8, 700, 0, '2018-11-09 15:35:34', '2018-11-09 15:45:53'),
(704, 4, 73, 'baixa', 'solucionado', 'telefone', 'problema', 'nivel2', 127, 8, 'problema com as fontes do computador', 4, 10, 701, 0, '2018-11-09 15:37:08', '2018-11-10 00:59:36'),
(705, 70, 305, 'baixa', 'solucionado', 'chat', 'solicitacao', 'nivel2', 12, 5, 'Criado consulta que lista pessoas jurídicas e suas propriedades.', 4, 2, 702, 0, '2018-11-09 15:52:10', '2018-11-09 16:44:58'),
(706, 145, 199, 'baixa', 'solucionado', 'chat', 'solicitacao', 'nivel2', 42, 6, 'arrumando no banco de dados a área e a fração', 4, 8, 703, 0, '2018-11-09 15:52:34', '2018-11-09 16:28:34'),
(707, 27, 94, 'baixa', 'solucionado', 'chat', 'solicitacao', 'nivel2', 70, 6, 'reservado os selos e voltado novamente', 4, 8, 704, 0, '2018-11-09 16:36:05', '2018-11-09 17:23:14'),
(708, 10, 306, 'baixa', 'solucionado', 'chat', 'solicitacao', 'nivel1', 24, 2, 'Liberado transação', 4, 3, 705, 0, '2018-11-09 16:40:06', '2018-11-09 16:44:25'),
(709, 115, 95, 'baixa', 'solucionado', 'chat', 'solicitacao', 'nivel1', 17, 4, 'reaberto e encerrado matrícula, criado minuta, revertido situação de protocolo', 4, 7, 706, 0, '2018-11-09 16:47:50', '2018-11-09 17:58:00'),
(710, 94, 143, 'baixa', 'solucionado', 'chat', 'solicitacao', 'nivel2', 128, 5, 'Visto erro em gerar etiqueta, mas não era erro, era a demora em gerar 1500 atos, ai foi explicado que demora é normal; Visto processo de registro e erro em emissão da certidão de positiva de propriedade, que não tinha modelo no padrão de classe setado.', 4, 2, 707, 0, '2018-11-09 16:48:26', '2018-11-09 18:25:55'),
(711, 93, 223, 'baixa', 'solucionado', 'chat', 'solicitacao', 'nivel1', 1, 2, 'Desregistrado', 4, 3, 708, 0, '2018-11-09 17:14:18', '2018-11-09 17:29:07'),
(712, 118, 198, 'baixa', 'solucionado', 'telefone', 'solicitacao', 'nivel2', 69, 6, 'exportado os selos, precisa esperar processar os selos. Está caindo a internet lá dai não fica conectado para configurar a exportação automática', 4, 8, 709, 0, '2018-11-09 17:32:22', '2018-11-09 17:58:56'),
(713, 23, 25, 'baixa', 'solucionado', 'chat', 'solicitacao', 'nivel2', 12, 6, 'ele precisa atualizar o IMOB antes', 4, 8, 710, 0, '2018-11-09 18:01:05', '2018-11-09 18:18:32'),
(714, 165, 260, 'baixa', 'solucionado', 'chat', 'solicitacao', 'nivel2', 44, 6, 'configurado o word', 4, 8, 711, 0, '2018-11-09 18:28:20', '2018-11-09 18:34:41'),
(715, 2, 307, 'baixa', 'solucionado', 'chat', 'solicitacao', 'nivel2', 127, 5, 'Erro ao excluir matrícula, ai foi apenas arrumado os atuais proprietários.', 4, 2, 712, 0, '2018-11-09 18:34:17', '2018-11-09 18:42:50'),
(716, 73, 81, 'baixa', 'solucionado', 'telefone', 'solicitacao', 'nivel2', 18, 6, 'criado consulta e apostila, passado para o Alcindo avisar o Patrick', 4, 8, 713, 0, '2018-11-09 18:39:12', '2018-11-09 19:12:57'),
(717, 161, 228, 'baixa', 'solucionado', 'chat', 'solicitacao', 'nivel2', 128, 5, 'Tirado dúvida sobre  oficio eletrônico, que não faz exportação de processos.', 4, 2, 714, 0, '2018-11-09 19:01:38', '2018-11-09 19:29:19'),
(718, 92, 308, 'baixa', 'solucionado', 'telefone', 'solicitacao', 'nivel2', 117, 6, 'criado apostila e consulta', 4, 8, 715, 0, '2018-11-09 19:07:16', '2018-11-09 19:13:18'),
(719, 110, 309, 'baixa', 'solucionado', 'chat', 'solicitacao', 'nivel1', 13, 4, 'desregistrado ato', 4, 7, 716, 0, '2018-11-09 19:17:06', '2018-11-09 19:23:03'),
(720, 118, 198, 'baixa', 'solucionado', 'chat', 'solicitacao', 'nivel1', 13, 2, 'Criado Minuta', 4, 3, 717, 0, '2018-11-09 19:17:34', '2018-11-09 19:25:54'),
(721, 3, 30, 'baixa', 'solucionado', 'chat', 'solicitacao', 'nivel1', 1, 4, 'desregistrado atos', 4, 7, 718, 0, '2018-11-12 10:39:23', '2018-11-12 10:48:33'),
(722, 3, 103, 'baixa', 'solucionado', 'chat', 'solicitacao', 'nivel1', 1, 2, 'Desregistrado no servidor', 4, 3, 719, 0, '2018-11-12 10:41:57', '2018-11-12 10:48:31'),
(723, 3, 23, 'baixa', 'solucionado', 'chat', 'solicitacao', 'nivel1', 21, 4, 'alterado tipo de imóvel, permissão', 4, 7, 720, 0, '2018-11-12 10:44:43', '2018-11-12 10:51:31'),
(724, 45, 182, 'baixa', 'solucionado', 'chat', 'solicitacao', 'nivel2', 71, 7, 'Conversado a respeito da CNIB', 4, 9, 721, 0, '2018-11-12 10:45:17', '2018-11-12 11:05:31'),
(725, 19, 120, 'baixa', 'pendente', 'telefone', 'solicitacao', 'nivel2', 18, 5, 'Orientado como fazer planilha para parcelamento, a tarde cliente voltará para fazermos o parcelamento.', 4, NULL, 722, 0, '2018-11-12 10:47:18', '0000-00-00 00:00:00'),
(726, 145, 199, 'baixa', 'solucionado', 'chat', 'solicitacao', 'nivel1', 1, 2, 'Desregistrado ato', 4, 3, 723, 0, '2018-11-12 11:00:08', '2018-11-12 11:09:30'),
(727, 43, 213, 'baixa', 'solucionado', 'chat', 'configuracao', 'nivel2', 129, 8, 'configurado documento.', 4, 10, 724, 0, '2018-11-12 11:02:58', '2018-11-12 14:00:42'),
(728, 82, 164, 'baixa', 'solucionado', 'chat', 'solicitacao', 'nivel1', 13, 4, 'criado minuta de encerramento de matrícula', 4, 7, 725, 0, '2018-11-12 11:03:32', '2018-11-12 11:11:50'),
(729, 25, 28, 'baixa', 'solucionado', 'chat', 'solicitacao', 'nivel2', 71, 5, 'Visto erro em atos de indisponibilidade, mas  a programação está resolvendo ainda.', 4, 2, 726, 0, '2018-11-12 11:04:43', '2018-11-12 11:27:12'),
(730, 94, 96, 'baixa', 'solucionado', 'chat', 'solicitacao', 'nivel1', 25, 2, 'instalado imob', 4, 3, 727, 0, '2018-11-12 11:10:12', '2018-11-12 11:20:33'),
(731, 7, 45, 'baixa', 'solucionado', 'chat', 'solicitacao', 'nivel1', 13, 4, 'criado minuta de indisponibilidade de bens', 4, 7, 728, 0, '2018-11-12 11:15:23', '2018-11-12 11:28:13'),
(732, 4, 73, 'baixa', 'solucionado', 'chat', 'solicitacao', 'nivel2', 124, 6, 'alterado o nome no carimbo, ficou fazendo outras atividades e não respondeu mais', 4, 8, 729, 0, '2018-11-12 11:23:32', '2018-11-12 11:45:42'),
(733, 109, 149, 'baixa', 'solucionado', 'chat', 'solicitacao', 'nivel2', 43, 7, 'Setado modelo padrão de ficha para certidão de ônus.', 4, 9, 730, 0, '2018-11-12 11:24:05', '2018-11-12 11:55:07'),
(734, 71, 262, 'baixa', 'solucionado', 'chat', 'solicitacao', 'nivel1', 25, 2, 'Instalado imob', 4, 3, 731, 0, '2018-11-12 11:24:45', '2018-11-12 11:37:53'),
(735, 47, 58, 'baixa', 'solucionado', 'chat', 'solicitacao', 'nivel2', 98, 5, 'Ajudado e imprimir Livro antigo de protocolo, e colocado pra valer o livro novo, que contém impressão de verso.', 4, 2, 732, 0, '2018-11-12 11:31:52', '2018-11-12 12:23:26'),
(736, 6, 3, 'baixa', 'solucionado', 'telefone', 'solicitacao', 'nivel1', 1, 4, 'usuário utilizou minuta errado em ato, foi orientado o qual modelo seria o correto para o ato em que estava fazendo', 4, 7, 733, 0, '2018-11-12 11:34:42', '2018-11-12 11:55:03'),
(737, 24, 27, 'baixa', 'solucionado', 'chat', 'solicitacao', 'nivel1', 33, 2, 'Duvidas sobre basckup', 4, 3, 734, 0, '2018-11-12 11:43:11', '2018-11-12 11:58:50'),
(738, 93, 109, 'baixa', 'solucionado', 'chat', 'problema', 'nivel2', 86, 8, 'perdeu-se tudo no servidor.', 4, 10, 735, 0, '2018-11-12 11:53:12', '2018-11-12 17:02:55'),
(739, 63, 145, 'baixa', 'solucionado', 'chat', 'solicitacao', 'nivel2', 83, 7, 'Criado usuários e alterado permissões, repassado nível 2 criar norma com desconto.                                                                                                                                                                                      * Criado norma de cálculo e alterado em serviço de Baixa de Penhora.', 4, 3, 736, 0, '2018-11-12 11:55:46', '2018-11-12 12:11:16'),
(740, 14, 13, 'baixa', 'solucionado', 'chat', 'solicitacao', 'nivel2', 127, 6, '', 4, 8, 737, 0, '2018-11-12 11:58:31', '2018-11-12 15:50:48'),
(741, 113, 310, 'baixa', 'solucionado', 'chat', 'solicitacao', 'nivel2', 43, 7, 'Foi alterado o Office sem configurar modelos.', 4, 9, 738, 0, '2018-11-12 12:02:04', '2018-11-12 12:28:00'),
(742, 173, 311, 'baixa', 'solucionado', 'chat', 'solicitacao', 'nivel1', 13, 4, 'criado tipo de serviço', 4, 7, 739, 0, '2018-11-12 12:07:14', '2018-11-12 12:11:56'),
(743, 3, 30, 'baixa', 'solucionado', 'chat', 'solicitacao', 'nivel1', 1, 2, 'Desregistrado', 4, 3, 740, 0, '2018-11-12 12:13:21', '2018-11-12 12:16:01'),
(744, 102, 98, 'baixa', 'solucionado', 'chat', 'solicitacao', 'nivel1', 20, 4, 'reaberto matricula', 4, 7, 741, 0, '2018-11-12 12:13:44', '2018-11-12 12:18:29'),
(745, 33, 191, 'baixa', 'solucionado', 'chat', 'solicitacao', 'nivel1', 15, 2, 'Associado Minuta', 4, 3, 742, 0, '2018-11-12 12:18:16', '2018-11-12 12:31:57'),
(746, 48, 287, 'baixa', 'solucionado', 'chat', 'solicitacao', 'nivel1', 9, 4, 'alterado data de registro', 4, 7, 743, 0, '2018-11-12 12:20:24', '2018-11-12 12:34:27'),
(747, 2, 1, 'baixa', 'solucionado', 'chat', 'solicitacao', 'nivel2', 84, 5, 'Alterado valor de tipo de serviço de abertura de matrícula.', 4, 2, 744, 0, '2018-11-12 12:26:22', '2018-11-12 12:46:35'),
(748, 113, 310, 'baixa', 'solucionado', 'telefone', 'solicitacao', 'nivel1', 29, 4, 'alterado modelos de documentos para troca de office', 4, 7, 745, 0, '2018-11-12 12:38:16', '2018-11-12 16:03:41'),
(749, 145, 199, 'baixa', 'solucionado', 'chat', 'solicitacao', 'nivel1', 1, 2, 'Desregistrado ato de matricula', 4, 3, 746, 0, '2018-11-12 12:38:41', '2018-11-12 12:41:19'),
(750, 11, 152, 'baixa', 'solucionado', 'chat', 'solicitacao', 'nivel2', 97, 5, 'Ajudado a imprimir em livro novo e mudado numeração de livro.', 4, 2, 747, 0, '2018-11-12 12:52:12', '2018-11-12 13:29:24'),
(751, 39, 46, 'baixa', 'solucionado', 'chat', 'solicitacao', 'nivel1', 13, 2, 'Criado Minuta e Natureza formal', 4, 3, 748, 0, '2018-11-12 13:05:03', '2018-11-12 13:13:08'),
(752, 22, 243, 'baixa', 'solucionado', 'chat', 'solicitacao', 'nivel2', 77, 7, 'Auxiliado com parcelamento.', 4, 9, 749, 0, '2018-11-12 13:08:15', '2018-11-12 15:16:33'),
(753, 161, 158, 'baixa', 'solucionado', 'chat', 'solicitacao', 'nivel1', 1, 2, 'Reaberto matricula pelo banco de dados, desregitrado ato, isentado custas do serviço extra e alterado data de registro', 4, 3, 750, 0, '2018-11-12 13:17:37', '2018-11-12 13:38:26'),
(754, 121, 245, 'baixa', 'solucionado', 'chat', 'solicitacao', 'nivel2', 18, 5, 'Foi pedido para criar uma certidão para intimação, mas a tarde retornarão para passar qual será a norma para essa certidão.', 4, 2, 751, 0, '2018-11-12 13:32:00', '2018-11-12 13:43:50'),
(755, 167, 312, 'baixa', 'solucionado', 'chat', 'solicitacao', 'nivel2', 100, 5, 'Alterado protocolo de guia.', 4, 2, 752, 0, '2018-11-12 13:47:17', '2018-11-12 14:01:53'),
(756, 36, 218, 'baixa', 'solucionado', 'chat', 'solicitacao', 'nivel1', 15, 2, 'Associado Minuta', 4, 3, 753, 0, '2018-11-12 13:48:06', '2018-11-12 13:51:33'),
(757, 3, 203, 'baixa', 'solucionado', 'chat', 'solicitacao', 'nivel1', 27, 2, 'Criado 4 tipos de serviços', 4, 3, 754, 0, '2018-11-12 15:16:35', '2018-11-12 16:08:22'),
(758, 11, 238, 'baixa', 'solucionado', 'chat', 'solicitacao', 'nivel2', 124, 7, 'Alterado modelo de ficha padrão para Positiva de Propriedade.', 4, 9, 755, 0, '2018-11-12 15:46:35', '2018-11-12 15:56:35'),
(759, 59, 175, 'baixa', 'solucionado', 'chat', 'solicitacao', 'nivel1', 1, 4, 'desregistrado atos', 4, 7, 756, 0, '2018-11-12 15:47:00', '2018-11-12 15:57:51'),
(760, 59, 175, 'baixa', 'solucionado', 'chat', 'solicitacao', 'nivel1', 1, 2, 'Desregistrado', 4, 3, 757, 0, '2018-11-12 16:01:07', '2018-11-12 16:08:01'),
(761, 1, 161, 'baixa', 'solucionado', 'telefone', 'solicitacao', 'nivel2', 43, 6, 'configurado o word', 4, 8, 758, 0, '2018-11-12 16:13:35', '2018-11-12 16:45:07'),
(762, 33, 313, 'baixa', 'solucionado', 'chat', 'solicitacao', 'nivel2', 43, 5, 'Erro no office, mas quando conectamos ver não apareceu erro, ai não precisou arrumar.', 4, 2, 759, 0, '2018-11-12 16:16:17', '2018-11-12 16:30:47'),
(763, 103, 314, 'baixa', 'pendente', 'chat', 'solicitacao', 'nivel1', 109, 4, 'aguardando resposta sobre situação', 4, NULL, 760, 0, '2018-11-12 16:29:30', '0000-00-00 00:00:00'),
(764, 173, 311, 'baixa', 'solucionado', 'chat', 'solicitacao', 'nivel1', 15, 2, 'Associado minuta a natureza formal', 4, 3, 761, 0, '2018-11-12 16:29:51', '2018-11-12 16:39:47'),
(765, 42, 71, 'baixa', 'solucionado', 'chat', 'solicitacao', 'nivel1', 13, 2, 'Criado Minuta', 4, 3, 762, 0, '2018-11-12 16:50:12', '2018-11-12 17:06:01'),
(766, 109, 149, 'baixa', 'solucionado', 'chat', 'solicitacao', 'nivel2', 70, 7, 'Auxiliado com justificativa errada em isenção de serviço.', 4, 9, 763, 0, '2018-11-12 16:57:23', '2018-11-12 17:10:51'),
(767, 118, 172, 'baixa', 'solucionado', 'chat', 'solicitacao', 'nivel1', 13, 2, 'Criado Minuta', 4, 3, 764, 0, '2018-11-12 17:00:48', '2018-11-12 17:05:46'),
(768, 39, 195, 'baixa', 'solucionado', 'chat', 'solicitacao', 'nivel1', 21, 4, 'alterado cargo da usuária Luana', 4, 7, 765, 0, '2018-11-12 17:09:12', '2018-11-12 17:13:31'),
(769, 119, 315, 'baixa', 'solucionado', 'chat', 'solicitacao', 'nivel1', 18, 2, 'duvidas sobre troca de servidor', 4, 3, 766, 0, '2018-11-12 17:12:32', '2018-11-12 17:30:20'),
(770, 1, 8, 'baixa', 'solucionado', 'chat', 'solicitacao', 'nivel1', 27, 4, 'tipo de serviço', 4, 7, 767, 0, '2018-11-12 17:17:02', '2018-11-12 17:39:30'),
(771, 163, 316, 'baixa', 'solucionado', 'chat', 'duvida', 'nivel2', 99, 8, 'reverteu a situação do protocolo com nota de devolução.', 4, 10, 768, 0, '2018-11-12 17:21:57', '2018-11-12 17:34:21'),
(772, 17, 146, 'baixa', 'solucionado', 'telefone', 'solicitacao', 'nivel1', 33, 4, 'substituido pasta rodb do imob antigo', 4, 7, 769, 0, '2018-11-12 17:33:22', '2018-11-12 17:39:08'),
(773, 42, 71, 'baixa', 'solucionado', 'chat', 'solicitacao', 'nivel1', 13, 2, 'Ajudado a criar ato', 4, 3, 770, 0, '2018-11-12 17:33:43', '2018-11-12 17:52:01'),
(774, 173, 311, 'baixa', 'solucionado', 'chat', 'solicitacao', 'nivel2', 18, 6, 'explicado como proceder', 4, 8, 771, 0, '2018-11-12 17:35:49', '2018-11-12 17:46:56'),
(775, 11, 157, 'baixa', 'solucionado', 'chat', 'solicitacao', 'nivel2', 60, 5, 'Criado isenção de funrejus dentro do item pré definido.', 4, 2, 772, 0, '2018-11-12 17:51:54', '2018-11-12 18:00:55'),
(776, 92, 318, 'baixa', 'solucionado', 'chat', 'solicitacao', 'nivel2', 81, 7, 'Alterado naturezas formais e alterado composição de custas e normas de cálculo.', 4, 9, 773, 0, '2018-11-12 17:57:07', '2018-11-12 18:18:57'),
(777, 92, 319, 'baixa', 'solucionado', 'chat', 'solicitacao', 'nivel2', 12, 6, 'explicado como utilizar a consulta', 4, 8, 774, 0, '2018-11-12 17:57:41', '2018-11-12 18:01:00'),
(778, 32, 97, 'baixa', 'solucionado', 'chat', 'solicitacao', 'nivel2', 70, 8, 'fez ato na matrícula errada.', 4, 10, 775, 0, '2018-11-12 18:23:33', '2018-11-12 18:54:00'),
(779, 128, 236, 'baixa', 'solucionado', 'chat', 'solicitacao', 'nivel2', 18, 5, 'visto erro em exportar indicador, foi trocado arquivo de dentro da pasta IMOB e ai  o erro que aparecia era sobre  o programa que recebia as imagens, não do Imob.', 4, 2, 776, 0, '2018-11-12 18:26:13', '2018-11-14 10:27:45'),
(780, 49, 61, 'baixa', 'solucionado', 'chat', 'solicitacao', 'nivel1', 13, 4, 'minuta, alterado texto de modelo de documento, tipo de serviço', 4, 7, 777, 0, '2018-11-12 18:28:45', '2018-11-12 18:57:49'),
(781, 173, 311, 'baixa', 'solucionado', 'chat', 'solicitacao', 'nivel2', 126, 7, 'Alterado modelo padrão de certidão.', 4, 9, 778, 0, '2018-11-12 18:52:23', '2018-11-12 18:54:26'),
(782, 4, 54, 'baixa', 'solucionado', 'chat', 'solicitacao', 'nivel2', 117, 8, 'não envia msg no chat.', 4, 10, 779, 0, '2018-11-12 19:02:27', '2018-11-12 19:11:10'),
(783, 48, 287, 'baixa', 'solucionado', 'chat', 'solicitacao', 'nivel1', 13, 4, 'minuta', 4, 7, 780, 0, '2018-11-12 19:05:56', '2018-11-12 19:35:20'),
(784, 118, 172, 'baixa', 'solucionado', 'chat', 'solicitacao', 'nivel1', 13, 2, 'Criado minuta', 4, 3, 781, 0, '2018-11-12 19:06:50', '2018-11-12 19:12:22'),
(785, 12, 11, 'baixa', 'solucionado', 'chat', 'solicitacao', 'nivel2', 81, 6, 'não respondeu no chat e ficou fechando o teamviewer, tentei conectar 5x e ela fechou.', 4, 8, 782, 0, '2018-11-12 19:12:38', '2018-11-12 19:26:29'),
(786, 3, 30, 'baixa', 'solucionado', 'chat', 'solicitacao', 'nivel1', 1, 2, 'Desregistrado ato de matricula', 4, 3, 783, 0, '2018-11-12 19:15:30', '2018-11-12 19:15:46'),
(787, 86, 320, 'baixa', 'solucionado', 'chat', 'solicitacao', 'nivel2', 107, 7, 'Auxiliado em problema com área de matrícula.', 4, 9, 784, 0, '2018-11-12 19:17:27', '2018-11-12 19:53:11'),
(788, 15, 253, 'baixa', 'solucionado', 'telefone', 'solicitacao', 'nivel1', 21, 2, 'Alterado permissão de usuário Viviane para emitir certidão a pedido de GARY', 4, 3, 785, 0, '2018-11-12 19:22:09', '2018-11-12 19:30:06'),
(789, 4, 54, 'baixa', 'solucionado', 'chat', 'solicitacao', 'nivel2', 74, 8, '', 4, 10, 786, 0, '2018-11-13 10:44:10', '2018-11-13 11:13:53'),
(790, 14, 321, 'baixa', 'solucionado', 'chat', 'solicitacao', 'nivel2', 127, 6, 'configurado o IP no programa do Funrejus', 4, 8, 787, 0, '2018-11-13 10:47:12', '2018-11-13 10:59:11'),
(791, 128, 236, 'baixa', 'solucionado', 'chat', 'solicitacao', 'nivel2', 69, 7, 'Orientado como excluir arquivo remessa.', 4, 9, 788, 0, '2018-11-13 10:49:58', '2018-11-13 10:59:40'),
(792, 24, 27, 'baixa', 'solucionado', 'telefone', 'solicitacao', 'nivel1', 29, 4, 'Os modelos foram todos alterados, para ser compatível com o word 365 e também foram criados os novos modelos de recibos, comprovantes, Matrícula, RA, indicadores e protocolo.', 4, 7, 789, 0, '2018-11-13 11:01:46', '2018-11-13 18:17:48'),
(793, 11, 107, 'baixa', 'solucionado', 'chat', 'solicitacao', 'nivel1', 13, 2, 'Criado minutas e encerrado matriculas', 4, 3, 790, 0, '2018-11-13 11:17:45', '2018-11-13 11:34:43'),
(794, 110, 147, 'baixa', 'solucionado', 'chat', 'duvida', 'nivel2', 41, 8, '', 4, 10, 791, 0, '2018-11-13 11:20:43', '2018-11-13 11:28:53'),
(795, 37, 42, 'baixa', 'solucionado', 'telefone', 'solicitacao', 'nivel2', 86, 7, 'Realizado configuração de banco de dados novo.', 4, 9, 792, 0, '2018-11-13 11:29:00', '2018-11-13 13:03:27'),
(796, 14, 323, 'baixa', 'solucionado', 'chat', 'solicitacao', 'nivel1', 26, 2, 'Instalado imob', 4, 3, 793, 0, '2018-11-13 11:44:02', '2018-11-13 11:48:16'),
(797, 11, 107, 'baixa', 'solucionado', 'chat', 'solicitacao', 'nivel1', 13, 2, 'Alterado minuta', 4, 3, 794, 0, '2018-11-13 11:50:58', '2018-11-13 12:01:43'),
(798, 82, 164, 'baixa', 'solucionado', 'chat', 'solicitacao', 'nivel2', 18, 6, 'tinha um protocolo criado em uma recepção de 2017', 4, 8, 795, 0, '2018-11-13 11:55:08', '2018-11-13 12:07:44'),
(799, 27, 94, 'baixa', 'solucionado', 'chat', 'solicitacao', 'nivel1', 1, 2, 'Desregistrado atos de matricula', 4, 3, 796, 0, '2018-11-13 11:58:51', '2018-11-13 12:01:26');
INSERT INTO `ticket` (`id`, `id_registry`, `id_client`, `priority`, `t_status`, `source`, `type`, `t_group`, `id_module`, `id_attendant`, `resolution`, `id_who_opened`, `id_who_closed`, `id_chat`, `is_repeated`, `registered_at`, `finalized_at`) VALUES
(800, 173, 311, 'baixa', 'solucionado', 'chat', 'configuracao', 'nivel2', 126, 8, 'configurado etiqueta e modelo de ficha', 4, 10, 797, 0, '2018-11-13 12:02:13', '2018-11-13 17:06:26'),
(801, 145, 118, 'baixa', 'solucionado', 'chat', 'solicitacao', 'nivel1', 1, 2, 'Desregistrado ato de matricula', 4, 3, 798, 0, '2018-11-13 12:03:28', '2018-11-13 12:13:26'),
(802, 117, 141, 'baixa', 'solucionado', 'chat', 'solicitacao', 'nivel2', 13, 6, 'Foi orientado como proceder mais cliente não aceita sugestão, repassei para Nivel 2 analisar se existe outra forma de fazer o procedimento solicitado. Criado minuta informativa e serviço', 4, 3, 799, 0, '2018-11-13 12:08:53', '2018-11-13 12:30:14'),
(803, 72, 121, 'baixa', 'solucionado', 'chat', 'solicitacao', 'nivel2', 70, 6, 'liberado transações', 4, 8, 800, 0, '2018-11-13 12:21:16', '2018-11-13 12:52:42'),
(804, 118, 198, 'baixa', 'solucionado', 'chat', 'solicitacao', 'nivel1', 13, 2, 'Criado Minutas', 4, 3, 801, 0, '2018-11-13 12:31:24', '2018-11-13 12:47:42'),
(805, 118, 127, 'baixa', 'solucionado', 'chat', 'solicitacao', 'nivel1', 13, 2, 'Criado Minutas', 4, 3, 802, 0, '2018-11-13 12:37:51', '2018-11-13 12:53:46'),
(806, 55, 324, 'baixa', 'solucionado', 'chat', 'solicitacao', 'nivel2', 81, 7, 'Auxiliado com custas em norma de cálculo.', 4, 9, 803, 0, '2018-11-13 13:14:47', '2018-11-13 13:27:46'),
(807, 119, 315, 'baixa', 'solucionado', 'chat', 'solicitacao', 'nivel1', 86, 2, 'Trocado servidor', 4, 3, 804, 0, '2018-11-13 13:19:02', '2018-11-14 10:54:22'),
(808, 31, 151, 'baixa', 'solucionado', 'chat', 'solicitacao', 'nivel1', 1, 4, 'desregistrado atos', 4, 7, 805, 0, '2018-11-13 13:40:27', '2018-11-13 13:48:42'),
(809, 48, 287, 'baixa', 'solucionado', 'chat', 'solicitacao', 'nivel1', 1, 2, 'Desregistrado e alterado data de registro', 4, 3, 806, 0, '2018-11-13 13:49:56', '2018-11-13 13:58:12'),
(810, 3, 30, 'baixa', 'solucionado', 'chat', 'solicitacao', 'nivel1', 1, 4, 'desregistrado atos', 4, 7, 807, 0, '2018-11-13 15:23:59', '2018-11-13 15:26:51'),
(811, 26, 31, 'baixa', 'solucionado', 'chat', 'solicitacao', 'nivel1', 9, 2, 'Alterado data de registro de abertura de matricula', 4, 3, 808, 0, '2018-11-13 15:24:27', '2018-11-13 15:32:31'),
(812, 85, 230, 'baixa', 'solucionado', 'chat', 'solicitacao', 'nivel2', 127, 7, 'Orientado a respeito de serviços na recepção.', 4, 9, 809, 0, '2018-11-13 15:33:48', '2018-11-13 15:42:38'),
(813, 121, 245, 'baixa', 'solucionado', 'chat', 'solicitacao', 'nivel2', 124, 6, 'criado serviço , minuta e modelo de ficha', 4, 8, 810, 0, '2018-11-13 15:34:14', '2018-11-13 16:10:50'),
(814, 19, 325, 'baixa', 'solucionado', 'chat', 'solicitacao', 'nivel2', 126, 7, 'Orientado remesclar texto da certidão na parte do \"Visualizar\" da emissão de certidão.', 4, 9, 811, 0, '2018-11-13 15:45:43', '2018-11-13 16:00:42'),
(815, 92, 318, 'baixa', 'solucionado', 'chat', 'solicitacao', 'nivel1', 27, 4, '', 4, 7, 812, 0, '2018-11-13 15:47:43', '2018-11-13 16:37:53'),
(816, 13, 204, 'baixa', 'solucionado', 'chat', 'solicitacao', 'nivel1', 1, 2, 'Desregistrado', 4, 3, 813, 0, '2018-11-13 15:51:25', '2018-11-13 16:00:43'),
(817, 7, 4, 'baixa', 'solucionado', 'chat', 'solicitacao', 'nivel1', 1, 2, 'Desregistrado', 4, 3, 814, 0, '2018-11-13 16:03:01', '2018-11-13 16:20:38'),
(818, 4, 73, 'baixa', 'solucionado', 'chat', 'solicitacao', 'nivel2', 124, 7, 'Alterado campo em modelo de ficha do Livro 3.', 4, 9, 815, 0, '2018-11-13 16:03:51', '2018-11-13 16:09:24'),
(819, 85, 277, 'baixa', 'solucionado', 'chat', 'solicitacao', 'nivel2', 44, 7, 'Problema com mesclagem do Word que não tem solução aparente!', 4, 9, 816, 0, '2018-11-13 16:11:32', '2018-11-13 17:14:56'),
(820, 110, 147, 'baixa', 'solucionado', 'chat', 'solicitacao', 'nivel2', 41, 6, 'adiciona o ônus na abertura  por SQL', 4, 8, 817, 0, '2018-11-13 16:13:09', '2018-11-13 16:21:23'),
(821, 25, 28, 'baixa', 'solucionado', 'chat', 'solicitacao', 'nivel2', 126, 6, 'não assina PDF pelo IMOB, dá erro', 4, 8, 818, 0, '2018-11-13 16:25:22', '2018-11-13 16:26:35'),
(822, 60, 180, 'baixa', 'solucionado', 'chat', 'solicitacao', 'nivel1', 1, 2, 'Desregistrado Ras pelo banco de dados e alterado caminho de chat', 4, 3, 819, 0, '2018-11-13 16:29:20', '2018-11-13 16:51:29'),
(823, 102, 98, 'baixa', 'solucionado', 'chat', 'solicitacao', 'nivel2', 127, 6, 'liberado transação', 4, 8, 820, 0, '2018-11-13 16:33:21', '2018-11-13 16:47:08'),
(824, 97, 159, 'baixa', 'solucionado', 'chat', 'solicitacao', 'nivel1', 15, 4, 'associado classe à natureza formal', 4, 7, 821, 0, '2018-11-13 16:39:19', '2018-11-13 16:53:17'),
(825, 27, 211, 'baixa', 'solucionado', 'chat', 'solicitacao', 'nivel2', 41, 6, 'cancelado por SQL', 4, 8, 822, 0, '2018-11-13 16:49:03', '2018-11-13 16:57:40'),
(826, 112, 326, 'baixa', 'solucionado', 'chat', 'solicitacao', 'nivel1', 13, 2, 'Criado Minuta', 4, 3, 823, 0, '2018-11-13 16:58:08', '2018-11-13 17:07:12'),
(827, 32, 37, 'baixa', 'solucionado', 'chat', 'solicitacao', 'nivel2', 127, 7, 'Criado pendência de número 3435 referente ao problema ao excluir Anexo digitalizado de Ofício.', 4, 9, 824, 0, '2018-11-13 17:00:05', '2018-11-13 17:22:19'),
(828, 121, 245, 'baixa', 'solucionado', 'chat', 'solicitacao', 'nivel2', 27, 6, 'Criado um novo tipo de serviço', 4, 8, 825, 0, '2018-11-13 17:04:05', '2018-11-13 17:09:21'),
(829, 44, 150, 'baixa', 'solucionado', 'chat', 'solicitacao', 'nivel2', 49, 8, '', 4, 10, 826, 0, '2018-11-13 17:19:54', '2018-11-13 17:32:15'),
(830, 58, 269, 'baixa', 'solucionado', 'chat', 'solicitacao', 'nivel1', 132, 4, 'configurado impressora padrão e criado tipo de papel', 4, 7, 827, 0, '2018-11-13 17:35:08', '2018-11-13 17:44:41'),
(831, 96, 77, 'baixa', 'solucionado', 'telefone', 'solicitacao', 'nivel2', 70, 6, 'não deu erro no selo, pedi para chamar se acontecesse novamente', 4, 8, 828, 0, '2018-11-13 17:35:40', '2018-11-13 17:42:55'),
(832, 49, 270, 'baixa', 'solucionado', 'chat', 'solicitacao', 'nivel2', 127, 8, 'a tela principal do IMOB estava fechada e a tela do processo aberta.', 4, 10, 829, 0, '2018-11-13 17:50:23', '2018-11-13 17:51:03'),
(833, 85, 277, 'baixa', 'solucionado', 'chat', 'solicitacao', 'nivel2', 44, 7, 'Configurado para executar como administrador o IMOB e desativado Avast.', 4, 9, 830, 0, '2018-11-13 17:57:00', '2018-11-13 18:30:38'),
(834, 145, 118, 'baixa', 'solucionado', 'chat', 'solicitacao', 'nivel1', 1, 4, 'desregistrado ato de matrícula', 4, 7, 831, 0, '2018-11-13 18:00:18', '2018-11-13 18:16:47'),
(835, 173, 311, 'baixa', 'solucionado', 'chat', 'solicitacao', 'nivel2', 126, 6, 'não responde no chat', 4, 8, 832, 0, '2018-11-13 18:10:11', '2018-11-13 18:23:18'),
(836, 110, 70, 'baixa', 'solucionado', 'chat', 'solicitacao', 'nivel1', 1, 2, 'Desregistrado atos', 4, 3, 833, 0, '2018-11-13 18:21:10', '2018-11-13 18:23:15'),
(837, 58, 237, 'baixa', 'solucionado', 'chat', 'solicitacao', 'nivel1', 132, 4, 'configurado impressora e criado tipo de papel', 4, 7, 834, 0, '2018-11-13 18:21:42', '2018-11-13 18:47:16'),
(838, 103, 314, 'baixa', 'solucionado', 'chat', 'solicitacao', 'nivel1', 55, 2, 'Duvidas sobre visualizador', 4, 3, 835, 0, '2018-11-13 18:33:53', '2018-11-13 18:41:27'),
(839, 110, 70, 'baixa', 'solucionado', 'chat', 'solicitacao', 'nivel1', 1, 4, 'desregistrado atos', 4, 7, 836, 0, '2018-11-13 18:40:10', '2018-11-13 18:46:43'),
(840, 118, 127, 'baixa', 'solucionado', 'chat', 'solicitacao', 'nivel1', 13, 4, 'minuta', 4, 7, 837, 0, '2018-11-13 18:54:05', '2018-11-14 10:30:40'),
(841, 7, 50, 'baixa', 'solucionado', 'telefone', 'solicitacao', 'nivel2', 18, 7, 'Alterado data de lançamento.', 4, 9, 838, 0, '2018-11-13 18:54:57', '2018-11-13 19:10:36'),
(842, 5, 2, 'baixa', 'fechado', 'chat', 'solicitacao', 'nivel2', 75, 8, 'o documento estava configurado de forma incorreta. Estava definido para listar custas ordenadas ao invés de custas cobradas ou custas cobradas com selo', 4, 10, 839, 0, '2018-11-13 18:57:52', '2018-11-13 19:12:38'),
(843, 15, 14, 'baixa', 'solucionado', 'telefone', 'solicitacao', 'nivel2', 122, 6, 'iniciado a carga inicial de 2014', 4, 8, 840, 0, '2018-11-13 18:58:19', '2018-11-13 19:24:39'),
(844, 159, 328, 'baixa', 'solucionado', 'chat', 'problema', 'nivel2', 125, 8, '', 4, 10, 841, 0, '2018-11-13 19:19:44', '2018-11-13 19:28:19'),
(845, 154, 327, 'baixa', 'solucionado', 'chat', 'solicitacao', 'nivel2', 123, 7, 'Auxiliado com certidão.', 4, 9, 842, 0, '2018-11-13 19:21:47', '2018-11-14 10:40:46'),
(846, 4, 73, 'baixa', 'solucionado', 'chat', 'solicitacao', 'nivel2', 44, 8, 'problema com o computador ainda.', 4, 10, 843, 0, '2018-11-14 10:49:58', '2018-11-14 11:52:51'),
(847, 94, 128, 'baixa', 'solucionado', 'chat', 'solicitacao', 'nivel2', 117, 5, 'Instalado relatório de pessoas Jurídicas da Receita estadual. ', 4, 2, 844, 0, '2018-11-14 10:50:35', '2018-11-14 11:15:56'),
(848, 15, 14, 'baixa', 'solucionado', 'telefone', 'solicitacao', 'nivel2', 122, 6, 'gerado a carga inicial de 2014. Criado uma variável para descrever o protocolo na recepção', 4, 8, 845, 0, '2018-11-14 10:51:47', '2018-11-14 11:03:11'),
(849, 118, 127, 'baixa', 'solucionado', 'chat', 'solicitacao', 'nivel1', 13, 2, 'Criado natureza formal e minuta', 4, 3, 846, 0, '2018-11-14 11:12:45', '2018-11-14 11:25:21'),
(850, 80, 329, 'baixa', 'solucionado', 'chat', 'solicitacao', 'nivel2', 12, 7, 'Auxiliado com relatório do INCRA.', 4, 9, 847, 0, '2018-11-14 11:19:05', '2018-11-14 11:59:47'),
(851, 46, 163, 'baixa', 'solucionado', 'chat', 'solicitacao', 'nivel1', 1, 4, 'desreigistrado atos', 4, 7, 848, 0, '2018-11-14 11:21:06', '2018-11-14 11:31:31'),
(852, 110, 330, 'baixa', 'solucionado', 'chat', 'solicitacao', 'nivel2', 126, 5, 'Orientado como isentar certidão já emitida, por erro .', 4, 2, 849, 0, '2018-11-14 11:22:28', '2018-11-14 11:32:36'),
(853, 121, 331, 'baixa', 'solucionado', 'chat', 'solicitacao', 'nivel1', 25, 4, 'instalado imob e testado, adicionado atalho do novo chat na área de trabalho, configurado o word', 4, 7, 850, 0, '2018-11-14 11:25:37', '2018-11-14 11:41:58'),
(854, 118, 127, 'baixa', 'solucionado', 'chat', 'solicitacao', 'nivel1', 27, 2, 'Criado tipo de serviço', 4, 3, 851, 0, '2018-11-14 11:37:53', '2018-11-14 11:39:14'),
(855, 117, 141, 'baixa', 'solucionado', 'telefone', 'solicitacao', 'nivel2', 38, 6, 'abri umas matrículas, pessoas, recepções e pedidos de certidão. a Principio bate com os últimos impressos que eles tem lá', 4, 8, 852, 0, '2018-11-14 12:06:36', '2018-11-14 12:30:44'),
(856, 4, 73, 'baixa', 'solucionado', 'chat', 'solicitacao', 'nivel2', 44, 8, '', 4, 10, 853, 0, '2018-11-14 12:09:15', '2018-11-14 12:53:52'),
(857, 10, 332, 'baixa', 'solucionado', 'chat', 'solicitacao', 'nivel2', 41, 7, 'Liberado transação e colocado para atualizar o texto da matrícula. Matrícula tem mais de 2 mil atos, usuário pediu para parar pra fazer outra hora devido ao tempo que iria levar.', 4, 9, 854, 0, '2018-11-14 12:10:57', '2018-11-14 12:20:33'),
(858, 94, 143, 'baixa', 'solucionado', 'chat', 'solicitacao', 'nivel2', 128, 5, 'Arrumado exportador de processo, dado permissão de admin no exportadordeprocessos.exe e voltou a funcionar', 4, 2, 855, 0, '2018-11-14 12:15:19', '2018-11-14 13:32:26'),
(859, 61, 333, 'baixa', 'solucionado', 'chat', 'solicitacao', 'nivel1', 1, 4, 'desregistrado ato e permissão para a usuária Marcelle para desregistrar atos', 4, 7, 856, 0, '2018-11-14 12:23:28', '2018-11-14 12:32:50'),
(860, 48, 287, 'baixa', 'solucionado', 'chat', 'solicitacao', 'nivel1', 13, 2, 'Criado minuta e alterado tipo', 4, 3, 857, 0, '2018-11-14 12:23:55', '2018-11-14 12:53:19'),
(861, 173, 311, 'baixa', 'solucionado', 'chat', 'solicitacao', 'nivel2', 126, 7, 'Verificado problema ao listar todos os textos de pessoa envolvida em Positiva de Penhor. IMOB não consegue trazer mais de um.', 4, 9, 858, 0, '2018-11-14 12:24:22', '2018-11-14 16:18:22'),
(862, 106, 115, 'baixa', 'solucionado', 'chat', 'solicitacao', 'nivel2', 81, 6, 'criado modelo de nota de devolução de exame e cálculo. Alterado a norma do serviço', 4, 8, 859, 0, '2018-11-14 12:38:06', '2018-11-14 13:01:45'),
(863, 8, 87, 'baixa', 'solucionado', 'chat', 'solicitacao', 'nivel1', 28, 4, 'unificado fichas/pessoas', 4, 7, 860, 0, '2018-11-14 12:38:31', '2018-11-14 12:52:11'),
(864, 19, 227, 'baixa', 'solucionado', 'chat', 'problema', 'nivel2', 42, 8, 'o protocolo que usou no ato estava cancelado.', 4, 10, 861, 0, '2018-11-14 13:03:21', '2018-11-14 13:18:35'),
(865, 26, 102, 'baixa', 'solucionado', 'chat', 'solicitacao', 'nivel1', 9, 2, 'Alterado data de registro', 4, 3, 862, 0, '2018-11-14 13:03:45', '2018-11-14 13:06:02'),
(866, 14, 334, 'baixa', 'solucionado', 'chat', 'solicitacao', 'nivel1', 13, 4, 'criado minuta', 4, 7, 863, 0, '2018-11-14 13:04:39', '2018-11-14 13:13:52'),
(867, 118, 127, 'baixa', 'solucionado', 'chat', 'solicitacao', 'nivel2', 81, 6, 'alterado a norma e configurado o código', 4, 8, 864, 0, '2018-11-14 13:08:16', '2018-11-14 13:17:26'),
(868, 27, 211, 'baixa', 'solucionado', 'chat', 'solicitacao', 'nivel1', 13, 2, 'Ligado e inserido modelos junto ao telefone', 4, 3, 865, 0, '2018-11-14 13:11:18', '2018-11-14 13:26:37'),
(869, 15, 14, 'baixa', 'solucionado', 'telefone', 'solicitacao', 'nivel2', 116, 6, 'alterado a variável novamente par abreviar o ano', 4, 8, 866, 0, '2018-11-14 13:22:50', '2018-11-14 13:24:51'),
(870, 161, 158, 'baixa', 'solucionado', 'chat', 'problema', 'nivel2', 81, 8, 'criaram o serviço para o livro 3 e referenciaram o livro 2.', 4, 10, 867, 0, '2018-11-14 13:28:00', '2018-11-14 13:38:31'),
(871, 61, 335, 'baixa', 'solucionado', 'chat', 'solicitacao', 'nivel1', 1, 4, 'desregistrado atos', 4, 7, 868, 0, '2018-11-14 13:38:01', '2018-11-14 13:41:37'),
(872, 15, 14, 'baixa', 'solucionado', 'telefone', 'solicitacao', 'nivel2', 116, 6, 'alterado novamente a variável que descreve o protocolo', 4, 8, 869, 0, '2018-11-14 13:44:37', '2018-11-14 15:07:56'),
(873, 94, 336, 'baixa', 'solucionado', 'chat', 'solicitacao', 'nivel1', 25, 2, 'Instalado junto ao técnico pois tinha bloqueio de rede', 4, 3, 870, 0, '2018-11-14 15:15:53', '2018-11-14 15:56:12'),
(874, 3, 30, 'baixa', 'solucionado', 'chat', 'solicitacao', 'nivel1', 1, 4, 'desregistrado ato', 4, 7, 871, 0, '2018-11-14 15:17:40', '2018-11-14 15:20:36'),
(875, 49, 61, 'baixa', 'solucionado', 'chat', 'configuracao', 'nivel2', 12, 8, 'relatório de matrículas', 4, 10, 872, 0, '2018-11-14 15:18:07', '2018-11-14 16:27:39'),
(876, 161, 156, 'baixa', 'solucionado', 'chat', 'solicitacao', 'nivel1', 1, 4, 'desregistrado atos', 4, 7, 873, 0, '2018-11-14 15:26:48', '2018-11-14 15:28:40'),
(877, 19, 120, 'baixa', 'solucionado', 'telefone', 'solicitacao', 'nivel2', 77, 5, 'Ensinado a como importar a planilha do excel para o parcelamento e ensinado como mapear e gerar atos.', 4, 2, 874, 0, '2018-11-14 15:39:09', '2018-11-14 15:48:00'),
(878, 99, 337, 'baixa', 'solucionado', 'chat', 'solicitacao', 'nivel2', 67, 6, 'criado a pasta DOI - IMOB', 8, 8, 875, 0, '2018-11-14 15:39:27', '2018-11-14 15:39:45'),
(879, 42, 71, 'baixa', 'solucionado', 'chat', 'solicitacao', 'nivel2', 18, 6, 'explicado como gerar os relatórios financeiros', 4, 8, 876, 0, '2018-11-14 15:46:12', '2018-11-14 16:14:36'),
(880, 121, 245, 'baixa', 'solucionado', 'chat', 'solicitacao', 'nivel2', 121, 5, 'Dúvidas sobre relatório anual do provimento, foi explicado , depois Eliane vai ligar para tirar mais dúvidas.', 4, 2, 877, 0, '2018-11-14 15:52:18', '2018-11-14 17:33:50'),
(881, 26, 31, 'baixa', 'solucionado', 'chat', 'solicitacao', 'nivel2', 117, 7, 'Criado consulta para listar matrículas sem registro anterior cadastrado.', 4, 9, 878, 0, '2018-11-14 15:53:21', '2018-11-14 16:08:24'),
(882, 118, 198, 'baixa', 'solucionado', 'chat', 'solicitacao', 'nivel1', 13, 2, 'Criado Minuta', 4, 3, 879, 0, '2018-11-14 16:11:13', '2018-11-14 16:20:50'),
(883, 69, 247, 'baixa', 'solucionado', 'chat', 'solicitacao', 'nivel1', 13, 4, 'dúvidas relacionadas ao tipo de lançamento do modelo de documento', 4, 7, 880, 0, '2018-11-14 16:17:01', '2018-11-14 16:38:15'),
(884, 43, 49, 'baixa', 'solucionado', 'chat', 'solicitacao', 'nivel2', 124, 6, 'alterado o modelo de ficha', 4, 8, 881, 0, '2018-11-14 16:18:07', '2018-11-14 16:25:36'),
(885, 82, 338, 'baixa', 'solucionado', 'chat', 'solicitacao', 'nivel2', 71, 7, 'Conversado a respeito do histórico da Central de Indisponibilidade.', 4, 9, 882, 0, '2018-11-14 16:21:08', '2018-11-14 16:54:16'),
(886, 15, 14, 'baixa', 'solucionado', 'telefone', 'solicitacao', 'nivel2', 122, 6, 'tem um limite de 350MB por arquivo, o Rodrigo ficou de passar os intervalos de matricula para gerar mensal', 8, 8, 883, 0, '2018-11-14 16:41:07', '2018-11-14 16:41:19'),
(887, 18, 280, 'baixa', 'solucionado', 'chat', 'solicitacao', 'nivel2', 69, 8, '', 10, 10, 884, 0, '2018-11-14 16:46:11', '2018-11-14 16:46:24'),
(888, 102, 98, 'baixa', 'solucionado', 'chat', 'solicitacao', 'nivel2', 41, 6, 'registrado os atos no banco e descancelado o ônus', 4, 8, 885, 0, '2018-11-14 16:51:01', '2018-11-14 17:14:16'),
(889, 110, 330, 'baixa', 'solucionado', 'chat', 'solicitacao', 'nivel2', 41, 8, 'fechou o team viewer qdo consegui conectar', 4, 10, 886, 0, '2018-11-14 16:51:34', '2018-11-14 17:19:22'),
(890, 118, 127, 'baixa', 'solucionado', 'chat', 'solicitacao', 'nivel1', 27, 2, 'Criado tipo de serviço', 4, 3, 887, 0, '2018-11-14 16:52:17', '2018-11-14 17:01:37'),
(891, 118, 127, 'baixa', 'solucionado', 'chat', 'solicitacao', 'nivel1', 4, 4, 'criado natureza formal', 4, 7, 888, 0, '2018-11-14 17:14:21', '2018-11-14 17:22:21'),
(892, 1, 8, 'baixa', 'solucionado', 'telefone', 'solicitacao', 'nivel1', 24, 2, 'Liberado transação', 4, 3, 889, 0, '2018-11-14 17:15:04', '2018-11-14 17:19:34'),
(893, 116, 125, 'baixa', 'solucionado', 'chat', 'solicitacao', 'nivel1', 13, 4, 'alterado abreviatura de modelo de documento', 4, 7, 890, 0, '2018-11-14 17:41:41', '2018-11-14 17:48:17'),
(894, 63, 145, 'baixa', 'solucionado', 'chat', 'solicitacao', 'nivel1', 14, 2, 'Excluído nota', 4, 3, 891, 0, '2018-11-14 17:49:21', '2018-11-14 17:54:25'),
(895, 118, 172, 'baixa', 'solucionado', 'chat', 'solicitacao', 'nivel1', 13, 4, 'minuta', 4, 7, 892, 0, '2018-11-14 17:52:54', '2018-11-14 18:09:16'),
(896, 145, 118, 'baixa', 'solucionado', 'chat', 'solicitacao', 'nivel1', 13, 2, 'Caiu conexão, liguei e estão com problema de internet', 4, 3, 893, 0, '2018-11-14 18:05:48', '2018-11-14 18:20:21'),
(897, 41, 222, 'baixa', 'solucionado', 'chat', 'solicitacao', 'nivel2', 12, 5, 'apenas foi reinstalado o relatório do funrejus.', 4, 2, 894, 0, '2018-11-14 18:17:01', '2018-11-14 18:18:06'),
(898, 6, 339, 'baixa', 'solucionado', 'chat', 'solicitacao', 'nivel2', 18, 7, 'Orientado a respeito de tipo de conta para sair no Relatório de Receitas e Despesas.', 4, 9, 895, 0, '2018-11-14 18:19:39', '2018-11-14 19:22:53'),
(899, 63, 340, 'baixa', 'solucionado', 'chat', 'solicitacao', 'nivel1', 21, 4, 'permissão', 4, 7, 896, 0, '2018-11-14 18:22:19', '2018-11-14 18:30:46'),
(900, 23, 25, 'baixa', 'solucionado', 'chat', 'solicitacao', 'nivel2', 127, 6, 'tinha ficha de indicador pessoal digitalizado duplicado', 4, 8, 897, 0, '2018-11-14 18:26:11', '2018-11-14 19:28:08'),
(901, 42, 341, 'baixa', 'solucionado', 'chat', 'duvida', 'nivel2', 18, 8, '', 4, 10, 898, 0, '2018-11-14 18:29:06', '2018-11-14 18:30:47'),
(902, 1, 161, 'baixa', 'solucionado', 'telefone', 'solicitacao', 'nivel2', 30, 5, 'Estava dando erros na emissão do recibo,  foi visto que o office não estava ativado.', 4, 2, 899, 0, '2018-11-14 18:34:47', '2018-11-14 18:43:03'),
(903, 19, 325, 'baixa', 'solucionado', 'chat', 'solicitacao', 'nivel2', 99, 8, '', 4, 10, 900, 0, '2018-11-14 18:36:25', '2018-11-14 18:55:40'),
(904, 156, 342, 'baixa', 'solucionado', 'chat', 'solicitacao', 'nivel1', 25, 2, 'Instalado Imob', 4, 3, 901, 0, '2018-11-14 18:38:47', '2018-11-14 18:46:48'),
(905, 110, 70, 'baixa', 'solucionado', 'chat', 'solicitacao', 'nivel1', 1, 4, 'desregistrado atos', 4, 7, 902, 0, '2018-11-14 19:00:03', '2018-11-14 19:01:55'),
(906, 91, 343, 'baixa', 'solucionado', 'chat', 'solicitacao', 'nivel1', 13, 2, 'Alterado carimbos de certidão', 4, 3, 903, 0, '2018-11-14 19:01:13', '2018-11-14 19:16:21'),
(907, 91, 89, 'baixa', 'solucionado', 'chat', 'solicitacao', 'nivel1', 1, 4, 'desregistrado atos', 4, 7, 904, 0, '2018-11-14 19:15:38', '2018-11-14 19:17:42'),
(908, 7, 50, 'baixa', 'solucionado', 'chat', 'solicitacao', 'nivel2', 81, 8, 'alterado data dos lançamentos.', 4, 10, 905, 0, '2018-11-14 19:16:09', '2018-11-14 19:32:14'),
(909, 173, 311, 'baixa', 'solucionado', 'chat', 'solicitacao', 'nivel2', 69, 5, 'Cliente perdeu conexão.', 4, 2, 906, 0, '2018-11-14 19:16:35', '2018-11-14 19:27:02'),
(910, 15, 14, 'baixa', 'solucionado', 'telefone', 'solicitacao', 'nivel2', 122, 6, 'deixei gerando, só que dos períodos que o Rodrigo passou tinha quase 3000 matriculas, dai tive que dividir em 3', 8, 8, 907, 0, '2018-11-14 19:27:35', '2018-11-14 19:28:53'),
(911, 91, 89, 'baixa', 'solucionado', 'chat', 'solicitacao', 'nivel1', 1, 2, 'Desregistrado', 4, 3, 908, 0, '2018-11-14 19:27:49', '2018-11-14 19:29:34'),
(912, 15, 14, 'baixa', 'solucionado', 'telefone', 'solicitacao', 'nivel2', 122, 6, 'gerei 2 períodos que deu erro', 4, 8, 909, 0, '2018-11-16 10:35:08', '2018-11-16 12:09:02'),
(913, 59, 344, 'baixa', 'solucionado', 'chat', 'solicitacao', 'nivel2', 117, 5, 'Instalado relatório da Receita Estadual.', 4, 2, 910, 0, '2018-11-16 10:44:53', '2018-11-16 11:03:30'),
(914, 23, 25, 'baixa', 'solucionado', 'chat', 'solicitacao', 'nivel1', 22, 2, 'Criado usuário', 4, 3, 911, 0, '2018-11-16 10:45:31', '2018-11-16 10:50:51'),
(915, 96, 77, 'baixa', 'solucionado', 'chat', 'solicitacao', 'nivel2', 111, 7, 'Verificado serviço do banco de dados no servidor.', 4, 9, 912, 0, '2018-11-16 10:46:40', '2018-11-16 10:55:03'),
(916, 106, 115, 'baixa', 'solucionado', 'telefone', 'solicitacao', 'nivel1', 25, 4, 'instalado o imob em dois terminais', 4, 7, 913, 0, '2018-11-16 10:53:08', '2018-11-16 11:23:32'),
(917, 15, 253, 'baixa', 'solucionado', 'telefone', 'solicitacao', 'nivel1', 9, 2, 'Alterado data de selos', 4, 3, 914, 0, '2018-11-16 10:54:16', '2018-11-16 11:08:12'),
(918, 4, 73, 'baixa', 'solucionado', 'chat', 'solicitacao', 'nivel2', 44, 5, 'Arrumado espaçamento de word, e arrumado nomde em carimbo de certidão.', 4, 2, 915, 0, '2018-11-16 11:18:05', '2018-11-16 11:44:08'),
(919, 110, 345, 'baixa', 'solucionado', 'chat', 'solicitacao', 'nivel1', 5, 2, 'Alterado tipo de serviço', 4, 3, 916, 0, '2018-11-16 11:32:07', '2018-11-16 11:34:54'),
(920, 106, 115, 'baixa', 'solucionado', 'telefone', 'solicitacao', 'nivel1', 25, 4, 'instalado imob em terminais', 4, 7, 917, 0, '2018-11-16 11:36:11', '2018-11-16 13:51:37'),
(921, 46, 233, 'baixa', 'solucionado', 'chat', 'solicitacao', 'nivel2', 81, 7, 'Criado tipos de serviços com tipo de tributação 24.', 4, 9, 918, 0, '2018-11-16 11:36:42', '2018-11-16 12:09:55'),
(922, 110, 70, 'baixa', 'solucionado', 'chat', 'solicitacao', 'nivel1', 28, 2, 'Unificado', 4, 3, 919, 0, '2018-11-16 11:43:03', '2018-11-16 11:49:19'),
(923, 19, 325, 'baixa', 'solucionado', 'chat', 'solicitacao', 'nivel2', 99, 5, 'alterado protocolo de ato  que estava vinculado com protocolo antigo.', 4, 2, 920, 0, '2018-11-16 11:47:17', '2018-11-16 12:42:47'),
(924, 115, 95, 'baixa', 'solucionado', 'chat', 'solicitacao', 'nivel2', 42, 6, 'refiz o ato', 4, 8, 921, 0, '2018-11-16 11:49:14', '2018-11-16 12:08:53'),
(925, 54, 249, 'baixa', 'solucionado', 'chat', 'solicitacao', 'nivel1', 132, 2, 'Configurado Impressora', 4, 3, 922, 0, '2018-11-16 11:54:39', '2018-11-16 12:06:48'),
(926, 37, 42, 'baixa', 'solucionado', 'telefone', 'solicitacao', 'nivel2', 86, 7, 'Implantado o sistema após conversão do IMOB 4 para o 5.', 4, 9, 923, 0, '2018-11-16 12:10:46', '2018-11-16 13:39:23'),
(927, 54, 346, 'baixa', 'solucionado', 'chat', 'solicitacao', 'nivel2', 43, 6, 'configurado o word e o carimbo', 4, 8, 924, 0, '2018-11-16 12:34:10', '2018-11-16 12:51:36'),
(928, 7, 45, 'baixa', 'solucionado', 'chat', 'solicitacao', 'nivel1', 1, 2, 'Desregistrado', 4, 3, 925, 0, '2018-11-16 12:40:28', '2018-11-16 12:41:20'),
(929, 54, 249, 'baixa', 'solucionado', 'chat', 'solicitacao', 'nivel1', 132, 2, 'Configurado impressora', 4, 3, 926, 0, '2018-11-16 12:43:42', '2018-11-16 12:59:20'),
(930, 154, 347, 'baixa', 'solucionado', 'chat', 'solicitacao', 'nivel2', 44, 5, 'Foi reparado office e pedido para reiniciar a máquina.', 4, 2, 927, 0, '2018-11-16 12:48:32', '2018-11-16 13:47:02'),
(931, 28, 33, 'baixa', 'solucionado', 'chat', 'solicitacao', 'nivel1', 86, 2, 'Trocado Servidor', 4, 3, 928, 0, '2018-11-16 12:59:49', '2018-11-16 16:11:59'),
(932, 6, 339, 'baixa', 'solucionado', 'chat', 'solicitacao', 'nivel2', 81, 6, 'alterado a norma', 4, 8, 929, 0, '2018-11-16 13:00:48', '2018-11-16 13:09:59'),
(933, 156, 303, 'baixa', 'solucionado', 'chat', 'solicitacao', 'nivel1', 25, 4, 'adicionado atalho do imob na área de trabalho e configurado scanner', 4, 7, 930, 0, '2018-11-16 13:20:11', '2018-11-16 13:29:24'),
(934, 115, 95, 'baixa', 'solucionado', 'chat', 'solicitacao', 'nivel1', 1, 2, 'Desregistrado', 4, 3, 931, 0, '2018-11-16 13:33:06', '2018-11-16 13:53:38'),
(935, 37, 42, 'baixa', 'solucionado', 'telefone', 'solicitacao', 'nivel1', 1, 4, 'instalado imob', 4, 7, 932, 0, '2018-11-16 13:39:40', '2018-11-16 13:51:57'),
(936, 20, 20, 'baixa', 'solucionado', 'chat', 'solicitacao', 'nivel2', 100, 7, 'Alterado protocolo de recepção.', 4, 9, 933, 0, '2018-11-16 13:42:27', '2018-11-16 13:53:10'),
(937, 98, 252, 'baixa', 'solucionado', 'chat', 'solicitacao', 'nivel2', 1, 6, 'desregistrado', 4, 8, 934, 0, '2018-11-16 13:43:36', '2018-11-16 13:52:02'),
(938, 164, 348, 'baixa', 'solucionado', 'chat', 'solicitacao', 'nivel2', 41, 5, 'Cliente voltará a tarde. Mas foi sugerido remover ato.', 4, 2, 935, 0, '2018-11-16 13:49:48', '2018-11-16 15:06:52'),
(939, 10, 9, 'baixa', 'solucionado', 'chat', 'solicitacao', 'nivel2', 116, 6, 'alterado a NF e configurado para a máscara de 9 dígitos por padrão', 4, 8, 936, 0, '2018-11-16 14:01:06', '2018-11-16 14:02:09'),
(940, 98, 252, 'baixa', 'solucionado', 'chat', 'solicitacao', 'nivel1', 1, 4, 'desregistrado atos', 4, 7, 937, 0, '2018-11-16 15:08:06', '2018-11-16 15:09:32'),
(941, 18, 280, 'baixa', 'solucionado', 'chat', 'solicitacao', 'nivel2', 69, 7, 'Excluído selos que vieram em sequência errada do TJ.', 4, 9, 938, 0, '2018-11-16 15:14:33', '2018-11-16 15:34:41'),
(942, 3, 122, 'baixa', 'solucionado', 'chat', 'solicitacao', 'nivel2', 124, 5, 'Tirado sublinhado de variável de custa de certidão negativa de propriedade', 4, 2, 939, 0, '2018-11-16 15:32:26', '2018-11-16 15:43:36'),
(943, 154, 209, 'baixa', 'solucionado', 'chat', 'solicitacao', 'nivel2', 74, 6, 'alterado o endereço nos locais informados', 4, 8, 940, 0, '2018-11-16 15:39:20', '2018-11-16 16:05:10'),
(944, 54, 350, 'baixa', 'solucionado', 'chat', 'solicitacao', 'nivel1', 132, 4, 'configurado impressora e criado tipo de papel', 4, 7, 941, 0, '2018-11-16 15:43:03', '2018-11-16 15:59:08'),
(945, 106, 115, 'baixa', 'solucionado', 'chat', 'solicitacao', 'nivel2', 43, 7, 'Verificado que mesmo por fora do sistema a impressão não dá certo. Recomendado chamar o técnico para testar.', 4, 9, 942, 0, '2018-11-16 16:03:17', '2018-11-16 17:36:46'),
(946, 7, 4, 'baixa', 'solucionado', 'chat', 'solicitacao', 'nivel1', 1, 4, 'desregistrado atos', 4, 7, 943, 0, '2018-11-16 16:09:56', '2018-11-16 16:57:30'),
(947, 165, 351, 'baixa', 'solucionado', 'chat', 'solicitacao', 'nivel2', 18, 5, 'Passado para cliente que semana que vem sairá versão que corrige erro em visualização de recibos. ', 4, 2, 944, 0, '2018-11-16 16:14:41', '2018-11-16 17:12:15'),
(948, 85, 230, 'baixa', 'solucionado', 'chat', 'solicitacao', 'nivel1', 17, 2, 'Excluído atos e ficha de pessoas', 4, 3, 945, 0, '2018-11-16 16:15:13', '2018-11-16 16:37:49'),
(949, 97, 159, 'baixa', 'solucionado', 'chat', 'solicitacao', 'nivel1', 15, 4, 'associado classe à natureza formal', 4, 7, 946, 0, '2018-11-16 16:23:18', '2018-11-16 16:56:51'),
(950, 110, 70, 'baixa', 'solucionado', 'chat', 'solicitacao', 'nivel1', 1, 2, 'Desregistrado', 4, 3, 947, 0, '2018-11-16 16:24:09', '2018-11-16 16:35:18'),
(951, 115, 95, 'baixa', 'solucionado', 'chat', 'solicitacao', 'nivel1', 1, 2, 'Desregistrado', 4, 3, 948, 0, '2018-11-16 16:50:22', '2018-11-16 16:57:54'),
(952, 42, 298, 'baixa', 'solucionado', 'chat', 'solicitacao', 'nivel1', 1, 2, 'Desregistrado', 4, 3, 949, 0, '2018-11-16 17:13:55', '2018-11-16 17:26:14'),
(953, 111, 352, 'baixa', 'solucionado', 'telefone', 'solicitacao', 'nivel1', 26, 4, 'alterado ip do servidor em imob antigo', 4, 7, 950, 0, '2018-11-16 17:16:37', '2018-11-16 17:19:05'),
(954, 103, 314, 'baixa', 'solucionado', 'chat', 'solicitacao', 'nivel1', 109, 4, 'o usuário mencionou que algumas imagens não constam no visualizador. Foi verificado no banco e a pasta de imagens e não foi encontrado nenhuma referência para essas imagens, foi informado que iriamos verificar o que pode ter ocorrido. ', 4, 7, 951, 0, '2018-11-16 17:26:17', '2018-11-16 18:26:27'),
(955, 1, 161, 'baixa', 'solucionado', 'telefone', 'solicitacao', 'nivel2', 18, 6, 'estava a data errada no micro dela, por isso não aparecia nenhum lançamento', 4, 8, 952, 0, '2018-11-16 17:28:37', '2018-11-16 17:38:35'),
(956, 164, 348, 'baixa', 'solucionado', 'chat', 'solicitacao', 'nivel2', 68, 5, 'Foi excluído ato, mudado classe de minuta e mudado data de selo.', 4, 2, 953, 0, '2018-11-16 17:33:03', '2018-11-16 18:33:49'),
(957, 11, 107, 'baixa', 'solucionado', 'chat', 'solicitacao', 'nivel1', 20, 2, 'Encerrado Matricula', 4, 3, 954, 0, '2018-11-16 17:36:22', '2018-11-16 17:38:46'),
(958, 7, 4, 'baixa', 'solucionado', 'chat', 'solicitacao', 'nivel2', 18, 7, 'Auxiliado com isenção de custas.', 4, 9, 955, 0, '2018-11-16 17:40:22', '2018-11-16 18:20:21'),
(959, 115, 95, 'baixa', 'solucionado', 'chat', 'solicitacao', 'nivel2', 42, 6, 'explicado como proceder', 4, 8, 956, 0, '2018-11-16 17:42:50', '2018-11-16 18:17:37'),
(960, 59, 300, 'baixa', 'solucionado', 'chat', 'solicitacao', 'nivel1', 20, 4, 'reaberto matrícula', 4, 7, 957, 0, '2018-11-16 18:36:38', '2018-11-16 19:06:17'),
(961, 112, 326, 'baixa', 'solucionado', 'chat', 'solicitacao', 'nivel2', 42, 7, 'Orientado como cancelar ônus de ato retroativo.', 4, 9, 958, 0, '2018-11-16 18:38:06', '2018-11-16 18:44:12'),
(962, 118, 198, 'baixa', 'solucionado', 'chat', 'solicitacao', 'nivel1', 13, 2, 'Criado Minuta', 4, 3, 959, 0, '2018-11-16 19:20:13', '2018-11-16 19:28:57'),
(963, 152, 105, 'baixa', 'solucionado', 'chat', 'solicitacao', 'nivel2', 18, 5, 'erro em indicador, um cadastro contia  um casal, e não apagava o casamento pelo banco. Programação irá resolver.', 4, 2, 960, 0, '2018-11-16 19:21:06', '2018-11-19 10:40:59'),
(964, 3, 30, 'baixa', 'solucionado', 'chat', 'solicitacao', 'nivel1', 1, 4, 'desregistrado ato', 4, 7, 961, 0, '2018-11-19 10:44:21', '2018-11-19 10:45:50'),
(965, 15, 14, 'baixa', 'solucionado', 'telefone', 'solicitacao', 'nivel2', 18, 6, 'explicado em que classe criar uma minua que reabre a matrícula e cancela ônus', 4, 8, 962, 0, '2018-11-19 11:02:55', '2018-11-19 11:16:54'),
(966, 69, 353, 'baixa', 'solucionado', 'chat', 'solicitacao', 'nivel1', 1, 2, 'Desregistrado', 4, 3, 963, 0, '2018-11-19 11:04:31', '2018-11-19 11:05:09'),
(967, 15, 14, 'baixa', 'solucionado', 'telefone', 'solicitacao', 'nivel1', 133, 4, 'alterado data de requisição de selo: \'CLI06738\'; \'2018-11-16 17:38:00.000\'', 4, 7, 964, 0, '2018-11-19 11:14:25', '2018-11-19 11:19:04'),
(968, 121, 245, 'baixa', 'solucionado', 'chat', 'solicitacao', 'nivel2', 121, 5, 'Visto sobre o não envio de matrícula com muitas páginas para  o Registro eletrônico.', 4, 2, 965, 0, '2018-11-19 11:43:22', '2018-11-19 12:15:11'),
(969, 18, 354, 'baixa', 'solucionado', 'chat', 'solicitacao', 'nivel2', 38, 7, 'Verificado backup.', 4, 9, 966, 0, '2018-11-19 11:44:30', '2018-11-19 11:54:41'),
(970, 19, 19, 'baixa', 'solucionado', 'chat', 'solicitacao', 'nivel1', 1, 2, 'Desregistrado e arrumado pra ela a matricula uma vez que ela não quis seguir a orientação e ficou errado, eu mesmo tive que arrumar', 4, 3, 967, 0, '2018-11-19 11:46:51', '2018-11-19 12:06:30'),
(971, 15, 14, 'baixa', 'solucionado', 'telefone', 'solicitacao', 'nivel2', 122, 6, 'o número da matrícula na carga inicial deve ter 7 dígitos e está gerando com 6, passei pro Divo arrumar e pedi para o Rodrigo renomear manualmente por enquanto', 4, 8, 968, 0, '2018-11-19 11:59:05', '2018-11-19 12:06:29'),
(972, 23, 25, 'baixa', 'solucionado', 'chat', 'solicitacao', 'nivel1', 1, 4, 'desregistrado atos', 4, 7, 969, 0, '2018-11-19 12:02:27', '2018-11-19 12:03:15'),
(973, 77, 355, 'baixa', 'solucionado', 'chat', 'solicitacao', 'nivel2', 124, 7, 'Alterado modelo de ficha padrão de Positiva de Registro de Matrícula e de Inteiro teor de transcrição.', 4, 9, 970, 0, '2018-11-19 12:05:09', '2018-11-19 12:25:18'),
(974, 26, 356, 'baixa', 'solucionado', 'chat', 'solicitacao', 'nivel1', 14, 2, 'Alterado vencimento de protocolo ', 4, 3, 971, 0, '2018-11-19 12:12:00', '2018-11-19 12:18:00'),
(975, 94, 96, 'baixa', 'solucionado', 'chat', 'solicitacao', 'nivel1', 132, 4, 'o problema aparentemente esta relacionado com compartilhamento, driver, ou algo semelhante, pois não estava disponível para impressão, foi sugerido que verificasse com o técnico o motivo', 4, 7, 972, 0, '2018-11-19 12:14:40', '2018-11-19 12:44:02'),
(976, 48, 357, 'baixa', 'solucionado', 'chat', 'solicitacao', 'nivel1', 1, 2, 'Desregistrado', 4, 3, 973, 0, '2018-11-19 12:22:45', '2018-11-19 12:29:51'),
(977, 59, 300, 'baixa', 'solucionado', 'chat', 'solicitacao', 'nivel1', 20, 4, 'reaberto matrícula', 4, 7, 974, 0, '2018-11-19 12:28:38', '2018-11-19 12:40:40'),
(978, 99, 337, 'baixa', 'solucionado', 'chat', 'solicitacao', 'nivel1', 25, 2, 'Instalado imob em terminal formatado', 4, 3, 975, 0, '2018-11-19 12:29:55', '2018-11-19 12:43:06'),
(979, 157, 358, 'baixa', 'solucionado', 'chat', 'solicitacao', 'nivel2', 124, 5, 'Removido certidão fantasma pelo banco de dados.', 4, 2, 976, 0, '2018-11-19 12:33:23', '2018-11-19 13:05:50'),
(980, 172, 132, 'baixa', 'solucionado', 'chat', 'solicitacao', 'nivel2', 44, 6, 'não tem o que fazer, precisa pedir para o técnico reinstalar o office', 4, 8, 977, 0, '2018-11-19 12:44:20', '2018-11-19 15:17:22'),
(981, 166, 359, 'baixa', 'solucionado', 'chat', 'solicitacao', 'nivel2', 21, 7, 'Alterado permissão de usuário para poder atualizar texto do livro.', 4, 9, 978, 0, '2018-11-19 12:45:12', '2018-11-19 12:57:14'),
(982, 118, 127, 'baixa', 'solucionado', 'chat', 'solicitacao', 'nivel1', 13, 2, 'Criado Minuta', 4, 3, 979, 0, '2018-11-19 12:45:37', '2018-11-19 12:54:44'),
(983, 23, 25, 'baixa', 'solucionado', 'chat', 'solicitacao', 'nivel1', 25, 4, 'copiado a pasta imob, pois o antivirus removeu o executável do imob', 4, 7, 980, 0, '2018-11-19 12:46:37', '2018-11-19 12:55:36'),
(984, 3, 30, 'baixa', 'solucionado', 'chat', 'solicitacao', 'nivel1', 1, 2, 'Desregistrado', 4, 3, 981, 0, '2018-11-19 12:50:25', '2018-11-19 13:01:22'),
(985, 81, 261, 'baixa', 'solucionado', 'chat', 'solicitacao', 'nivel1', 13, 4, 'natureza formal e minuta', 4, 7, 982, 0, '2018-11-19 12:50:59', '2018-11-19 13:13:19'),
(986, 154, 347, 'baixa', 'solucionado', 'chat', 'solicitacao', 'nivel2', 43, 7, 'Marcado para impressão da matrícula não imprimir o fundo.', 4, 9, 983, 0, '2018-11-19 13:00:06', '2018-11-19 13:17:27'),
(987, 23, 193, 'baixa', 'solucionado', 'chat', 'solicitacao', 'nivel1', 1, 2, 'Desregistrado', 4, 3, 984, 0, '2018-11-19 13:04:39', '2018-11-19 13:05:08'),
(988, 89, 360, 'baixa', 'solucionado', 'chat', 'solicitacao', 'nivel1', 1, 2, 'Desregistrado', 4, 3, 985, 0, '2018-11-19 13:07:58', '2018-11-19 13:12:12'),
(989, 54, 361, 'baixa', 'solucionado', 'chat', 'solicitacao', 'nivel2', 124, 5, 'Arrumado espaçamento entre linhas e setado certidão para determinada impressora.', 4, 2, 986, 0, '2018-11-19 13:09:09', '2018-11-19 13:29:49'),
(990, 54, 362, 'baixa', 'solucionado', 'chat', 'solicitacao', 'nivel1', 132, 4, 'não foi possível configurar, pois a impressora não estava disponível no compartilhamento da rede, foi sugerido que verificasse com um técnico para analisar a situação', 4, 7, 987, 0, '2018-11-19 13:17:26', '2018-11-19 15:07:43'),
(991, 39, 195, 'baixa', 'solucionado', 'chat', 'solicitacao', 'nivel2', 124, 7, 'Criado tipo de serviço e modelo de certidão de inteiro teor de transcrição.', 4, 9, 988, 0, '2018-11-19 13:20:42', '2018-11-19 13:38:20'),
(992, 177, 363, 'baixa', 'solucionado', 'telefone', 'solicitacao', 'nivel1', 103, 2, 'Instalado banco de dados e exportado matriculas', 4, 3, 989, 0, '2018-11-19 13:31:01', '2018-11-19 15:44:39'),
(993, 6, 3, 'baixa', 'solucionado', 'chat', 'solicitacao', 'nivel2', 18, 5, 'Passado para cliente que não é possível imprimir site e como consultar assinatura digital.', 4, 2, 990, 0, '2018-11-19 13:33:39', '2018-11-19 16:45:56'),
(994, 121, 245, 'baixa', 'solucionado', 'chat', 'solicitacao', 'nivel2', 41, 7, 'Auxiliado com atos em matrícula.', 4, 9, 991, 0, '2018-11-19 13:41:21', '2018-11-19 15:15:41'),
(995, 16, 232, 'baixa', 'solucionado', 'chat', 'solicitacao', 'nivel2', 18, 7, 'Conversado a respeito do relatório do Funrejus.', 4, 9, 992, 0, '2018-11-19 15:18:11', '2018-11-19 15:29:40'),
(996, 20, 44, 'baixa', 'solucionado', 'chat', 'solicitacao', 'nivel2', 80, 6, 'criado pendências e passado para o Alcindo', 4, 8, 993, 0, '2018-11-19 15:22:52', '2018-11-19 16:18:04'),
(997, 45, 53, 'baixa', 'solucionado', 'chat', 'solicitacao', 'nivel1', 1, 4, 'desregistrado atos', 4, 7, 994, 0, '2018-11-19 15:30:49', '2018-11-19 15:43:41'),
(998, 92, 318, 'baixa', 'solucionado', 'chat', 'solicitacao', 'nivel1', 27, 4, 'é necessário criar uma norma, foi transferido o atendimento para Camila', 4, 7, 995, 0, '2018-11-19 15:45:09', '2018-11-19 15:53:25'),
(999, 54, 249, 'baixa', 'solucionado', 'chat', 'solicitacao', 'nivel2', 123, 7, 'Liberado transação e auxiliado em problema com emissão de certidão.', 4, 9, 996, 0, '2018-11-19 15:55:07', '2018-11-19 17:05:32'),
(1000, 54, 346, 'baixa', 'solucionado', 'chat', 'solicitacao', 'nivel1', 56, 2, 'Problema com terminal', 4, 3, 997, 0, '2018-11-19 15:58:07', '2018-11-19 16:09:57'),
(1001, 6, 364, 'baixa', 'solucionado', 'chat', 'solicitacao', 'nivel2', 58, 5, 'Passado para cliente que não é possível imprimir  onde acessar assinatura digital.', 4, 2, 998, 0, '2018-11-19 16:06:47', '2018-11-19 16:45:06'),
(1002, 59, 300, 'baixa', 'solucionado', 'chat', 'solicitacao', 'nivel1', 20, 2, 'Reaberto matricula', 4, 3, 999, 0, '2018-11-19 16:13:13', '2018-11-19 16:18:54'),
(1003, 42, 298, 'baixa', 'solucionado', 'chat', 'solicitacao', 'nivel1', 55, 4, 'era necessário excluir as imagens via sql, mas como havia muitos usuários logados, foi sugerido que essa exclusão fosse feita no final do dia', 4, 7, 1000, 0, '2018-11-19 16:17:08', '2018-11-19 16:31:21'),
(1004, 112, 304, 'baixa', 'solucionado', 'chat', 'solicitacao', 'nivel2', 126, 6, 'configurado a variável, mas não tem construção cadastrado no IMOB, por isso não vem nada', 4, 8, 1001, 0, '2018-11-19 16:22:48', '2018-11-19 17:38:13'),
(1005, 1, 108, 'baixa', 'solucionado', 'chat', 'solicitacao', 'nivel1', 48, 2, 'Arrumado condição de partes', 4, 3, 1002, 0, '2018-11-19 16:24:51', '2018-11-19 16:35:19'),
(1006, 118, 198, 'baixa', 'solucionado', 'chat', 'solicitacao', 'nivel1', 13, 4, 'minuta', 4, 7, 1003, 0, '2018-11-19 16:33:35', '2018-11-19 16:38:12'),
(1007, 110, 70, 'baixa', 'solucionado', 'chat', 'solicitacao', 'nivel1', 28, 2, 'Unificado Fichas', 4, 3, 1004, 0, '2018-11-19 16:41:31', '2018-11-19 16:44:07'),
(1008, 93, 93, 'baixa', 'solucionado', 'telefone', 'solicitacao', 'nivel2', 86, 7, 'Instalado sistema.', 4, 9, 1005, 0, '2018-11-19 16:49:50', '2018-11-19 19:40:21'),
(1009, 11, 286, 'baixa', 'solucionado', 'chat', 'solicitacao', 'nivel2', 97, 5, 'Orientado a preencher o valor de atos acrescidos na emissão de certidão para não dar diferença no valor pago.', 4, 2, 1006, 0, '2018-11-19 16:50:15', '2018-11-19 17:08:05'),
(1010, 119, 135, 'baixa', 'solucionado', 'chat', 'solicitacao', 'nivel1', 1, 4, 'desregistrado atos de matrículas', 4, 7, 1007, 0, '2018-11-19 17:01:18', '2018-11-19 17:18:38'),
(1011, 1, 8, 'baixa', 'solucionado', 'chat', 'solicitacao', 'nivel2', 12, 5, 'Criado serviço extra para colocar dentro de ato. ', 4, 2, 1008, 0, '2018-11-19 17:09:52', '2018-11-19 17:25:00'),
(1012, 118, 127, 'baixa', 'solucionado', 'chat', 'solicitacao', 'nivel1', 1, 2, 'Desregistrado pelo banco de dados', 4, 3, 1009, 0, '2018-11-19 17:15:52', '2018-11-19 17:34:25'),
(1013, 41, 248, 'baixa', 'solucionado', 'chat', 'solicitacao', 'nivel1', 13, 2, 'Associado Minuta', 4, 3, 1010, 0, '2018-11-19 17:16:16', '2018-11-19 17:34:10'),
(1014, 20, 44, 'baixa', 'solucionado', 'telefone', 'solicitacao', 'nivel2', 80, 6, 'criado um serviço extra para a busca pela central', 4, 8, 1011, 0, '2018-11-19 17:24:27', '2018-11-19 17:27:12'),
(1015, 3, 103, 'baixa', 'solucionado', 'chat', 'solicitacao', 'nivel1', 1, 4, 'criado minuta de localização de parcela', 4, 7, 1012, 0, '2018-11-19 17:26:52', '2018-11-19 17:58:56'),
(1016, 20, 20, 'baixa', 'solucionado', 'chat', 'solicitacao', 'nivel2', 100, 5, 'Mudado protocolo de guia.', 4, 2, 1013, 0, '2018-11-19 17:27:16', '2018-11-19 17:53:10'),
(1017, 161, 365, 'baixa', 'solucionado', 'chat', 'solicitacao', 'nivel1', 1, 4, 'desregistrado atos e alterado de registro', 4, 7, 1014, 0, '2018-11-19 17:32:00', '2018-11-19 17:58:20'),
(1018, 136, 366, 'baixa', 'solucionado', 'chat', 'solicitacao', 'nivel2', 77, 6, 'ela que precisa preencher a planilha', 4, 8, 1015, 0, '2018-11-19 17:49:38', '2018-11-19 18:16:45'),
(1019, 11, 157, 'baixa', 'solucionado', 'chat', 'solicitacao', 'nivel2', 97, 5, 'Orientado como resolver problema de exclusão de protocolo. Orientado, depois de conversar com cliente por telefone nesse caso, a criar um novo protocolo apenas.', 4, 2, 1016, 0, '2018-11-19 17:57:32', '2018-11-19 18:36:19'),
(1020, 118, 198, 'baixa', 'solucionado', 'chat', 'solicitacao', 'nivel1', 13, 2, 'Criado Minuta', 4, 3, 1017, 0, '2018-11-19 18:02:20', '2018-11-19 18:13:51'),
(1021, 126, 302, 'baixa', 'solucionado', 'chat', 'solicitacao', 'nivel1', 27, 4, 'tipo de serviço e minuta', 4, 7, 1018, 0, '2018-11-19 18:07:58', '2018-11-19 18:21:19'),
(1022, 1, 8, 'baixa', 'solucionado', 'chat', 'solicitacao', 'nivel1', 1, 2, 'Desregistrado abertura no banco de dados e criado tipo de serviço', 4, 3, 1019, 0, '2018-11-19 18:21:08', '2018-11-19 18:31:32'),
(1023, 164, 86, 'baixa', 'solucionado', 'chat', 'solicitacao', 'nivel2', 42, 6, 'atualizado o texto', 4, 8, 1020, 0, '2018-11-19 18:30:37', '2018-11-19 18:34:26'),
(1024, 32, 97, 'baixa', 'solucionado', 'chat', 'solicitacao', 'nivel2', 43, 6, 'criado papel na impressora', 4, 8, 1021, 0, '2018-11-19 18:40:56', '2018-11-19 18:56:14'),
(1025, 118, 127, 'baixa', 'solucionado', 'chat', 'solicitacao', 'nivel1', 13, 4, 'minuta', 4, 7, 1022, 0, '2018-11-19 19:01:39', '2018-11-19 19:06:30'),
(1026, 26, 356, 'baixa', 'solucionado', 'chat', 'solicitacao', 'nivel2', 18, 5, 'criado a seguinte pendência IMOB-3439\r\nOpção para deixar obrigatório informar registro anterior em matrícula.', 4, 2, 1023, 0, '2018-11-19 19:11:08', '2018-11-19 19:25:20'),
(1027, 136, 366, 'baixa', 'solucionado', 'telefone', 'solicitacao', 'nivel2', 18, 6, 'explicado como salvar as planilhas', 4, 8, 1024, 0, '2018-11-19 19:11:37', '2018-11-19 19:13:29'),
(1028, 117, 367, 'baixa', 'solucionado', 'telefone', 'solicitacao', 'nivel2', 18, 6, 'explicado sobre os relatórios financeiros do sistema', 4, 8, 1025, 0, '2018-11-19 19:22:25', '2018-11-19 19:26:19'),
(1029, 3, 368, 'baixa', 'solucionado', 'telefone', 'solicitacao', 'nivel2', 18, 7, 'Explicado como fazer lançamento de saída no caixa sem que apareça no relatório do provimento 45.', 4, 9, 1026, 0, '2018-11-20 10:41:12', '2018-11-20 10:43:11'),
(1030, 54, 346, 'baixa', 'solucionado', 'chat', 'solicitacao', 'nivel1', 34, 2, 'Arrumado Scanner de Digitalização', 4, 3, 1027, 0, '2018-11-20 10:42:59', '2018-11-20 10:59:43'),
(1031, 119, 135, 'baixa', 'solucionado', 'chat', 'solicitacao', 'nivel1', 1, 4, 'desregistrado atos', 4, 7, 1028, 0, '2018-11-20 10:49:15', '2018-11-20 11:37:51'),
(1032, 93, 223, 'baixa', 'solucionado', 'chat', 'solicitacao', 'nivel2', 97, 5, 'Configurado novo modelo de impressão de comprovante de protocolo. Arrumado  modelo de ficha de  RA.', 4, 2, 1029, 0, '2018-11-20 10:49:38', '2018-11-20 12:40:10'),
(1033, 19, 120, 'baixa', 'solucionado', 'chat', 'solicitacao', 'nivel2', 18, 6, 'atribuído permissão para desregistrar e explicado como proceder. removido o vínculo do reprotocolar e revertido situação do protocolo Desregistrado as 50 aberturas pelo banco de dados. configurado o DNS do google em todos os micros para poder abrir o chat', 4, 8, 1030, 0, '2018-11-20 11:19:30', '2018-11-20 12:12:11'),
(1034, 82, 164, 'baixa', 'solucionado', 'chat', 'solicitacao', 'nivel2', 18, 7, 'Auxiliado com Relatório do Funrejus.', 4, 9, 1031, 0, '2018-11-20 11:23:40', '2018-11-20 12:26:20'),
(1035, 118, 127, 'baixa', 'solucionado', 'chat', 'solicitacao', 'nivel1', 1, 2, 'Desregistrado pelo banco de dados, perguntado se poderia ajudar em algo mais, visualizou e ficou mexendo no globo.com, finalizei depois de 6 minutos', 4, 3, 1032, 0, '2018-11-20 11:39:04', '2018-11-20 12:03:38'),
(1036, 1, 8, 'baixa', 'solucionado', 'chat', 'solicitacao', 'nivel1', 27, 4, 'tipo de serviço', 4, 7, 1033, 0, '2018-11-20 11:45:41', '2018-11-20 11:49:41'),
(1037, 136, 116, 'baixa', 'solucionado', 'chat', 'solicitacao', 'nivel2', 70, 7, 'Auxiliado com Loteamento e selos.', 4, 9, 1034, 0, '2018-11-20 11:50:23', '2018-11-20 15:10:39'),
(1038, 91, 279, 'baixa', 'solucionado', 'chat', 'solicitacao', 'nivel1', 1, 4, 'desregistrado atos, alterado data de registro e data de requisição de selos', 4, 7, 1035, 0, '2018-11-20 12:02:47', '2018-11-20 12:54:14'),
(1039, 33, 313, 'baixa', 'solucionado', 'chat', 'solicitacao', 'nivel1', 13, 2, 'Criado Minuta', 4, 3, 1036, 0, '2018-11-20 12:17:06', '2018-11-20 12:26:15'),
(1040, 4, 73, 'baixa', 'solucionado', 'chat', 'solicitacao', 'nivel2', 74, 6, 'não respondeu', 4, 8, 1037, 0, '2018-11-20 12:17:40', '2018-11-20 12:53:46'),
(1041, 145, 118, 'baixa', 'solucionado', 'chat', 'solicitacao', 'nivel1', 1, 2, 'Desregistrado e retirado duvidas ', 4, 3, 1038, 0, '2018-11-20 12:29:07', '2018-11-20 12:47:45'),
(1042, 59, 175, 'baixa', 'solucionado', 'chat', 'solicitacao', 'nivel1', 1, 4, 'desregistrado atos', 4, 7, 1039, 0, '2018-11-20 12:36:23', '2018-11-20 12:45:37'),
(1043, 70, 305, 'baixa', 'solucionado', 'chat', 'solicitacao', 'nivel2', 117, 7, 'Importado consulta e passado manual para relação de imóveis com proprietários jurídicos.', 4, 9, 1040, 0, '2018-11-20 12:43:54', '2018-11-20 13:02:03'),
(1044, 45, 182, 'baixa', 'solucionado', 'chat', 'solicitacao', 'nivel2', 124, 5, 'foi trocado o Office, ai o técnico vai nos ligar após o almoço.', 4, 2, 1041, 0, '2018-11-20 12:50:25', '2018-11-20 13:20:31'),
(1045, 164, 86, 'baixa', 'solucionado', 'chat', 'solicitacao', 'nivel1', 9, 2, 'Alterado data de Ras e Matriculas no banco de dados', 4, 3, 1042, 0, '2018-11-20 12:53:01', '2018-11-20 13:08:30'),
(1046, 9, 369, 'baixa', 'solucionado', 'chat', 'solicitacao', 'nivel2', 86, 6, '', 4, 8, 1043, 0, '2018-11-20 13:00:10', '2018-11-20 15:24:52'),
(1047, 11, 107, 'baixa', 'solucionado', 'chat', 'solicitacao', 'nivel1', 20, 4, 'encerrado matrículas', 4, 7, 1044, 0, '2018-11-20 13:07:25', '2018-11-20 13:09:54'),
(1048, 10, 9, 'baixa', 'solucionado', 'chat', 'solicitacao', 'nivel1', 27, 2, 'Criado tipos de serviço', 4, 3, 1045, 0, '2018-11-20 13:12:04', '2018-11-20 13:20:45'),
(1049, 48, 294, 'baixa', 'solucionado', 'chat', 'solicitacao', 'nivel1', 133, 4, 'alterado data de registro e data de requisição de selo', 4, 7, 1046, 0, '2018-11-20 13:34:25', '2018-11-20 13:58:13'),
(1050, 37, 42, 'baixa', 'solucionado', 'chat', 'solicitacao', 'nivel2', 18, 5, 'alterado numeração inicial de protocolo.', 4, 2, 1047, 0, '2018-11-20 13:34:50', '2018-11-20 13:54:16'),
(1051, 10, 306, 'baixa', 'solucionado', 'chat', 'solicitacao', 'nivel1', 24, 2, 'Liberado transação e tirado duvidas', 4, 3, 1048, 0, '2018-11-20 13:56:17', '2018-11-20 14:03:20'),
(1052, 19, 120, 'baixa', 'solucionado', 'chat', 'solicitacao', 'nivel2', 18, 5, 'Retirado vínculo de protocolo reprotocoado pelo banco de dados de vários protocolos, retirado pelo banco de dados.', 4, 2, 1049, 0, '2018-11-20 15:20:52', '2018-11-20 15:26:14'),
(1053, 11, 157, 'baixa', 'solucionado', 'chat', 'solicitacao', 'nivel2', 97, 7, 'Auxiliado com criação de nota de devolução .', 4, 9, 1050, 0, '2018-11-20 15:21:20', '2018-11-20 15:28:59'),
(1054, 93, 235, 'baixa', 'solucionado', 'chat', 'solicitacao', 'nivel2', 43, 5, 'Arrumado  número de RA na vertical de RA, e fonte de Ra e matrícula no modelo de documento.', 4, 2, 1051, 0, '2018-11-20 15:30:35', '2018-11-20 16:15:18'),
(1055, 41, 370, 'baixa', 'solucionado', 'chat', 'solicitacao', 'nivel2', 12, 6, 'alterado a consulta de ato registrável e explicado como utilizar', 4, 8, 1052, 0, '2018-11-20 15:32:58', '2018-11-20 15:49:20'),
(1056, 55, 371, 'baixa', 'solucionado', 'chat', 'solicitacao', 'nivel2', 81, 7, 'Alterado normas e tipos de serviços.', 4, 9, 1053, 0, '2018-11-20 15:38:31', '2018-11-20 15:59:22'),
(1057, 53, 259, 'baixa', 'solucionado', 'chat', 'solicitacao', 'nivel1', 27, 4, 'tipo de serviço', 4, 7, 1054, 0, '2018-11-20 15:44:30', '2018-11-20 16:43:40'),
(1058, 45, 53, 'baixa', 'solucionado', 'chat', 'solicitacao', 'nivel1', 13, 2, 'Criado 2 minutas', 4, 3, 1055, 0, '2018-11-20 15:45:00', '2018-11-20 16:21:08'),
(1059, 9, 369, 'baixa', 'solucionado', 'chat', 'solicitacao', 'nivel2', 127, 6, 'liberado transações', 4, 8, 1056, 0, '2018-11-20 15:59:02', '2018-11-20 16:08:28'),
(1060, 128, 372, 'baixa', 'solucionado', 'chat', 'solicitacao', 'nivel2', 123, 7, 'Colocado permissão para todos na unidade C: inteira. Testado abrir umas 12 certidões e não deu mais o erro, porém não garante que foi solucionado.', 4, 9, 1057, 0, '2018-11-20 16:05:02', '2018-11-20 16:48:30'),
(1061, 154, 327, 'baixa', 'solucionado', 'chat', 'solicitacao', 'nivel2', 43, 6, '', 4, 8, 1058, 0, '2018-11-20 16:17:47', '2018-11-20 16:48:20');
INSERT INTO `ticket` (`id`, `id_registry`, `id_client`, `priority`, `t_status`, `source`, `type`, `t_group`, `id_module`, `id_attendant`, `resolution`, `id_who_opened`, `id_who_closed`, `id_chat`, `is_repeated`, `registered_at`, `finalized_at`) VALUES
(1062, 109, 149, 'baixa', 'solucionado', 'chat', 'solicitacao', 'nivel2', 127, 5, 'Erro ao digitalizar, vamos criar pendência, pois é um problema antigo.', 4, 2, 1059, 0, '2018-11-20 16:18:13', '2018-11-20 16:41:39'),
(1063, 118, 198, 'baixa', 'solucionado', 'chat', 'solicitacao', 'nivel1', 13, 2, 'Criado Minuta', 4, 3, 1060, 0, '2018-11-20 16:45:13', '2018-11-20 16:49:14'),
(1064, 128, 82, 'baixa', 'solucionado', 'chat', 'solicitacao', 'nivel2', 18, 5, 'apenas foi colocado senha para exportação do indicador pessoal no registro eletrônico.', 4, 2, 1061, 0, '2018-11-20 16:45:35', '2018-11-20 16:58:41'),
(1065, 136, 366, 'baixa', 'solucionado', 'chat', 'solicitacao', 'nivel2', 77, 7, 'Auxiliado com Parcelamento. Arrumado planilha, feito modelo de abertura e variáveis específicas.', 4, 9, 1062, 0, '2018-11-20 16:50:57', '2018-11-20 19:18:44'),
(1066, 1, 8, 'baixa', 'solucionado', 'chat', 'solicitacao', 'nivel1', 27, 2, 'Criado tipo de serviço', 4, 3, 1063, 0, '2018-11-20 16:51:27', '2018-11-20 16:55:22'),
(1067, 92, 318, 'baixa', 'solucionado', 'chat', 'solicitacao', 'nivel2', 83, 6, 'criado normas e serviços', 4, 8, 1064, 0, '2018-11-20 16:53:13', '2018-11-20 18:08:25'),
(1068, 103, 314, 'baixa', 'solucionado', 'chat', 'solicitacao', 'nivel1', 109, 4, 'dúvidas sobre digitalização, ficou de entrar em contato novamente', 4, 7, 1065, 0, '2018-11-20 16:53:40', '2018-11-20 17:24:13'),
(1069, 57, 85, 'baixa', 'solucionado', 'telefone', 'solicitacao', 'nivel1', 1, 2, 'Arrumado atos', 4, 3, 1066, 0, '2018-11-20 17:00:18', '2018-11-20 17:15:29'),
(1070, 43, 181, 'baixa', 'solucionado', 'chat', 'solicitacao', 'nivel2', 43, 5, 'problema na máquina, era problema na impressora, que acontece por fora do IMOB. eles irão ver com técnico.', 4, 2, 1067, 0, '2018-11-20 17:04:27', '2018-11-20 17:52:25'),
(1071, 29, 34, 'baixa', 'solucionado', 'chat', 'solicitacao', 'nivel1', 13, 2, 'Ligado e criado minuta', 4, 3, 1068, 0, '2018-11-20 17:20:56', '2018-11-20 17:32:29'),
(1072, 118, 127, 'baixa', 'solucionado', 'chat', 'solicitacao', 'nivel1', 13, 4, 'minuta', 4, 7, 1069, 0, '2018-11-20 17:52:29', '2018-11-20 18:03:11'),
(1073, 93, 235, 'baixa', 'solucionado', 'chat', 'solicitacao', 'nivel2', 80, 5, 'Criado tipo de serviço extra de certidão e alterado valor de CCB.', 4, 2, 1070, 0, '2018-11-20 18:03:37', '2018-11-20 18:27:06'),
(1074, 82, 164, 'baixa', 'solucionado', 'chat', 'solicitacao', 'nivel2', 18, 6, 'explicado sobre o relatório', 4, 8, 1071, 0, '2018-11-20 18:12:06', '2018-11-20 18:22:55'),
(1075, 145, 199, 'baixa', 'solucionado', 'chat', 'solicitacao', 'nivel1', 1, 2, 'Desregistrado', 4, 3, 1072, 0, '2018-11-20 18:30:48', '2018-11-20 18:50:23'),
(1076, 98, 373, 'baixa', 'solucionado', 'chat', 'solicitacao', 'nivel2', 71, 5, 'Ligado para cliente e ensinado a usar o histórico do central de indisponibilidade.', 4, 2, 1073, 0, '2018-11-20 18:31:53', '2018-11-20 18:47:54'),
(1077, 9, 369, 'baixa', 'solucionado', 'chat', 'solicitacao', 'nivel2', 127, 6, 'adiciona exceção no antivirus', 4, 8, 1074, 0, '2018-11-20 18:35:47', '2018-11-20 19:03:22'),
(1078, 67, 184, 'baixa', 'solucionado', 'telefone', 'solicitacao', 'nivel2', 88, 7, '', 4, 9, 1075, 0, '2018-11-20 18:36:29', '2018-11-20 19:05:17'),
(1079, 154, 374, 'baixa', 'solucionado', 'chat', 'solicitacao', 'nivel2', 70, 5, 'caiu a conexão, mas não tem como ver log de quem requisitou selos. ', 4, 2, 1076, 0, '2018-11-20 18:53:59', '2018-11-20 19:24:56'),
(1080, 106, 115, 'baixa', 'solucionado', 'chat', 'solicitacao', 'nivel2', 67, 6, '', 4, 8, 1077, 0, '2018-11-20 19:08:08', '2018-11-20 19:26:33'),
(1081, 145, 375, 'baixa', 'solucionado', 'chat', 'solicitacao', 'nivel1', 1, 4, 'desregistrado atos', 4, 7, 1078, 0, '2018-11-20 19:13:09', '2018-11-20 19:30:01'),
(1082, 7, 50, 'baixa', 'solucionado', 'telefone', 'solicitacao', 'nivel2', 76, 7, 'Auxiliado com criação de conta para lançamento de caixa.', 4, 9, 1079, 0, '2018-11-21 10:40:10', '2018-11-21 10:46:04'),
(1083, 19, 67, 'baixa', 'solucionado', 'chat', 'solicitacao', 'nivel1', 1, 2, 'Desregistrado atos de matricula', 4, 3, 1080, 0, '2018-11-21 10:45:26', '2018-11-21 10:49:13'),
(1084, 67, 184, 'baixa', 'solucionado', 'telefone', 'solicitacao', 'nivel2', 86, 5, 'trocado o servidor;', 4, 2, 1081, 0, '2018-11-21 11:12:23', '2018-11-21 12:01:56'),
(1085, 126, 302, 'baixa', 'solucionado', 'chat', 'solicitacao', 'nivel2', 43, 6, 'precisa chamar o técnico', 4, 8, 1082, 0, '2018-11-21 11:15:22', '2018-11-21 11:28:37'),
(1086, 102, 98, 'baixa', 'solucionado', 'chat', 'solicitacao', 'nivel1', 1, 4, 'desregistrado abertura de transcrição', 4, 7, 1083, 0, '2018-11-21 11:20:06', '2018-11-21 11:26:45'),
(1087, 68, 72, 'baixa', 'solucionado', 'telefone', 'solicitacao', 'nivel2', 127, 7, 'Conversado a respeito de lentidão.', 4, 9, 1084, 0, '2018-11-21 11:21:24', '2018-11-21 11:55:50'),
(1088, 165, 376, 'baixa', 'solucionado', 'chat', 'solicitacao', 'nivel1', 1, 2, 'Desregistrado ato de matricula', 4, 3, 1085, 0, '2018-11-21 11:25:20', '2018-11-21 11:26:53'),
(1089, 99, 337, 'baixa', 'solucionado', 'chat', 'solicitacao', 'nivel1', 25, 4, 'criado pasta onde fica armazenado os arquivos da DOI, criado arquivo de exportação para BDL_Aripar', 4, 7, 1086, 0, '2018-11-21 11:34:33', '2018-11-21 12:10:09'),
(1090, 166, 376, 'baixa', 'solucionado', 'chat', 'solicitacao', 'nivel1', 1, 2, 'Desregistrado e orientado como proceder', 4, 3, 1087, 0, '2018-11-21 11:38:50', '2018-11-21 12:04:29'),
(1091, 1, 108, 'baixa', 'solucionado', 'chat', 'solicitacao', 'nivel2', 81, 6, 'criado serviços', 4, 8, 1088, 0, '2018-11-21 12:01:16', '2018-11-21 12:24:29'),
(1092, 69, 377, 'baixa', 'solucionado', 'chat', 'solicitacao', 'nivel1', 1, 4, 'desregistrado abertura de RA', 4, 7, 1089, 0, '2018-11-21 12:05:24', '2018-11-21 12:09:08'),
(1093, 93, 136, 'baixa', 'solucionado', 'chat', 'solicitacao', 'nivel2', 124, 7, 'Alterado modelo de comprovante de Pedido de certidão.', 4, 9, 1090, 0, '2018-11-21 12:21:05', '2018-11-21 13:03:24'),
(1094, 7, 4, 'baixa', 'solucionado', 'chat', 'solicitacao', 'nivel1', 15, 2, 'Apenas tirado duvidas', 4, 3, 1091, 0, '2018-11-21 12:25:33', '2018-11-21 12:29:27'),
(1095, 61, 333, 'baixa', 'solucionado', 'chat', 'solicitacao', 'nivel2', 127, 5, 'Lentidão no sistema, mas não tinha nada de anormal. Cliente irá reiniciar o servidor caso volte ocorrer lentidão.', 4, 2, 1092, 0, '2018-11-21 12:29:05', '2018-11-21 12:54:07'),
(1096, 72, 121, 'baixa', 'solucionado', 'chat', 'solicitacao', 'nivel2', 70, 6, 'Liberado transações', 4, 8, 1093, 0, '2018-11-21 12:29:29', '2018-11-21 12:39:46'),
(1097, 19, 120, 'baixa', 'solucionado', 'chat', 'solicitacao', 'nivel1', 1, 4, 'desregistrado abertura de matrícula e removido permissão de desregistrar atos do usuário Maraiza', 4, 7, 1094, 0, '2018-11-21 12:31:28', '2018-11-21 12:37:28'),
(1098, 48, 60, 'baixa', 'solucionado', 'chat', 'solicitacao', 'nivel1', 20, 2, 'Reaberto matricula e alterado data', 4, 3, 1095, 0, '2018-11-21 12:42:38', '2018-11-21 12:59:28'),
(1099, 71, 262, 'baixa', 'solucionado', 'chat', 'solicitacao', 'nivel2', 67, 6, 'criado novamente a pasta para exportação da DOI', 4, 8, 1096, 0, '2018-11-21 12:43:08', '2018-11-21 12:58:28'),
(1100, 110, 70, 'baixa', 'solucionado', 'chat', 'solicitacao', 'nivel1', 1, 4, 'desregistrado atos', 4, 7, 1097, 0, '2018-11-21 12:48:06', '2018-11-21 12:49:12'),
(1101, 73, 81, 'baixa', 'solucionado', 'telefone', 'solicitacao', 'nivel2', 70, 6, 'mudado 2 serviços extras de processo', 8, 8, 1098, 0, '2018-11-21 12:58:55', '2018-11-21 15:51:26'),
(1102, 4, 73, 'baixa', 'solucionado', 'chat', 'solicitacao', 'nivel2', 18, 7, 'Conversado a respeito de emissão de certidão pelo processo. Explicado que atualmente é possível emitir apenas uma certidão por matrícula no mesmo processo.', 4, 9, 1099, 0, '2018-11-21 13:13:06', '2018-11-21 13:22:42'),
(1103, 7, 50, 'baixa', 'solucionado', 'chat', 'solicitacao', 'nivel1', 13, 2, 'Criado minuta e tipo de serviço', 4, 3, 1100, 0, '2018-11-21 13:22:45', '2018-11-21 13:32:30'),
(1104, 18, 378, 'baixa', 'solucionado', 'chat', 'solicitacao', 'nivel1', 22, 4, 'permissão e criado usuário', 4, 7, 1101, 0, '2018-11-21 13:41:35', '2018-11-21 13:52:39'),
(1105, 164, 86, 'baixa', 'solucionado', 'chat', 'solicitacao', 'nivel2', 97, 5, 'Mudado protocolo de guia, alterado data de selo e de registro de matrícula. ', 4, 2, 1102, 0, '2018-11-21 13:43:36', '2018-11-21 14:03:22'),
(1106, 36, 41, 'baixa', 'solucionado', 'chat', 'solicitacao', 'nivel1', 1, 2, 'Desregistrado ', 4, 3, 1103, 0, '2018-11-21 13:46:03', '2018-11-21 13:51:11'),
(1107, 154, 347, 'baixa', 'solucionado', 'chat', 'solicitacao', 'nivel2', 44, 7, 'Alterado tamanho de papel padrão da impressora.', 4, 9, 1104, 0, '2018-11-21 13:48:38', '2018-11-21 15:14:35'),
(1108, 118, 127, 'baixa', 'solucionado', 'chat', 'solicitacao', 'nivel1', 13, 2, 'Criado Minuta', 4, 3, 1105, 0, '2018-11-21 13:51:43', '2018-11-21 13:56:47'),
(1109, 68, 379, 'baixa', 'solucionado', 'telefone', 'solicitacao', 'nivel2', 18, 6, 'explicado sobre o servidor e postrgres para troca de servidor. Configurado impressora de etiquetas. Configurado impressora não fiscal', 4, 8, 1106, 0, '2018-11-21 15:18:38', '2018-11-21 15:52:12'),
(1110, 31, 380, 'baixa', 'solucionado', 'chat', 'solicitacao', 'nivel2', 81, 5, 'desvinculado selo pelo banco de dados.', 4, 2, 1107, 0, '2018-11-21 15:24:13', '2018-11-21 15:44:32'),
(1111, 45, 53, 'baixa', 'solucionado', 'chat', 'solicitacao', 'nivel1', 1, 4, 'desregistrado atos de matrícula e ato de RA', 4, 7, 1108, 0, '2018-11-21 15:27:23', '2018-11-21 15:28:19'),
(1112, 26, 31, 'baixa', 'solucionado', 'chat', 'solicitacao', 'nivel2', 18, 7, 'Auxiliado com troca de protocolo em ato de matrícula.', 4, 9, 1109, 0, '2018-11-21 15:30:52', '2018-11-21 15:36:18'),
(1113, 110, 70, 'baixa', 'solucionado', 'chat', 'solicitacao', 'nivel1', 1, 2, 'Desregistrado ato de matricula', 4, 3, 1110, 0, '2018-11-21 15:31:20', '2018-11-21 15:34:50'),
(1114, 82, 164, 'baixa', 'solucionado', 'chat', 'solicitacao', 'nivel1', 15, 4, 'associado classe à natureza formal', 4, 7, 1111, 0, '2018-11-21 15:34:41', '2018-11-21 15:36:38'),
(1115, 48, 357, 'baixa', 'solucionado', 'chat', 'solicitacao', 'nivel1', 13, 2, 'Criado pendência referente ao campo título em registro anterior...', 4, 3, 1112, 0, '2018-11-21 15:41:31', '2018-11-21 15:48:49'),
(1116, 15, 14, 'baixa', 'solucionado', 'telefone', 'solicitacao', 'nivel2', 116, 7, 'Alterado variável de código de segurança nas etiquetas do processo e do pedido de certidão.', 4, 9, 1113, 0, '2018-11-21 15:48:17', '2018-11-21 15:50:32'),
(1117, 1, 161, 'baixa', 'solucionado', 'telefone', 'solicitacao', 'nivel2', 124, 5, 'Criado serviços para certidão com selos apenas.', 4, 2, 1114, 0, '2018-11-21 15:49:08', '2018-11-21 16:01:24'),
(1118, 26, 102, 'baixa', 'solucionado', 'chat', 'solicitacao', 'nivel1', 9, 4, 'alterado data de registro', 4, 7, 1115, 0, '2018-11-21 15:54:38', '2018-11-21 16:05:43'),
(1119, 172, 167, 'baixa', 'solucionado', 'chat', 'solicitacao', 'nivel1', 31, 2, 'Verificado backup', 4, 3, 1116, 0, '2018-11-21 15:55:05', '2018-11-21 16:02:58'),
(1120, 54, 249, 'baixa', 'solucionado', 'chat', 'solicitacao', 'nivel2', 126, 7, 'Liberado transação e auxiliado com atualização de texto do livro.', 4, 9, 1117, 0, '2018-11-21 15:57:31', '2018-11-21 16:07:05'),
(1121, 92, 381, 'baixa', 'solucionado', 'chat', 'solicitacao', 'nivel2', 124, 6, 'alterado o modelo de ficha', 4, 8, 1118, 0, '2018-11-21 16:08:36', '2018-11-21 17:39:30'),
(1122, 85, 230, 'baixa', 'solucionado', 'chat', 'solicitacao', 'nivel2', 41, 5, 'Arrumado espaçamento entre linhas na impressão dos indicadores. ', 4, 2, 1119, 0, '2018-11-21 16:09:43', '2018-11-21 16:35:37'),
(1123, 11, 107, 'baixa', 'solucionado', 'chat', 'solicitacao', 'nivel1', 20, 2, 'Encerrado matriculas', 3, 3, 1120, 0, '2018-11-21 16:15:38', '2018-11-21 16:15:49'),
(1124, 154, 382, 'baixa', 'solucionado', 'chat', 'solicitacao', 'nivel2', 43, 7, 'Alterado modelo de ficha de Livro 3, reposicionado corpo de texto.', 4, 9, 1121, 0, '2018-11-21 16:17:21', '2018-11-21 16:37:04'),
(1125, 11, 286, 'baixa', 'solucionado', 'chat', 'solicitacao', 'nivel1', 21, 4, 'permissão', 4, 7, 1122, 0, '2018-11-21 16:17:48', '2018-11-21 16:23:26'),
(1126, 20, 20, 'baixa', 'solucionado', 'chat', 'solicitacao', 'nivel1', 1, 2, 'Desregistrado e orientado', 4, 3, 1123, 0, '2018-11-21 16:35:40', '2018-11-21 16:52:47'),
(1127, 93, 136, 'baixa', 'solucionado', 'chat', 'solicitacao', 'nivel2', 124, 5, 'Apenas arrumado detalhe em comprovante de pedido de certidão.', 4, 2, 1124, 0, '2018-11-21 16:39:45', '2018-11-21 16:41:56'),
(1128, 43, 181, 'baixa', 'solucionado', 'chat', 'solicitacao', 'nivel2', 74, 7, 'Usuário fechou o chat e o team viewer não sendo assim possível dar continuidade ao atendimento.', 4, 9, 1125, 0, '2018-11-21 16:40:11', '2018-11-21 16:54:30'),
(1129, 3, 383, 'baixa', 'solucionado', 'chat', 'solicitacao', 'nivel2', 81, 5, 'Alterado normas de tipo de serviços.', 4, 2, 1126, 0, '2018-11-21 17:00:21', '2018-11-21 17:05:50'),
(1130, 93, 136, 'baixa', 'solucionado', 'chat', 'solicitacao', 'nivel2', 124, 7, 'Alterado comprovante de pedido de certidão.', 4, 9, 1127, 0, '2018-11-21 17:04:29', '2018-11-21 17:13:31'),
(1131, 36, 41, 'baixa', 'solucionado', 'chat', 'solicitacao', 'nivel1', 1, 4, 'desregistrado atos', 4, 7, 1128, 0, '2018-11-21 17:10:01', '2018-11-21 17:10:49'),
(1132, 24, 27, 'baixa', 'solucionado', 'chat', 'solicitacao', 'nivel1', 26, 2, 'ativado no gerenciador do servidor  framework 3.5', 4, 3, 1129, 0, '2018-11-21 17:10:56', '2018-11-21 17:27:37'),
(1133, 117, 141, 'baixa', 'solucionado', 'chat', 'solicitacao', 'nivel1', 132, 4, 'configurado impressoras', 4, 7, 1130, 0, '2018-11-21 17:14:34', '2018-11-21 17:52:41'),
(1134, 5, 384, 'baixa', 'solucionado', 'chat', 'solicitacao', 'nivel2', 80, 5, 'Criado normas e serviços para serviços extra judicial e diligências.', 4, 2, 1131, 0, '2018-11-21 17:19:47', '2018-11-21 18:24:12'),
(1135, 25, 265, 'baixa', 'solucionado', 'chat', 'solicitacao', 'nivel2', 44, 7, 'Verificado questões de configuração do Word e do IMOB. Não foi possível determinar a causa do erro relatado, pois todas as vezes gerou corretamente as impressões.', 4, 9, 1132, 0, '2018-11-21 17:23:46', '2018-11-21 17:36:47'),
(1136, 118, 198, 'baixa', 'solucionado', 'chat', 'solicitacao', 'nivel1', 13, 2, 'Criado 2 minutas', 4, 3, 1133, 0, '2018-11-21 17:30:18', '2018-11-21 17:43:04'),
(1137, 93, 235, 'baixa', 'solucionado', 'chat', 'solicitacao', 'nivel2', 97, 7, 'Auxiliado com protocolo.', 4, 9, 1134, 0, '2018-11-21 17:43:37', '2018-11-21 17:48:53'),
(1138, 1, 8, 'baixa', 'solucionado', 'chat', 'solicitacao', 'nivel1', 27, 2, 'Criado tipo de serviço', 4, 3, 1135, 0, '2018-11-21 17:46:55', '2018-11-21 17:54:31'),
(1139, 29, 34, 'baixa', 'solucionado', 'chat', 'solicitacao', 'nivel2', 70, 6, 'desassociado os selos, corrigido a norma no serviço, desregistrado o ato, desassociado o selo, corrigido o serviço, associado selo e registrado o ato', 4, 8, 1136, 0, '2018-11-21 17:55:35', '2018-11-21 18:20:38'),
(1140, 3, 30, 'baixa', 'solucionado', 'chat', 'solicitacao', 'nivel1', 1, 2, 'Desregistrado', 4, 3, 1137, 0, '2018-11-21 17:57:06', '2018-11-21 18:00:27'),
(1141, 53, 259, 'baixa', 'solucionado', 'chat', 'solicitacao', 'nivel1', 13, 4, 'alterado nome de tipo de serviço', 4, 7, 1138, 0, '2018-11-21 17:57:34', '2018-11-21 18:25:42'),
(1142, 20, 44, 'baixa', 'solucionado', 'chat', 'solicitacao', 'nivel2', 18, 7, 'Criado norma de cálculo e serviço, além de verificar e liberar versão para atualizar o IMOB e corrigir pendências com recibo.', 4, 9, 1139, 0, '2018-11-21 17:58:03', '2018-11-21 18:36:30'),
(1143, 48, 287, 'baixa', 'solucionado', 'chat', 'solicitacao', 'nivel1', 9, 2, 'Alterado data de Registro', 4, 3, 1140, 0, '2018-11-21 18:07:31', '2018-11-21 18:08:17'),
(1144, 11, 107, 'baixa', 'solucionado', 'chat', 'solicitacao', 'nivel1', 13, 2, 'Criado Minuta', 3, 3, 1141, 0, '2018-11-21 18:19:37', '2018-11-21 18:19:48'),
(1145, 3, 30, 'baixa', 'solucionado', 'chat', 'solicitacao', 'nivel1', 1, 2, 'Feito pelo servidor', 4, 3, 1142, 0, '2018-11-21 18:22:57', '2018-11-21 18:28:08'),
(1146, 135, 385, 'baixa', 'solucionado', 'chat', 'solicitacao', 'nivel1', 27, 4, 'tipo de serviço', 4, 7, 1143, 0, '2018-11-21 18:28:28', '2018-11-21 18:32:27'),
(1147, 31, 386, 'baixa', 'solucionado', 'chat', 'solicitacao', 'nivel2', 127, 5, 'visto a possibilidade do sistema ser acessado via VPN, fizemos alguns teste e adicionamos IP no pghba, vão tesdtar após as 18 hrs.', 4, 2, 1144, 0, '2018-11-21 18:30:48', '2018-11-21 19:13:48'),
(1148, 15, 14, 'baixa', 'solucionado', 'telefone', 'solicitacao', 'nivel2', 122, 6, 'salvo o arquivo com todo o ano de 2014', 4, 8, 1145, 0, '2018-11-21 18:51:35', '2018-11-21 18:52:22'),
(1149, 94, 143, 'baixa', 'solucionado', 'telefone', 'solicitacao', 'nivel2', 38, 7, 'Verificado backup.', 4, 9, 1146, 0, '2018-11-21 18:58:32', '2018-11-21 19:26:19'),
(1150, 29, 34, 'baixa', 'solucionado', 'chat', 'solicitacao', 'nivel1', 13, 2, 'Criado Miinuta', 4, 3, 1147, 0, '2018-11-21 19:19:11', '2018-11-21 19:33:11'),
(1151, 110, 387, 'baixa', 'solucionado', 'telefone', 'solicitacao', 'nivel2', 117, 5, 'configurado relatório de consulta de pessoas juridicas.', 4, 2, 1148, 0, '2018-11-21 19:21:26', '2018-11-22 10:33:12'),
(1152, 128, 82, 'baixa', 'solucionado', 'chat', 'solicitacao', 'nivel1', 13, 2, 'Criado minuta e alterado permissões', 4, 3, 1149, 0, '2018-11-22 10:41:08', '2018-11-22 10:54:00'),
(1153, 42, 282, 'baixa', 'solucionado', 'chat', 'solicitacao', 'nivel2', 81, 5, 'Tirado dúvida sobre lançamento em caixa.', 4, 2, 1150, 0, '2018-11-22 10:41:43', '2018-11-22 10:53:45'),
(1154, 43, 213, 'baixa', 'solucionado', 'chat', 'solicitacao', 'nivel2', 130, 7, 'Criado e alterado etiquetas no office 2007 para importar no IMOB de Sarandi.', 4, 9, 1151, 0, '2018-11-22 10:44:17', '2018-11-22 11:58:50'),
(1155, 45, 112, 'baixa', 'solucionado', 'chat', 'solicitacao', 'nivel2', 124, 6, 'explicado como mudar o modelo de ficha', 4, 8, 1152, 0, '2018-11-22 10:51:59', '2018-11-22 11:11:14'),
(1156, 7, 6, 'baixa', 'solucionado', 'chat', 'solicitacao', 'nivel1', 13, 4, 'o usuário solicitou para associar classe à natureza formal, mas na situação que se encontrava era necessário excluir os atos, pois precisava alterar a minuta que estava em outra classe', 4, 7, 1153, 0, '2018-11-22 10:52:22', '2018-11-22 11:02:11'),
(1157, 20, 20, 'baixa', 'solucionado', 'chat', 'solicitacao', 'nivel1', 1, 2, 'Desregistrado', 4, 3, 1154, 0, '2018-11-22 10:59:34', '2018-11-22 11:01:26'),
(1158, 13, 204, 'baixa', 'solucionado', 'chat', 'solicitacao', 'nivel2', 43, 5, 'apenas mostrado como remesclar o recibo.', 4, 2, 1155, 0, '2018-11-22 11:01:30', '2018-11-22 11:12:33'),
(1159, 11, 10, 'baixa', 'solucionado', 'chat', 'solicitacao', 'nivel1', 13, 4, 'minuta', 4, 7, 1156, 0, '2018-11-22 11:05:26', '2018-11-22 11:21:12'),
(1160, 60, 180, 'baixa', 'solucionado', 'chat', 'solicitacao', 'nivel2', 4, 5, 'Criado Naturezas formais e repassado nível 2 criar normas para poder criar tipo de serviço.', 4, 3, 1157, 0, '2018-11-22 11:05:49', '2018-11-22 11:23:34'),
(1161, 128, 82, 'baixa', 'solucionado', 'chat', 'solicitacao', 'nivel1', 21, 2, 'Permissão diferente da que havia passado anterioremente', 4, 3, 1158, 0, '2018-11-22 11:28:05', '2018-11-22 11:42:02'),
(1162, 118, 127, 'baixa', 'solucionado', 'chat', 'solicitacao', 'nivel1', 13, 4, 'minuta', 4, 7, 1159, 0, '2018-11-22 11:28:33', '2018-11-22 11:34:24'),
(1163, 19, 19, 'baixa', 'solucionado', 'chat', 'solicitacao', 'nivel2', 99, 6, 'criado modelo de oficio enviado, revertido situação de protocolo, removido o reprotocolar no banco', 4, 8, 1160, 0, '2018-11-22 11:37:17', '2018-11-22 12:02:01'),
(1164, 3, 383, 'baixa', 'solucionado', 'chat', 'solicitacao', 'nivel1', 1, 4, 'foi marcado a opção ativa na transcrição e foi possível alterar, ', 4, 7, 1161, 0, '2018-11-22 11:40:44', '2018-11-22 11:55:37'),
(1165, 55, 324, 'baixa', 'solucionado', 'chat', 'solicitacao', 'nivel1', 132, 2, 'Configurado impressora para imprimir todos documentos', 4, 3, 1162, 0, '2018-11-22 11:46:10', '2018-11-22 11:59:18'),
(1166, 43, 278, 'baixa', 'solucionado', 'chat', 'solicitacao', 'nivel2', 124, 5, 'Alterado cabeçalho de intimação.', 4, 2, 1163, 0, '2018-11-22 11:58:37', '2018-11-22 12:02:28'),
(1167, 11, 238, 'baixa', 'solucionado', 'chat', 'solicitacao', 'nivel1', 20, 4, 'encerrado matrícula', 4, 7, 1164, 0, '2018-11-22 11:58:58', '2018-11-22 12:00:17'),
(1168, 3, 103, 'baixa', 'solucionado', 'chat', 'solicitacao', 'nivel1', 17, 2, 'Excluído ato', 4, 3, 1165, 0, '2018-11-22 11:59:24', '2018-11-22 12:02:48'),
(1169, 32, 97, 'baixa', 'solucionado', 'chat', 'solicitacao', 'nivel2', 41, 7, 'Verificado problema com matrícula. Liberado versão 5.6.6.0.', 4, 9, 1166, 0, '2018-11-22 12:04:52', '2018-11-22 12:17:01'),
(1170, 106, 115, 'baixa', 'solucionado', 'chat', 'solicitacao', 'nivel2', 43, 6, 'criado papel e feito um novo modelo de documento no office 2016, no micro da Matilde resolveu, mas ela saiu e não conseguimos logar no outro micro para fazer o mesmo e o usuário da Gicele não tem permissão para criar papel', 4, 8, 1167, 0, '2018-11-22 12:05:34', '2018-11-22 13:28:56'),
(1171, 31, 151, 'baixa', 'solucionado', 'chat', 'solicitacao', 'nivel2', 81, 5, 'Alterado tipo de serviço de Averbação de RA.', 4, 2, 1168, 0, '2018-11-22 12:06:04', '2018-11-22 12:16:09'),
(1172, 25, 265, 'baixa', 'solucionado', 'chat', 'solicitacao', 'nivel2', 127, 7, 'Instalado OpenXML que estava faltando.', 4, 9, 1169, 0, '2018-11-22 12:19:40', '2018-11-22 12:39:51'),
(1173, 109, 149, 'baixa', 'solucionado', 'chat', 'solicitacao', 'nivel2', 18, 5, 'Tirado dúvida sore servidor e registro eletrônico. ', 4, 2, 1170, 0, '2018-11-22 12:24:34', '2018-11-22 12:36:12'),
(1174, 54, 104, 'baixa', 'solucionado', 'chat', 'solicitacao', 'nivel1', 21, 4, '', 4, 7, 1171, 0, '2018-11-22 12:33:33', '2018-11-22 12:51:36'),
(1175, 154, 327, 'baixa', 'solucionado', 'chat', 'solicitacao', 'nivel2', 43, 5, 'Arrumado modelo de ficha para imprimir sem espaços, na matrícula e registro auxiliar.', 4, 2, 1172, 0, '2018-11-22 12:39:55', '2018-11-22 13:59:38'),
(1176, 25, 28, 'baixa', 'solucionado', 'chat', 'solicitacao', 'nivel2', 81, 7, 'Criado norma da Tabela IX - Item I', 4, 9, 1173, 0, '2018-11-22 12:46:43', '2018-11-22 13:01:26'),
(1177, 118, 198, 'baixa', 'solucionado', 'chat', 'solicitacao', 'nivel1', 13, 2, 'Criado Minuta', 4, 3, 1174, 0, '2018-11-22 12:47:59', '2018-11-22 13:00:16'),
(1178, 20, 20, 'baixa', 'solucionado', 'telefone', 'solicitacao', 'nivel1', 24, 2, 'Liberado Transação', 4, 3, 1175, 0, '2018-11-22 12:50:46', '2018-11-22 12:54:56'),
(1179, 93, 235, 'baixa', 'solucionado', 'chat', 'solicitacao', 'nivel2', 64, 7, 'Criado item pré definido.', 4, 9, 1176, 0, '2018-11-22 13:06:48', '2018-11-22 13:21:50'),
(1180, 26, 31, 'baixa', 'solucionado', 'chat', 'solicitacao', 'nivel1', 9, 4, 'alterado data de registro e data de requisição de selo', 4, 7, 1177, 0, '2018-11-22 13:10:24', '2018-11-22 13:16:15'),
(1181, 8, 388, 'baixa', 'solucionado', 'chat', 'solicitacao', 'nivel1', 14, 2, 'Ela vai retornar mais tarde', 4, 3, 1178, 0, '2018-11-22 13:11:33', '2018-11-22 13:16:12'),
(1182, 128, 82, 'baixa', 'solucionado', 'chat', 'solicitacao', 'nivel1', 13, 4, 'minuta', 7, 7, 1179, 0, '2018-11-22 13:34:47', '2018-11-22 13:35:04'),
(1183, 118, 127, 'baixa', 'solucionado', 'chat', 'solicitacao', 'nivel1', 13, 2, 'Criado minuta', 4, 3, 1180, 0, '2018-11-22 13:49:42', '2018-11-22 13:54:00'),
(1184, 167, 389, 'baixa', 'solucionado', 'telefone', 'solicitacao', 'nivel1', 29, 4, 'alteração em modelos para suporte de troca de office', 4, NULL, 1181, 0, '2018-11-22 15:19:31', '0000-00-00 00:00:00'),
(1185, 8, 87, 'baixa', 'solucionado', 'chat', 'solicitacao', 'nivel1', 13, 2, 'Criado Minuta e unificado pessoas', 4, 3, 1182, 0, '2018-11-22 15:25:45', '2018-11-22 15:50:35'),
(1186, 154, 327, 'baixa', 'solucionado', 'chat', 'solicitacao', 'nivel2', 97, 5, 'Arrumado impressão de matrícula e ensinado a imprimir protocolo.', 4, 2, 1183, 0, '2018-11-22 15:32:03', '2018-11-22 16:08:47'),
(1187, 23, 25, 'baixa', 'solucionado', 'chat', 'solicitacao', 'nivel1', 1, 2, 'Desregistrado', 4, 3, 1184, 0, '2018-11-22 15:41:22', '2018-11-22 15:49:26'),
(1188, 2, 257, 'baixa', 'solucionado', 'chat', 'solicitacao', 'nivel2', 127, 6, 'tinham associado todas os serviços na natureza formal', 4, 8, 1185, 0, '2018-11-22 15:41:47', '2018-11-22 15:51:04'),
(1189, 71, 90, 'baixa', 'solucionado', 'telefone', 'solicitacao', 'nivel2', 18, 7, 'Conversado a respeito do Provimento 74', 4, 9, 1186, 0, '2018-11-22 15:42:18', '2018-11-22 15:48:48'),
(1190, 27, 211, 'baixa', 'solucionado', 'chat', 'solicitacao', 'nivel2', 80, 7, 'Configurado serviços e modelo de certidão. Unificado fichas.', 4, 9, 1187, 0, '2018-11-22 15:54:28', '2018-11-22 16:30:51'),
(1191, 62, 390, 'baixa', 'solucionado', 'chat', 'solicitacao', 'nivel2', 127, 6, 'um ato retroativo estava com data errada', 4, 8, 1188, 0, '2018-11-22 15:57:20', '2018-11-22 16:02:24'),
(1192, 5, 391, 'baixa', 'solucionado', 'chat', 'solicitacao', 'nivel1', 1, 2, 'Desregistrado', 4, 3, 1189, 0, '2018-11-22 15:57:40', '2018-11-22 15:58:01'),
(1193, 109, 149, 'baixa', 'solucionado', 'chat', 'solicitacao', 'nivel2', 121, 5, 'Visto erro em exportar registro eletrônico.', 4, 2, 1190, 0, '2018-11-22 16:19:33', '2018-11-22 17:20:05'),
(1194, 106, 115, 'baixa', 'solucionado', 'chat', 'solicitacao', 'nivel2', 43, 6, 'criado model ode documento novo, papel na impressora e por fim invertido a orientação do papel', 4, 8, 1191, 0, '2018-11-22 16:22:28', '2018-11-22 17:29:26'),
(1195, 3, 203, 'baixa', 'solucionado', 'chat', 'solicitacao', 'nivel1', 1, 2, 'Resolvido junto ao telefone', 4, 3, 1192, 0, '2018-11-22 16:33:52', '2018-11-22 16:56:18'),
(1196, 15, 14, 'baixa', 'solucionado', 'telefone', 'solicitacao', 'nivel1', 24, 2, 'Liberado transação ', 4, 3, 1193, 0, '2018-11-22 16:43:49', '2018-11-22 16:48:47'),
(1197, 10, 392, 'baixa', 'solucionado', 'chat', 'solicitacao', 'nivel2', 70, 7, 'Auxiliado com selo não enviado.', 4, 9, 1194, 0, '2018-11-22 16:45:08', '2018-11-22 17:08:28'),
(1198, 67, 184, 'baixa', 'solucionado', 'telefone', 'solicitacao', 'nivel2', 18, 5, 'tirado dúvida sobre servidor extra.', 4, 2, 1195, 0, '2018-11-22 16:45:27', '2018-11-22 17:44:55'),
(1199, 118, 172, 'baixa', 'solucionado', 'chat', 'solicitacao', 'nivel1', 13, 2, 'Já existia minuta', 4, 3, 1196, 0, '2018-11-22 17:09:31', '2018-11-22 17:11:34'),
(1200, 43, 49, 'baixa', 'solucionado', 'chat', 'solicitacao', 'nivel1', 1, 2, 'Desregistrado', 4, 3, 1197, 0, '2018-11-22 17:29:31', '2018-11-22 17:30:56'),
(1201, 18, 280, 'baixa', 'solucionado', 'chat', 'solicitacao', 'nivel2', 69, 7, 'Verificado selos disponíveis e exportado em CSV para conferência.', 4, 9, 1198, 0, '2018-11-22 17:36:12', '2018-11-22 18:47:16'),
(1202, 117, 141, 'baixa', 'solucionado', 'chat', 'solicitacao', 'nivel1', 13, 2, 'Criado Minuta', 4, 3, 1199, 0, '2018-11-22 17:36:47', '2018-11-22 17:40:12'),
(1203, 27, 211, 'baixa', 'solucionado', 'chat', 'solicitacao', 'nivel2', 81, 6, 'criado norma, composição, tipo de custa e tipos de serviços', 4, 8, 1200, 0, '2018-11-22 17:40:52', '2018-11-22 18:12:35'),
(1204, 93, 235, 'baixa', 'solucionado', 'chat', 'solicitacao', 'nivel1', 13, 2, 'Criado tipo de serviço', 4, 3, 1201, 0, '2018-11-22 17:45:03', '2018-11-22 17:58:26'),
(1205, 20, 20, 'baixa', 'solucionado', 'chat', 'solicitacao', 'nivel2', 127, 5, 'Explicado sobre erro no Registro  Eletrônico, e feito SQL para listar matrículas digitalizadas com mais de 60 páginas.', 4, 2, 1202, 0, '2018-11-22 17:47:49', '2018-11-22 19:33:33'),
(1206, 36, 218, 'baixa', 'solucionado', 'chat', 'solicitacao', 'nivel1', 15, 4, 'associado classe à natureza formal', 4, 7, 1203, 0, '2018-11-22 17:53:16', '2018-11-22 17:56:46'),
(1207, 75, 393, 'baixa', 'solucionado', 'chat', 'solicitacao', 'nivel2', 74, 7, 'Alterado comprovante de recepção.', 4, 9, 1204, 0, '2018-11-22 18:02:10', '2018-11-22 19:14:57'),
(1208, 42, 298, 'baixa', 'solucionado', 'chat', 'solicitacao', 'nivel1', 1, 2, 'Desregistrado', 4, 3, 1205, 0, '2018-11-22 18:02:37', '2018-11-22 18:07:05'),
(1209, 45, 53, 'baixa', 'solucionado', 'chat', 'solicitacao', 'nivel1', 1, 4, 'desregistrado atos e criado itens pré-definidos', 4, 7, 1206, 0, '2018-11-22 18:05:41', '2018-11-22 18:20:19'),
(1210, 124, 173, 'baixa', 'solucionado', 'chat', 'solicitacao', 'nivel1', 13, 2, 'Criado minuta, tipo de serviço e retirado duvidas', 4, 3, 1207, 0, '2018-11-22 18:09:14', '2018-11-22 18:50:58'),
(1211, 48, 287, 'baixa', 'solucionado', 'chat', 'solicitacao', 'nivel2', 100, 6, 'trocado por SQL', 4, 8, 1208, 0, '2018-11-22 18:16:37', '2018-11-22 18:19:47'),
(1212, 165, 351, 'baixa', 'solucionado', 'chat', 'solicitacao', 'nivel2', 114, 5, 'erro ao atualizar o banco de dados, porque foi tentado fazer no meio do expediente. Arrumado pelo banco de dados.', 4, 2, 1209, 0, '2018-11-22 18:28:15', '2018-11-22 19:30:32'),
(1213, 6, 250, 'baixa', 'solucionado', 'chat', 'solicitacao', 'nivel2', 28, 6, 'unificado. Alguém tinha unificado junto uns da prefeitura de Bela Vista e também umas pessoas físicas, deu o maior trabalho arrumar no banco de dados', 4, 8, 1210, 0, '2018-11-22 18:32:10', '2018-11-22 20:03:07'),
(1214, 118, 198, 'baixa', 'solucionado', 'chat', 'solicitacao', 'nivel1', 13, 2, 'Criado Minuta', 4, 3, 1211, 0, '2018-11-22 18:32:32', '2018-11-22 18:48:09'),
(1215, 110, 70, 'baixa', 'solucionado', 'chat', 'solicitacao', 'nivel1', 1, 4, 'desregistrado atos', 4, 7, 1212, 0, '2018-11-22 18:48:53', '2018-11-22 19:13:33'),
(1216, 48, 287, 'baixa', 'solucionado', 'chat', 'solicitacao', 'nivel1', 13, 2, 'Alterado natureza de protocolo', 4, 3, 1213, 0, '2018-11-22 18:55:15', '2018-11-22 19:09:42'),
(1217, 3, 30, 'baixa', 'solucionado', 'chat', 'solicitacao', 'nivel1', 1, 2, 'Desregistrado', 4, 3, 1214, 0, '2018-11-22 19:09:45', '2018-11-22 19:12:12'),
(1218, 1, 108, 'baixa', 'solucionado', 'chat', 'solicitacao', 'nivel1', 27, 2, 'Criado natureza formal e tipo de serviço', 4, 3, 1215, 0, '2018-11-22 19:16:15', '2018-11-22 19:21:42'),
(1219, 15, 14, 'baixa', 'solucionado', 'telefone', 'solicitacao', 'nivel2', 122, 6, 'deixei gerando novamente a carga inicial de 2014 com o CNS correto', 8, 8, 1216, 0, '2018-11-22 20:03:54', '2018-11-22 20:07:35'),
(1220, 44, 150, 'baixa', 'solucionado', 'chat', 'solicitacao', 'nivel2', 18, 7, 'Auxiliado com ficha de pessoa.', 4, 9, 1217, 0, '2018-11-23 10:38:55', '2018-11-23 10:42:10'),
(1221, 117, 141, 'baixa', 'solucionado', 'chat', 'solicitacao', 'nivel2', 124, 5, 'Configurado tipo de serviço e norma nova, do provimento 37, e criado 4 certidões de ônus e ações.', 4, 2, 1218, 0, '2018-11-23 10:55:19', '2018-11-23 12:30:43'),
(1222, 145, 199, 'baixa', 'solucionado', 'chat', 'solicitacao', 'nivel1', 1, 4, 'desregistrado atos', 4, 7, 1219, 0, '2018-11-23 10:58:26', '2018-11-23 11:04:40'),
(1223, 7, 4, 'baixa', 'solucionado', 'chat', 'solicitacao', 'nivel1', 1, 2, 'Desregistrado ato de matricula', 4, 3, 1220, 0, '2018-11-23 10:59:27', '2018-11-23 11:00:23'),
(1224, 1, 8, 'baixa', 'solucionado', 'chat', 'solicitacao', 'nivel2', 99, 6, 'alterado as variáveis do comprovante de recepção', 4, 8, 1221, 0, '2018-11-23 11:03:42', '2018-11-23 12:09:24'),
(1225, 1, 161, 'baixa', 'solucionado', 'telefone', 'solicitacao', 'nivel2', 117, 7, 'Importado consulta para listar as pessoas jurídicas com propriedades no cartório.', 4, 9, 1222, 0, '2018-11-23 11:17:38', '2018-11-23 11:26:24'),
(1226, 118, 198, 'baixa', 'solucionado', 'chat', 'solicitacao', 'nivel1', 13, 4, 'minuta', 4, 7, 1223, 0, '2018-11-23 11:24:29', '2018-11-23 11:56:04'),
(1227, 56, 394, 'baixa', 'solucionado', 'chat', 'solicitacao', 'nivel2', 91, 7, 'Auxiliado com cadastro de matrícula.', 4, 9, 1224, 0, '2018-11-23 11:37:04', '2018-11-23 11:39:12'),
(1228, 13, 204, 'baixa', 'solucionado', 'chat', 'solicitacao', 'nivel1', 1, 2, 'Problema no módulo de clausula, repassado para o Sávio', 4, 3, 1225, 0, '2018-11-23 11:40:28', '2018-11-23 12:00:21'),
(1229, 2, 1, 'baixa', 'solucionado', 'chat', 'solicitacao', 'nivel2', 117, 7, 'Importado consulta para listar pessoas jurídicas com propriedades.', 4, 9, 1226, 0, '2018-11-23 11:42:43', '2018-11-23 11:49:26'),
(1230, 145, 199, 'baixa', 'solucionado', 'chat', 'solicitacao', 'nivel1', 1, 4, 'desregistrado atos', 4, 7, 1227, 0, '2018-11-23 11:50:21', '2018-11-23 11:55:46'),
(1231, 20, 20, 'baixa', 'solucionado', 'chat', 'solicitacao', 'nivel2', 116, 6, 'dado permissão e repassado nível 2 alterar e criar variáveis', 4, 3, 1228, 0, '2018-11-23 11:50:47', '2018-11-23 12:21:43'),
(1232, 151, 395, 'baixa', 'solucionado', 'chat', 'solicitacao', 'nivel2', 127, 7, 'Iniciado banco de dados após exclusão do arquivo backup_label. Agendado backup para hoje 23/11/2018 às 16:00 e amanhã 24 para às 10:00.', 4, 9, 1229, 0, '2018-11-23 11:53:42', '2018-11-23 12:06:46'),
(1233, 19, 120, 'baixa', 'solucionado', 'chat', 'solicitacao', 'nivel1', 1, 4, 'desregistrado atos', 4, 7, 1230, 0, '2018-11-23 12:03:41', '2018-11-23 12:47:41'),
(1234, 72, 121, 'baixa', 'solucionado', 'chat', 'solicitacao', 'nivel2', 70, 7, 'Liberado transação para tabela selopr voltar a poder ser utilizada.', 4, 9, 1231, 0, '2018-11-23 12:12:48', '2018-11-23 12:20:17'),
(1235, 54, 361, 'baixa', 'solucionado', 'chat', 'solicitacao', 'nivel2', 81, 6, 'encerrado pelo banco de dados, pelo IMOB estava dando erro de valores pendentes', 4, 8, 1232, 0, '2018-11-23 12:14:14', '2018-11-23 12:52:40'),
(1236, 25, 265, 'baixa', 'solucionado', 'chat', 'solicitacao', 'nivel2', 127, 5, 'reparado office para resolver problema de word.', 4, 2, 1233, 0, '2018-11-23 12:22:01', '2018-11-23 12:35:10'),
(1237, 93, 235, 'baixa', 'solucionado', 'chat', 'solicitacao', 'nivel2', 97, 7, 'Auxiliado com exclusão de serviços extras.', 4, 9, 1234, 0, '2018-11-23 12:23:43', '2018-11-23 13:00:35'),
(1238, 167, 389, 'baixa', 'solucionado', 'telefone', 'solicitacao', 'nivel1', 30, 4, 'configurado modelos de documento para troca de office', 4, 7, 1235, 0, '2018-11-23 12:24:34', '2018-11-23 14:56:30'),
(1239, 69, 247, 'baixa', 'solucionado', 'chat', 'solicitacao', 'nivel1', 1, 2, 'Desregistrado', 4, 3, 1236, 0, '2018-11-23 12:25:07', '2018-11-23 12:29:59'),
(1240, 2, 1, 'baixa', 'solucionado', 'telefone', 'solicitacao', 'nivel2', 18, 5, 'orientado como arrumar matrículas que foram cadastrado errado.', 4, 2, 1237, 0, '2018-11-23 12:38:43', '2018-11-23 13:16:04'),
(1241, 50, 62, 'baixa', 'solucionado', 'chat', 'solicitacao', 'nivel1', 13, 2, 'Associado minuta, ela não respondeu mais, mas estava associado', 4, 3, 1238, 0, '2018-11-23 12:47:44', '2018-11-23 13:04:07'),
(1242, 117, 141, 'baixa', 'solucionado', 'chat', 'solicitacao', 'nivel2', 124, 7, 'Criado modelo de certidão e tipo de serviço.', 4, 9, 1239, 0, '2018-11-23 13:11:46', '2018-11-23 13:29:40'),
(1243, 161, 396, 'baixa', 'solucionado', 'chat', 'solicitacao', 'nivel1', 1, 2, 'Desregistrado', 4, 3, 1240, 0, '2018-11-23 13:13:09', '2018-11-23 13:14:25'),
(1244, 157, 358, 'baixa', 'solucionado', 'chat', 'solicitacao', 'nivel2', 113, 5, 'Erro ao iniciar o IMOB nas máquinas , o IP do servidor havia mudado.', 4, 2, 1241, 0, '2018-11-23 13:20:35', '2018-11-23 13:54:39'),
(1245, 122, 169, 'baixa', 'solucionado', 'telefone', 'solicitacao', 'nivel2', 40, 7, 'Verificado backup.', 4, 9, 1242, 0, '2018-11-23 13:32:34', '2018-11-23 15:22:55'),
(1246, 61, 333, 'baixa', 'solucionado', 'chat', 'solicitacao', 'nivel2', 127, 5, 'erro nos imob, mas conferido no servidor não tinha erros, cliente voltará quando ocorrer novamente', 4, 2, 1243, 0, '2018-11-23 15:15:49', '2018-11-23 15:37:02'),
(1247, 75, 393, 'baixa', 'solucionado', 'chat', 'solicitacao', 'nivel2', 97, 7, 'Auxiliado com comprovante de recepção e permissão de usuários.', 4, 9, 1244, 0, '2018-11-23 15:32:44', '2018-11-23 16:17:51'),
(1248, 43, 181, 'baixa', 'solucionado', 'chat', 'solicitacao', 'nivel2', 43, 6, 'criado papel mas não resolveu, ela ia chamar o técnico', 4, 8, 1245, 0, '2018-11-23 15:53:47', '2018-11-23 17:08:52'),
(1249, 54, 362, 'baixa', 'solucionado', 'chat', 'solicitacao', 'nivel2', 127, 5, 'Vai ser preciso reinstalar  iMOB e Framework, as 5 da tarde eles entrarão em contato.', 4, 2, 1246, 0, '2018-11-23 16:00:08', '2018-11-23 16:25:07'),
(1250, 153, 397, 'baixa', 'solucionado', 'chat', 'solicitacao', 'nivel1', 21, 4, 'permissão', 4, 7, 1247, 0, '2018-11-23 16:02:56', '2018-11-23 16:17:02'),
(1251, 28, 33, 'baixa', 'solucionado', 'telefone', 'solicitacao', 'nivel1', 120, 2, 'Baixado arquivo', 4, 3, 1248, 0, '2018-11-23 16:05:23', '2018-11-23 16:15:21'),
(1252, 72, 121, 'baixa', 'solucionado', 'chat', 'solicitacao', 'nivel2', 70, 7, 'Liberado transação e verificado permissões de usuários.', 4, 9, 1249, 0, '2018-11-23 16:20:45', '2018-11-23 16:31:58'),
(1253, 118, 198, 'baixa', 'solucionado', 'chat', 'solicitacao', 'nivel1', 13, 4, 'minuta', 4, 7, 1250, 0, '2018-11-23 16:26:02', '2018-11-23 16:43:54'),
(1254, 32, 97, 'baixa', 'solucionado', 'chat', 'solicitacao', 'nivel2', 68, 5, 'desvinculado selos e desregistrado matrícula. ', 4, 2, 1251, 0, '2018-11-23 16:33:10', '2018-11-23 17:40:16'),
(1255, 75, 393, 'baixa', 'solucionado', 'chat', 'solicitacao', 'nivel1', 21, 2, 'Alterado permissões de usuários', 4, 3, 1252, 0, '2018-11-23 16:39:49', '2018-11-23 16:53:58'),
(1256, 28, 33, 'baixa', 'solucionado', 'chat', 'solicitacao', 'nivel2', 81, 7, 'Alterado norma de cálculo e tipo de serviço.', 4, 9, 1253, 0, '2018-11-23 16:40:13', '2018-11-23 17:02:31'),
(1257, 3, 79, 'baixa', 'solucionado', 'chat', 'solicitacao', 'nivel2', 117, 7, 'Importado consulta que lista pessoa jurídicas com propriedades no cartório.', 4, 9, 1254, 0, '2018-11-23 17:08:53', '2018-11-23 17:18:58'),
(1258, 162, 398, 'baixa', 'solucionado', 'chat', 'solicitacao', 'nivel1', 18, 4, 'removido o atalho e adicionado novamente, pois o atalho estava com o login e senha automáticos', 4, 7, 1255, 0, '2018-11-23 17:14:04', '2018-11-23 17:16:14'),
(1259, 118, 198, 'baixa', 'solucionado', 'chat', 'solicitacao', 'nivel1', 13, 2, 'Minuta criada', 4, 3, 1256, 0, '2018-11-23 17:16:10', '2018-11-23 17:28:45'),
(1260, 42, 71, 'baixa', 'solucionado', 'chat', 'solicitacao', 'nivel1', 13, 4, 'minuta', 4, 7, 1257, 0, '2018-11-23 17:18:26', '2018-11-23 17:25:12'),
(1261, 15, 14, 'baixa', 'solucionado', 'telefone', 'solicitacao', 'nivel1', 21, 2, 'Permissão', 4, 3, 1258, 0, '2018-11-23 17:18:56', '2018-11-23 17:35:46'),
(1262, 20, 20, 'baixa', 'solucionado', 'chat', 'solicitacao', 'nivel2', 127, 6, 'apaguei a imagem pela tela da matrícula, por algum motivo pela tela de digitalização não apagou e nem deixava digitalizar mais, simplesmente não fazia nada ao digitalizar', 4, 8, 1259, 0, '2018-11-23 17:29:13', '2018-11-23 17:47:57'),
(1263, 67, 399, 'baixa', 'solucionado', 'chat', 'solicitacao', 'nivel1', 60, 4, 'instalado programa relatório do funrejus', 4, 7, 1260, 0, '2018-11-23 17:30:26', '2018-11-23 17:57:52'),
(1264, 6, 56, 'baixa', 'pendente', 'chat', 'solicitacao', 'nivel2', 88, 7, 'Aguardando resolução!', 4, NULL, 1261, 0, '2018-11-23 17:35:08', '0000-00-00 00:00:00'),
(1265, 118, 127, 'baixa', 'solucionado', 'chat', 'solicitacao', 'nivel1', 13, 2, 'Criado Minuta', 4, 3, 1262, 0, '2018-11-23 17:38:02', '2018-11-23 17:42:53'),
(1266, 56, 394, 'baixa', 'solucionado', 'chat', 'solicitacao', 'nivel2', 74, 5, 'Configurado modelo de re recepção e recibo de recepção.', 4, 2, 1263, 0, '2018-11-23 17:47:18', '2018-11-23 19:32:36'),
(1267, 69, 353, 'baixa', 'solucionado', 'chat', 'solicitacao', 'nivel1', 1, 2, 'Desregistrado', 4, 3, 1264, 0, '2018-11-23 17:57:37', '2018-11-23 18:05:06'),
(1268, 15, 400, 'baixa', 'solucionado', 'telefone', 'solicitacao', 'nivel1', 17, 4, 'apagar registro anterior da matrícula 58038', 4, 7, 1265, 0, '2018-11-23 18:09:50', '2018-11-23 18:11:07'),
(1269, 157, 358, 'baixa', 'solucionado', 'chat', 'solicitacao', 'nivel2', 127, 6, 'liberado transações, adicionado exceção no antivirus pra pasta data, parado e iniciado o banco novamente e atualizado o IMOB', 4, 8, 1266, 0, '2018-11-23 18:10:15', '2018-11-23 18:26:02'),
(1270, 48, 287, 'baixa', 'solucionado', 'chat', 'solicitacao', 'nivel1', 13, 2, 'Vai voltar terça', 4, 3, 1267, 0, '2018-11-23 18:18:29', '2018-11-23 18:39:26'),
(1271, 118, 127, 'baixa', 'solucionado', 'chat', 'solicitacao', 'nivel1', 13, 4, 'minuta', 4, 7, 1268, 0, '2018-11-23 18:20:38', '2018-11-23 18:29:09'),
(1272, 54, 104, 'baixa', 'solucionado', 'chat', 'solicitacao', 'nivel1', 13, 4, '', 4, 7, 1269, 0, '2018-11-23 18:37:18', '2018-11-23 18:53:43'),
(1273, 161, 401, 'baixa', 'solucionado', 'chat', 'solicitacao', 'nivel1', 9, 2, 'Alterado data de ato', 4, 3, 1270, 0, '2018-11-23 18:44:50', '2018-11-23 19:03:20'),
(1274, 19, 402, 'baixa', 'solucionado', 'chat', 'solicitacao', 'nivel2', 18, 6, 'criado composição, norma e serviços', 4, 8, 1271, 0, '2018-11-23 18:52:11', '2018-11-23 19:22:18'),
(1275, 120, 226, 'baixa', 'solucionado', 'telefone', 'solicitacao', 'nivel1', 24, 4, 'liberado transações pendentes no banco de dados', 4, 7, 1272, 0, '2018-11-23 19:04:14', '2018-11-23 19:05:22'),
(1276, 123, 403, 'baixa', 'solucionado', 'chat', 'solicitacao', 'nivel1', 27, 2, 'Criado tipo de serviço', 4, 3, 1273, 0, '2018-11-23 19:12:36', '2018-11-23 19:15:29'),
(1277, 7, 6, 'baixa', 'solucionado', 'chat', 'solicitacao', 'nivel1', 1, 4, 'desregistrado ato', 4, 7, 1274, 0, '2018-11-23 19:25:52', '2018-11-23 19:29:28'),
(1278, 96, 77, 'baixa', 'solucionado', 'chat', 'problema', 'nivel2', 113, 8, 'servidor desligado durante o backup. O HD da máquina esta cheio.', 4, 10, 1275, 0, '2018-11-26 10:44:54', '2018-11-26 11:37:22'),
(1279, 1, 161, 'baixa', 'solucionado', 'telefone', 'solicitacao', 'nivel2', 117, 5, 'Colocado filtro para matrículas que não estão encerradas apenas na consulta de pessoas jurídicas que tem propriedades. ', 4, 2, 1276, 0, '2018-11-26 11:24:08', '2018-11-26 11:26:48'),
(1280, 16, 404, 'baixa', 'solucionado', 'chat', 'solicitacao', 'nivel2', 18, 6, 'explicado sobre a data do ato', 4, 8, 1277, 0, '2018-11-26 11:43:46', '2018-11-26 11:47:55'),
(1281, 15, 14, 'baixa', 'solucionado', 'telefone', 'solicitacao', 'nivel2', 135, 5, 'Atualizado sistema', 4, 2, 1278, 0, '2018-11-26 11:53:19', '2018-11-26 12:06:43'),
(1282, 167, 405, 'baixa', 'solucionado', 'chat', 'solicitacao', 'nivel1', 30, 4, '', 4, 7, 1279, 0, '2018-11-26 11:57:12', '2018-11-26 17:02:35'),
(1283, 106, 115, 'baixa', 'solucionado', 'chat', 'solicitacao', 'nivel2', 44, 6, 'criado papel na impressora. Alterado o modelo de ficha', 4, 8, 1280, 0, '2018-11-26 12:00:44', '2018-11-26 12:54:35'),
(1284, 55, 324, 'baixa', 'fechado', 'chat', 'solicitacao', 'nivel2', 13, 8, 'Criado minuta na classe de ônus, ela precisa que no tipo de ônus tenha opção impenhorabilidade mas o sistema não trata cláusula dessa forma, repassado nível 2 analisar se existe outra possibilidade. / Configurado modelo de certidão para tentar descrever os ônus e clausulas no texto da certidão.', 4, 3, 1281, 0, '2018-11-26 12:15:38', '2018-11-26 12:40:19'),
(1285, 37, 42, 'baixa', 'solucionado', 'chat', 'solicitacao', 'nivel1', 26, 4, 'alterado ip do servidor no configurador do imob', 4, 7, 1282, 0, '2018-11-26 12:31:24', '2018-11-26 13:21:27'),
(1286, 1, 8, 'baixa', 'solucionado', 'chat', 'solicitacao', 'nivel1', 27, 2, 'Criado Tipo de serviço', 4, 3, 1283, 0, '2018-11-26 12:31:50', '2018-11-26 12:45:06'),
(1287, 3, 406, 'baixa', 'solucionado', 'telefone', 'solicitacao', 'nivel2', 118, 5, 'Colocado na consulta de pessoas jurídicas para trazer apenas matriculas que não estão encerradas. ', 4, 2, 1284, 0, '2018-11-26 12:43:21', '2018-11-26 12:53:13'),
(1288, 98, 252, 'baixa', 'solucionado', 'chat', 'solicitacao', 'nivel2', 30, 5, 'Arrumado problema de incompatibilidade do office 2010 ´para  o office 2003 e orientado cliente a usar o mesmo office.', 4, 2, 1285, 0, '2018-11-26 12:56:09', '2018-11-26 13:54:56'),
(1289, 43, 200, 'baixa', 'solucionado', 'chat', 'solicitacao', 'nivel2', 43, 6, 'alterado o modelo de ficha', 4, 8, 1286, 0, '2018-11-26 12:56:32', '2018-11-26 13:42:16'),
(1290, 118, 127, 'baixa', 'solucionado', 'chat', 'solicitacao', 'nivel1', 13, 2, 'Criado Minuta', 4, 3, 1287, 0, '2018-11-26 13:10:21', '2018-11-26 13:20:18'),
(1291, 166, 407, 'baixa', 'solucionado', 'chat', 'solicitacao', 'nivel2', 100, 8, '', 4, 10, 1288, 0, '2018-11-26 13:29:02', '2018-11-26 15:12:43'),
(1292, 161, 158, 'baixa', 'solucionado', 'chat', 'solicitacao', 'nivel1', 1, 2, 'Desregistrado', 4, 3, 1289, 0, '2018-11-26 13:33:36', '2018-11-26 13:42:20'),
(1293, 154, 408, 'baixa', 'solucionado', 'chat', 'solicitacao', 'nivel2', 12, 6, 'precisa ver com o Alcindo', 4, 8, 1290, 0, '2018-11-26 13:47:13', '2018-11-26 13:52:30'),
(1294, 8, 409, 'baixa', 'solucionado', 'chat', 'solicitacao', 'nivel1', 22, 2, 'Criado Usuário ', 4, 3, 1291, 0, '2018-11-26 15:32:34', '2018-11-26 15:40:46'),
(1295, 106, 115, 'baixa', 'solucionado', 'chat', 'solicitacao', 'nivel2', 128, 5, 'A programação vai verificar porque não está exportando o PDF na consulta processo.', 4, 2, 1292, 0, '2018-11-26 15:50:10', '2018-11-26 16:18:48'),
(1296, 59, 175, 'baixa', 'solucionado', 'chat', 'solicitacao', 'nivel1', 1, 2, 'Desregistrado ato de matricula', 4, 3, 1293, 0, '2018-11-26 15:54:55', '2018-11-26 16:01:19'),
(1297, 38, 43, 'baixa', 'solucionado', 'chat', 'configuracao', 'nivel2', 75, 8, 'mexeram na minuta e tiraram as tags.', 4, 10, 1294, 0, '2018-11-26 16:07:02', '2018-11-26 16:22:00'),
(1298, 43, 49, 'baixa', 'solucionado', 'chat', 'solicitacao', 'nivel1', 1, 2, 'Desregistrado pelo banco de dados', 4, 3, 1295, 0, '2018-11-26 16:10:52', '2018-11-26 16:18:18'),
(1299, 59, 175, 'baixa', 'solucionado', 'chat', 'solicitacao', 'nivel1', 1, 2, 'Desregistrado ato de matricula', 4, 3, 1296, 0, '2018-11-26 16:17:23', '2018-11-26 16:22:37'),
(1300, 118, 172, 'baixa', 'solucionado', 'chat', 'solicitacao', 'nivel1', 13, 2, 'Criado Minuta', 4, 3, 1297, 0, '2018-11-26 16:32:06', '2018-11-26 16:38:20'),
(1301, 39, 297, 'baixa', 'solucionado', 'chat', 'duvida', 'nivel2', 38, 8, 'Duvida sobre backup no HD externo', 4, 10, 1298, 0, '2018-11-26 16:35:55', '2018-11-26 16:53:59'),
(1302, 71, 90, 'baixa', 'solucionado', 'chat', 'solicitacao', 'nivel2', 18, 6, 'ele vai fazer uma lista dos serviços e normas que precisa com desconto', 4, 8, 1299, 0, '2018-11-26 16:38:05', '2018-11-26 16:43:05'),
(1303, 161, 158, 'baixa', 'solucionado', 'chat', 'solicitacao', 'nivel1', 9, 2, 'Alterado data de atos', 4, 3, 1300, 0, '2018-11-26 16:43:13', '2018-11-26 16:54:13'),
(1304, 41, 48, 'baixa', 'solucionado', 'chat', 'solicitacao', 'nivel2', 81, 5, 'Alterado tipo de serviço.', 4, 2, 1301, 0, '2018-11-26 16:43:38', '2018-11-26 17:29:50'),
(1305, 149, 410, 'baixa', 'solucionado', 'chat', 'configuracao', 'nivel2', 84, 8, '', 4, 10, 1302, 0, '2018-11-26 16:57:56', '2018-11-26 17:07:19'),
(1306, 85, 230, 'baixa', 'solucionado', 'chat', 'solicitacao', 'nivel1', 17, 2, 'Orientado por telefone a fazer atos 1-2-3 retroativos e dar seguimento', 4, 3, 1303, 0, '2018-11-26 16:58:21', '2018-11-26 17:23:11'),
(1307, 71, 90, 'baixa', 'solucionado', 'chat', 'solicitacao', 'nivel2', 81, 6, 'explicado como devem preencher a planilha com os serviços novos e os que querem remover do sistema', 4, 8, 1304, 0, '2018-11-26 17:03:45', '2018-11-26 17:35:29'),
(1308, 110, 411, 'baixa', 'solucionado', 'chat', 'solicitacao', 'nivel1', 1, 4, 'desregistrado atos', 4, 7, 1305, 0, '2018-11-26 17:06:12', '2018-11-26 17:08:21'),
(1309, 29, 153, 'baixa', 'solucionado', 'chat', 'solicitacao', 'nivel2', 126, 8, 'deixam espaço em branco no fim do texto.', 4, 10, 1306, 0, '2018-11-26 17:13:07', '2018-11-26 17:26:24'),
(1310, 167, 405, 'baixa', 'solucionado', 'chat', 'problema', 'nivel2', 43, 8, 'office 365', 4, 10, 1307, 0, '2018-11-26 17:36:31', '2018-11-26 17:49:21'),
(1311, 68, 276, 'baixa', 'solucionado', 'chat', 'solicitacao', 'nivel1', 27, 2, 'Criado norma de serviço e tipo de serviço com desconto de 50% e funrejus valor fixo', 4, 3, 1308, 0, '2018-11-26 17:38:51', '2018-11-26 17:48:00'),
(1312, 2, 1, 'baixa', 'solucionado', 'chat', 'solicitacao', 'nivel2', 18, 5, 'Orientado a cadastrar atos da forma correta.', 4, 2, 1309, 0, '2018-11-26 17:46:53', '2018-11-26 18:31:43'),
(1313, 11, 107, 'baixa', 'solucionado', 'chat', 'solicitacao', 'nivel1', 13, 4, 'minuta', 4, 7, 1310, 0, '2018-11-26 17:50:58', '2018-11-26 18:11:51'),
(1314, 50, 62, 'baixa', 'solucionado', 'chat', 'solicitacao', 'nivel2', 91, 6, 'fiz a divisão para ela', 4, 8, 1311, 0, '2018-11-26 17:54:26', '2018-11-26 18:42:37'),
(1315, 69, 247, 'baixa', 'solucionado', 'chat', 'problema', 'nivel2', 81, 8, 'utilização incorreta dos serviços.', 4, 10, 1312, 0, '2018-11-26 18:21:45', '2018-11-26 18:22:54'),
(1316, 118, 127, 'baixa', 'solucionado', 'chat', 'solicitacao', 'nivel1', 13, 2, 'Criado Minuta', 4, 3, 1313, 0, '2018-11-26 18:34:58', '2018-11-26 18:37:08'),
(1317, 61, 412, 'baixa', 'solucionado', 'chat', 'solicitacao', 'nivel1', 25, 4, 'instaldado o imob', 4, 7, 1314, 0, '2018-11-26 18:36:31', '2018-11-26 18:55:01'),
(1318, 80, 413, 'baixa', 'solucionado', 'telefone', 'solicitacao', 'nivel2', 121, 5, 'Visto sobre erro de exportação de matrículas para prefeitura.', 4, 2, 1315, 0, '2018-11-26 18:50:50', '2018-11-26 19:16:18'),
(1319, 110, 70, 'baixa', 'solucionado', 'chat', 'solicitacao', 'nivel1', 1, 2, 'Desregistrado', 4, 3, 1316, 0, '2018-11-26 18:51:34', '2018-11-26 18:56:17'),
(1320, 79, 414, 'baixa', 'solucionado', 'chat', 'solicitacao', 'nivel2', 127, 6, 'liberado transação, adiciona exceção no antivirus e liberado uma versão nova', 4, 8, 1317, 0, '2018-11-26 19:00:31', '2018-11-26 19:30:46'),
(1321, 15, 14, 'baixa', 'solucionado', 'telefone', 'solicitacao', 'nivel2', 100, 5, 'Mudado protocolo e serviço de guia. ', 4, 2, 1318, 0, '2018-11-27 10:43:27', '2018-11-27 11:17:00'),
(1322, 32, 97, 'baixa', 'solucionado', 'chat', 'problema', 'nivel2', 127, 8, 'utilização incorreta.', 4, 10, 1319, 0, '2018-11-27 11:28:05', '2018-11-27 11:43:33'),
(1323, 54, 68, 'baixa', 'solucionado', 'chat', 'solicitacao', 'nivel2', 116, 6, 'inserido as variáveis', 4, 8, 1320, 0, '2018-11-27 11:33:25', '2018-11-27 11:35:40');
INSERT INTO `ticket` (`id`, `id_registry`, `id_client`, `priority`, `t_status`, `source`, `type`, `t_group`, `id_module`, `id_attendant`, `resolution`, `id_who_opened`, `id_who_closed`, `id_chat`, `is_repeated`, `registered_at`, `finalized_at`) VALUES
(1324, 18, 258, 'baixa', 'solucionado', 'chat', 'solicitacao', 'nivel1', 1, 4, 'desregistrado atos e alterado data de registro', 4, 7, 1321, 0, '2018-11-27 11:40:42', '2018-11-27 11:54:50'),
(1325, 165, 351, 'baixa', 'solucionado', 'chat', 'solicitacao', 'nivel2', 135, 5, 'Atualizado imob em terminais.', 4, 2, 1322, 0, '2018-11-27 11:44:02', '2018-11-27 12:21:36'),
(1326, 167, 405, 'baixa', 'solucionado', 'chat', 'problema', 'nivel2', 44, 8, 'problema era com o office.', 4, 10, 1323, 0, '2018-11-27 12:02:22', '2018-11-27 12:32:51'),
(1327, 42, 415, 'baixa', 'solucionado', 'chat', 'solicitacao', 'nivel1', 1, 2, 'Desregistrado ato de matricula e feito a redistribuição porque ela estava tendo dificuldade pra fazer', 4, 3, 1324, 0, '2018-11-27 12:04:07', '2018-11-27 12:16:21'),
(1328, 69, 353, 'baixa', 'solucionado', 'chat', 'solicitacao', 'nivel1', 1, 4, 'desregistrado abertura de matrícula', 4, 7, 1325, 0, '2018-11-27 12:04:37', '2018-11-27 12:07:34'),
(1329, 94, 143, 'baixa', 'solucionado', 'chat', 'solicitacao', 'nivel2', 128, 6, 'está  tudo certo com o consulta processos', 4, 8, 1326, 0, '2018-11-27 12:12:06', '2018-11-27 12:40:56'),
(1330, 48, 60, 'baixa', 'solucionado', 'chat', 'solicitacao', 'nivel1', 1, 4, 'desregistrado atos e alterado data de registro', 4, 7, 1327, 0, '2018-11-27 12:19:52', '2018-11-27 13:19:08'),
(1331, 11, 10, 'baixa', 'solucionado', 'chat', 'solicitacao', 'nivel1', 13, 2, 'Orientei a desregistrar a matricula para arrumar os atos de transmissão ou fazer um ato de retificação para ficar com os proprietários corretos, ela vai retornar mais tarde pois vai verificar antes com o oficial...', 4, 3, 1328, 0, '2018-11-27 12:25:12', '2018-11-27 12:36:41'),
(1332, 109, 149, 'baixa', 'solucionado', 'chat', 'solicitacao', 'nivel2', 127, 5, 'Sera testado digitalização aqui na empresa, no terminal da camila, e passado para cliente o resultado amanhã.', 4, 2, 1329, 0, '2018-11-27 12:25:36', '2018-11-27 13:37:42'),
(1333, 48, 287, 'baixa', 'solucionado', 'chat', 'solicitacao', 'nivel2', 67, 6, 'tinha um ato de convenção de condomínio no meio', 4, 8, 1330, 0, '2018-11-27 12:30:21', '2018-11-27 12:40:34'),
(1334, 1, 8, 'baixa', 'solucionado', 'chat', 'configuracao', 'nivel2', 75, 8, 'comprovante estava mal formatado.', 4, 10, 1331, 0, '2018-11-27 12:35:36', '2018-11-27 13:20:26'),
(1335, 103, 314, 'baixa', 'solucionado', 'chat', 'solicitacao', 'nivel1', 109, 2, 'Arrumado visualizador em terminal', 4, 3, 1332, 0, '2018-11-27 12:42:05', '2018-11-27 13:01:14'),
(1336, 22, 24, 'baixa', 'solucionado', 'chat', 'solicitacao', 'nivel2', 74, 6, 'configurado para imprimir só 1 via dos recibos e permissões para 2 usuários', 4, 8, 1333, 0, '2018-11-27 12:54:48', '2018-11-27 13:25:36'),
(1337, 94, 143, 'baixa', 'solucionado', 'telefone', 'solicitacao', 'nivel2', 128, 5, 'configurado impressora em terminal.', 4, 2, 1334, 0, '2018-11-27 13:00:04', '2018-11-27 15:07:59'),
(1338, 118, 172, 'baixa', 'solucionado', 'chat', 'solicitacao', 'nivel1', 13, 2, 'Criado Minuta', 4, 3, 1335, 0, '2018-11-27 13:15:59', '2018-11-27 13:21:47'),
(1339, 20, 20, 'baixa', 'solucionado', 'chat', 'solicitacao', 'nivel1', 24, 4, 'liberado transações', 4, 7, 1336, 0, '2018-11-27 13:16:26', '2018-11-27 13:18:43'),
(1340, 1, 161, 'baixa', 'solucionado', 'telefone', 'solicitacao', 'nivel2', 86, 6, 'agendado troca de servidor para hoje 5:25', 4, 8, 1337, 0, '2018-11-27 13:21:57', '2018-11-27 13:25:54'),
(1341, 167, 405, 'baixa', 'solucionado', 'chat', 'configuracao', 'nivel2', 44, 8, 'problema com o modelo de impressão.', 4, 10, 1338, 0, '2018-11-27 13:22:40', '2018-11-27 13:35:06'),
(1342, 117, 141, 'baixa', 'solucionado', 'chat', 'solicitacao', 'nivel1', 132, 4, 'foi sugerido que verificasse com um técnico o que poderia estar acontecendo com a impressora', 4, 7, 1339, 0, '2018-11-27 13:23:31', '2018-11-27 13:37:27'),
(1343, 43, 49, 'baixa', 'solucionado', 'chat', 'solicitacao', 'nivel1', 1, 2, 'Desregistrado', 4, 3, 1340, 0, '2018-11-27 13:28:03', '2018-11-27 13:37:43'),
(1344, 53, 259, 'baixa', 'solucionado', 'chat', 'solicitacao', 'nivel2', 117, 6, 'criado pendência IMOB-3442', 4, 8, 1341, 0, '2018-11-27 14:00:52', '2018-11-27 15:25:05'),
(1345, 2, 16, 'baixa', 'solucionado', 'chat', 'solicitacao', 'nivel2', 81, 8, 'nada a fazer. Já estava correto.', 4, 10, 1342, 0, '2018-11-27 15:11:16', '2018-11-27 15:21:44'),
(1346, 26, 102, 'baixa', 'solucionado', 'chat', 'solicitacao', 'nivel1', 9, 4, 'alterado data de registro', 4, 7, 1343, 0, '2018-11-27 15:14:47', '2018-11-27 15:19:38'),
(1347, 167, 389, 'baixa', 'solucionado', 'chat', 'solicitacao', 'nivel2', 81, 5, 'arrumado carimbo de selo em certidão  que passavam pelo modelo de ficha de certidão, e visto erro em relatório personalizado, não gera porque o office não está ativo.', 4, 2, 1344, 0, '2018-11-27 15:16:06', '2018-11-27 16:18:51'),
(1348, 8, 388, 'baixa', 'solucionado', 'chat', 'configuracao', 'nivel1', 22, 2, 'Cadastrado usuário', 3, 3, 1345, 0, '2018-11-27 15:27:26', '2018-11-27 15:27:46'),
(1349, 55, 324, 'baixa', 'solucionado', 'chat', 'solicitacao', 'nivel2', 74, 8, 'Configurado comprovante e recibo de exame e calculo.', 4, 10, 1346, 0, '2018-11-27 15:29:30', '2018-11-27 16:11:44'),
(1350, 8, 409, 'baixa', 'solucionado', 'chat', 'solicitacao', 'nivel1', 27, 4, 'criado tipos de serviços e normas', 4, 7, 1347, 0, '2018-11-27 15:30:06', '2018-11-27 16:19:03'),
(1351, 53, 259, 'baixa', 'solucionado', 'chat', 'solicitacao', 'nivel2', 117, 6, 'alterado a consulta de recepção e processo de registro', 4, 8, 1348, 0, '2018-11-27 15:39:23', '2018-11-27 16:02:28'),
(1352, 117, 141, 'baixa', 'solucionado', 'chat', 'solicitacao', 'nivel1', 132, 2, 'Problema com impressora, fora do imob não imprime, foi instalado novo driver mas mesmo assim não da certo...', 4, 3, 1349, 0, '2018-11-27 15:41:37', '2018-11-27 16:08:26'),
(1353, 43, 181, 'baixa', 'solucionado', 'chat', 'solicitacao', 'nivel2', 97, 6, 'Não respondeu mais e depois caiu nosso chat e ela nem sabe para qual fonte quer mudar', 4, 8, 1350, 0, '2018-11-27 16:06:50', '2018-11-27 16:52:01'),
(1354, 118, 127, 'baixa', 'solucionado', 'chat', 'solicitacao', 'nivel1', 13, 4, 'caiu a conexão, não foi possível conectar', 4, 7, 1351, 0, '2018-11-27 16:12:08', '2018-11-27 16:18:34'),
(1355, 79, 417, 'baixa', 'solucionado', 'chat', 'solicitacao', 'nivel1', 4, 2, 'Criado natureza formal e retirado outras duvidas', 4, 3, 1352, 0, '2018-11-27 16:18:47', '2018-11-27 17:15:45'),
(1356, 54, 350, 'baixa', 'solucionado', 'chat', 'problema', 'nivel2', 127, 8, 'faltou a instalação do openXML', 4, 10, 1353, 0, '2018-11-27 16:19:17', '2018-11-27 16:34:31'),
(1357, 94, 143, 'baixa', 'solucionado', 'chat', 'solicitacao', 'nivel2', 18, 5, 'Configurado impressora em terminais.', 4, 2, 1354, 0, '2018-11-27 16:19:56', '2018-11-27 17:10:28'),
(1358, 118, 198, 'baixa', 'solucionado', 'chat', 'solicitacao', 'nivel1', 13, 4, 'minutas', 4, 7, 1355, 0, '2018-11-27 16:44:35', '2018-11-27 17:09:09'),
(1359, 136, 366, 'baixa', 'solucionado', 'chat', 'solicitacao', 'nivel2', 41, 8, '', 4, 10, 1356, 0, '2018-11-27 16:46:56', '2018-11-27 17:13:01'),
(1360, 97, 159, 'baixa', 'solucionado', 'chat', 'solicitacao', 'nivel1', 13, 2, 'Criado Minuta', 4, 3, 1357, 0, '2018-11-27 16:50:38', '2018-11-27 17:04:03'),
(1361, 59, 418, 'baixa', 'solucionado', 'chat', 'solicitacao', 'nivel2', 121, 6, 'deixei exportando, em 15min não foi nem 3%', 4, 8, 1358, 0, '2018-11-27 16:52:30', '2018-11-27 16:58:26'),
(1362, 3, 30, 'baixa', 'solucionado', 'chat', 'solicitacao', 'nivel1', 1, 4, 'desregistrado atos', 4, 7, 1359, 0, '2018-11-27 16:53:17', '2018-11-27 17:08:53'),
(1363, 68, 276, 'baixa', 'solucionado', 'chat', 'solicitacao', 'nivel2', 80, 6, 'crido  norma e serviços', 4, 8, 1360, 0, '2018-11-27 17:05:08', '2018-11-27 18:00:24'),
(1364, 117, 141, 'baixa', 'solucionado', 'chat', 'solicitacao', 'nivel1', 132, 2, 'Setado novo caminho de rede nos terminais pois foi preciso reinstalar o driver e setar um novo caminho ', 4, 3, 1361, 0, '2018-11-27 17:09:27', '2018-11-27 17:50:57'),
(1365, 41, 419, 'baixa', 'solucionado', 'telefone', 'solicitacao', 'nivel1', 25, 4, 'instalado o imob', 4, 7, 1362, 0, '2018-11-27 17:16:42', '2018-11-27 17:40:18'),
(1366, 43, 181, 'baixa', 'solucionado', 'chat', 'solicitacao', 'nivel2', 74, 5, 'setado para impressora não ajustar nenhuma impressão para tamanho da página. ', 4, 2, 1363, 0, '2018-11-27 17:20:11', '2018-11-27 18:02:58'),
(1367, 110, 70, 'baixa', 'solucionado', 'chat', 'solicitacao', 'nivel1', 1, 4, 'desregistrado atos', 4, 7, 1364, 0, '2018-11-27 17:28:52', '2018-11-27 17:30:19'),
(1368, 72, 121, 'baixa', 'solucionado', 'chat', 'problema', 'nivel2', 127, 8, '', 4, 10, 1365, 0, '2018-11-27 17:34:44', '2018-11-27 18:04:39'),
(1369, 110, 147, 'baixa', 'solucionado', 'chat', 'solicitacao', 'nivel2', 41, 8, 'saiu do chat.', 4, 10, 1366, 0, '2018-11-27 17:35:07', '2018-11-27 18:04:20'),
(1370, 2, 307, 'baixa', 'solucionado', 'chat', 'solicitacao', 'nivel1', 1, 4, 'desregistrado atos, permissão para desregistrar atos para a usuária Paloma', 4, 7, 1367, 0, '2018-11-27 17:43:28', '2018-11-27 18:00:39'),
(1371, 118, 172, 'baixa', 'solucionado', 'chat', 'solicitacao', 'nivel1', 13, 2, 'Não respondeu por 12 minutos, caiu o chat', 4, 3, 1368, 0, '2018-11-27 17:56:37', '2018-11-27 18:15:53'),
(1372, 45, 53, 'baixa', 'solucionado', 'chat', 'solicitacao', 'nivel1', 1, 4, 'desregistrado abertura de matrícula e permissão para os usuários André e Vanessa, para registrar ato de matrícula com indisponibilidade', 4, 7, 1369, 0, '2018-11-27 18:05:36', '2018-11-27 18:13:52'),
(1373, 25, 28, 'baixa', 'solucionado', 'chat', 'solicitacao', 'nivel2', 40, 6, 'configurado o backup no HD externo e alterado a hora de verificar espelhos para 9h', 4, 8, 1370, 0, '2018-11-27 18:09:57', '2018-11-27 18:35:51'),
(1374, 118, 127, 'baixa', 'solucionado', 'chat', 'solicitacao', 'nivel1', 13, 2, 'Criado Minuta', 3, 3, 1371, 0, '2018-11-27 18:25:07', '2018-11-27 18:25:20'),
(1375, 42, 129, 'baixa', 'solucionado', 'chat', 'solicitacao', 'nivel2', 80, 5, 'criado normas e tipo de serviço  para certidão PMCMV.', 4, 2, 1372, 0, '2018-11-27 18:36:22', '2018-11-27 18:57:03'),
(1376, 118, 127, 'baixa', 'solucionado', 'chat', 'solicitacao', 'nivel1', 13, 4, 'minuta', 4, 7, 1373, 0, '2018-11-27 18:56:23', '2018-11-27 19:06:24'),
(1377, 106, 115, 'baixa', 'solucionado', 'chat', 'configuracao', 'nivel2', 80, 8, 'criado modelo de doc.', 4, 10, 1374, 0, '2018-11-27 18:59:09', '2018-11-27 19:36:01'),
(1378, 110, 330, 'baixa', 'solucionado', 'chat', 'solicitacao', 'nivel2', 124, 6, 'criado serviço e modelo de documento', 4, 8, 1375, 0, '2018-11-27 19:20:04', '2018-11-27 19:30:43'),
(1379, 167, 389, 'baixa', 'solucionado', 'chat', 'solicitacao', 'nivel2', 12, 5, 'Arrumado espaçamentos em relatórios, adicionando remover_paragrafo. ', 4, 2, 1376, 0, '2018-11-27 19:22:08', '2018-11-27 19:58:46'),
(1380, 59, 344, 'baixa', 'solucionado', 'chat', 'problema', 'nivel2', 127, 8, 'HD estava cheio.', 4, 10, 1377, 0, '2018-11-28 10:39:11', '2018-11-28 10:46:57'),
(1381, 3, 30, 'baixa', 'solucionado', 'chat', 'solicitacao', 'nivel1', 1, 2, 'Desregistrado', 4, 3, 1378, 0, '2018-11-28 10:40:43', '2018-11-28 10:42:51'),
(1382, 94, 128, 'baixa', 'solucionado', 'chat', 'solicitacao', 'nivel2', 110, 5, 'falha ao liberar para registro um protocolo, mas era porque ele estava vencido', 4, 2, 1379, 0, '2018-11-28 10:51:40', '2018-11-28 11:25:47'),
(1383, 43, 49, 'baixa', 'solucionado', 'chat', 'solicitacao', 'nivel2', 124, 6, 'alterado', 4, 8, 1380, 0, '2018-11-28 10:55:46', '2018-11-28 10:59:58'),
(1384, 29, 34, 'baixa', 'solucionado', 'chat', 'solicitacao', 'nivel1', 1, 4, 'desregistrado atos', 4, 7, 1381, 0, '2018-11-28 11:13:22', '2018-11-28 11:17:57'),
(1385, 11, 107, 'baixa', 'solucionado', 'chat', 'solicitacao', 'nivel2', 42, 6, 'tinha uma coluna em branco na planilha', 4, 8, 1382, 0, '2018-11-28 11:26:56', '2018-11-28 11:42:59'),
(1386, 136, 116, 'baixa', 'solucionado', 'chat', 'solicitacao', 'nivel2', 69, 8, '', 4, 10, 1383, 0, '2018-11-28 11:27:43', '2018-11-28 11:36:07'),
(1387, 8, 5, 'baixa', 'solucionado', 'chat', 'solicitacao', 'nivel1', 13, 2, 'Criado Minuta', 4, 3, 1384, 0, '2018-11-28 11:33:59', '2018-11-28 11:35:02'),
(1388, 145, 375, 'baixa', 'solucionado', 'chat', 'solicitacao', 'nivel2', 18, 5, 'explicado o tamanho do banco de dados, e enviado e-mail do provimento 74 explicado e proposta do Backup web. ', 4, 2, 1385, 0, '2018-11-28 11:45:42', '2018-11-28 11:49:53'),
(1389, 118, 198, 'baixa', 'solucionado', 'chat', 'solicitacao', 'nivel1', 13, 4, 'minuta', 4, 7, 1386, 0, '2018-11-28 11:46:17', '2018-11-28 12:02:58'),
(1390, 11, 107, 'baixa', 'solucionado', 'chat', 'solicitacao', 'nivel2', 18, 6, 'criado apostila de cópia de atos', 4, 8, 1387, 0, '2018-11-28 12:03:23', '2018-11-28 12:19:15'),
(1391, 54, 350, 'baixa', 'solucionado', 'chat', 'problema', 'nivel2', 127, 8, 'fechou tudo enquanto eu estava verificando.', 4, 10, 1388, 0, '2018-11-28 12:04:05', '2018-11-28 12:09:18'),
(1392, 8, 5, 'baixa', 'solucionado', 'chat', 'solicitacao', 'nivel1', 13, 2, 'Criado Minuta', 4, 3, 1389, 0, '2018-11-28 12:04:29', '2018-11-28 12:05:28'),
(1393, 32, 97, 'baixa', 'solucionado', 'chat', 'solicitacao', 'nivel1', 1, 4, 'desregistrado atos e alterado texto em variável', 4, 7, 1390, 0, '2018-11-28 12:07:13', '2018-11-28 12:37:12'),
(1394, 59, 175, 'baixa', 'solucionado', 'chat', 'solicitacao', 'nivel1', 1, 2, 'Desregistrado ato de matricula', 4, 3, 1391, 0, '2018-11-28 12:07:59', '2018-11-28 12:12:11'),
(1395, 45, 53, 'baixa', 'solucionado', 'chat', 'solicitacao', 'nivel2', 81, 5, 'Criado norma de Tabela IX item I.', 4, 2, 1392, 0, '2018-11-28 12:18:42', '2018-11-28 13:30:24'),
(1396, 31, 151, 'baixa', 'solucionado', 'chat', 'solicitacao', 'nivel2', 70, 6, 'explicado o que pode ser o problema', 4, 8, 1393, 0, '2018-11-28 12:27:12', '2018-11-28 12:53:21'),
(1397, 136, 116, 'baixa', 'solucionado', 'chat', 'duvida', 'nivel2', 18, 8, 'formato do arquivo do selo.', 4, 10, 1394, 0, '2018-11-28 12:32:17', '2018-11-28 12:40:46'),
(1398, 42, 298, 'baixa', 'solucionado', 'chat', 'solicitacao', 'nivel1', 1, 2, 'Alterado tipo de imóvel', 4, 3, 1395, 0, '2018-11-28 12:33:49', '2018-11-28 12:38:05'),
(1399, 82, 164, 'baixa', 'solucionado', 'chat', 'solicitacao', 'nivel1', 15, 4, 'associado classe à natureza formal', 4, 7, 1396, 0, '2018-11-28 12:40:54', '2018-11-28 12:44:40'),
(1400, 48, 357, 'baixa', 'solucionado', 'chat', 'solicitacao', 'nivel2', 64, 8, '', 4, 10, 1397, 0, '2018-11-28 12:48:37', '2018-11-28 12:48:58'),
(1401, 75, 393, 'baixa', 'solucionado', 'chat', 'configuracao', 'nivel2', 74, 8, 'modificado comprovante da parte.', 4, 10, 1398, 0, '2018-11-28 12:54:50', '2018-11-28 13:22:37'),
(1402, 35, 117, 'baixa', 'solucionado', 'chat', 'solicitacao', 'nivel2', 40, 6, 'configurado o backup no HD externo', 4, 8, 1399, 0, '2018-11-28 12:56:20', '2018-11-28 13:19:08'),
(1403, 54, 420, 'baixa', 'solucionado', 'chat', 'solicitacao', 'nivel1', 21, 2, 'Dado permissões, aguardado  ela atender o balcão...', 4, 3, 1400, 0, '2018-11-28 12:57:37', '2018-11-28 13:35:02'),
(1404, 59, 418, 'baixa', 'solucionado', 'chat', 'solicitacao', 'nivel1', 25, 4, 'instalado mackbackup sync', 4, 7, 1401, 0, '2018-11-28 13:07:20', '2018-11-28 14:09:26'),
(1405, 94, 128, 'baixa', 'solucionado', 'chat', 'solicitacao', 'nivel2', 78, 5, 'Associado  minuta a processo.', 4, 2, 1402, 0, '2018-11-28 13:10:45', '2018-11-28 13:29:53'),
(1406, 1, 161, 'baixa', 'solucionado', 'telefone', 'solicitacao', 'nivel2', 86, 6, 'pré-instalação para troca de servidor. Instalado e criado o banco IMOB. configurado acesso ao server antigo no pgadmin.', 8, 8, 1403, 0, '2018-11-28 13:18:46', '2018-11-28 13:29:43'),
(1407, 31, 151, 'baixa', 'solucionado', 'chat', 'problema', 'nivel2', 70, 8, 'utilização incorreta. Colocaram uma guia com menos atos do que a quantidade de atos particados.', 4, 10, 1404, 0, '2018-11-28 13:26:23', '2018-11-28 13:34:42'),
(1408, 118, 127, 'baixa', 'solucionado', 'chat', 'solicitacao', 'nivel1', 13, 2, 'Criado Minuta, passou 12 minutos e não respondeu mais', 4, 3, 1405, 0, '2018-11-28 13:30:15', '2018-11-28 13:47:01'),
(1409, 91, 421, 'baixa', 'solucionado', 'chat', 'solicitacao', 'nivel1', 13, 4, 'minuta', 4, 7, 1406, 0, '2018-11-28 13:31:36', '2018-11-28 14:08:59'),
(1410, 6, 3, 'baixa', 'pendente', 'chat', 'solicitacao', 'nivel2', 116, 5, 'cliente voltará após o almoço.', 4, NULL, 1407, 0, '2018-11-28 13:38:43', '0000-00-00 00:00:00'),
(1411, 157, 358, 'baixa', 'solucionado', 'chat', 'solicitacao', 'nivel2', 113, 6, 'configurado o pghba', 4, 8, 1408, 0, '2018-11-28 15:22:08', '2018-11-28 15:56:53'),
(1412, 63, 422, 'baixa', 'solucionado', 'chat', 'problema', 'nivel2', 71, 8, 'trocaram os dados da pessoa e com isso \"mudaram\" a pessoa indisponível', 4, 10, 1409, 0, '2018-11-28 15:29:55', '2018-11-28 15:51:53'),
(1413, 167, 389, 'baixa', 'solucionado', 'chat', 'solicitacao', 'nivel2', 43, 5, 'Resolvido problema na geração de certidões no office 365, foi testado e o problema era no carimbo de custas do modelo de certidão. Foi criado novo. Foi resolvido relatório de matrículas de outras procedências, tirando a variável de Nº de protocolo da abertura, pois nenhuma abertura tinha protocolo. ', 4, 2, 1410, 0, '2018-11-28 15:38:35', '2018-11-28 17:44:56'),
(1414, 13, 204, 'baixa', 'solucionado', 'chat', 'solicitacao', 'nivel1', 1, 2, 'Desregistrado', 4, 3, 1411, 0, '2018-11-28 15:44:30', '2018-11-28 15:49:37'),
(1415, 31, 423, 'baixa', 'solucionado', 'chat', 'duvida', 'nivel2', 72, 8, 'Duvida sobre busca de indisponibilidades.', 4, 10, 1412, 0, '2018-11-28 16:02:51', '2018-11-28 16:15:12'),
(1416, 61, 333, 'baixa', 'solucionado', 'chat', 'solicitacao', 'nivel2', 18, 6, 'removido o texto solicitado', 4, 8, 1413, 0, '2018-11-28 16:03:19', '2018-11-28 16:07:24'),
(1417, 117, 424, 'baixa', 'solucionado', 'chat', 'solicitacao', 'nivel1', 109, 4, 'liberado transações', 4, 7, 1414, 0, '2018-11-28 16:10:04', '2018-11-28 16:20:54'),
(1418, 20, 20, 'baixa', 'solucionado', 'chat', 'solicitacao', 'nivel1', 1, 2, 'Desregistrado matricula', 4, 3, 1415, 0, '2018-11-28 16:19:34', '2018-11-28 16:29:54'),
(1419, 13, 12, 'baixa', 'solucionado', 'chat', 'duvida', 'nivel2', 123, 8, '', 4, 10, 1416, 0, '2018-11-28 16:25:27', '2018-11-28 16:35:55'),
(1420, 23, 25, 'baixa', 'solucionado', 'chat', 'solicitacao', 'nivel2', 120, 6, 'já está tudo certo segundo o Norberto: \r\n[14:36:15] Eduardo Ishida: teoricamente na primeira carga foi tudo e nas diárias tudo que foi atualizando, seja ato novo ou velho né?\r\n[14:37:00] Norberto Dellê: exato\r\n[14:40:39] Norberto Dellê: é pra estar indo os atos retroativos tb', 4, 8, 1417, 0, '2018-11-28 16:31:22', '2018-11-28 16:50:52'),
(1421, 6, 3, 'baixa', 'solucionado', 'chat', 'configuracao', 'nivel2', 116, 8, '', 4, 10, 1418, 0, '2018-11-28 16:52:32', '2018-11-28 17:03:44'),
(1422, 5, 2, 'baixa', 'solucionado', 'chat', 'solicitacao', 'nivel1', 13, 4, 'auxiliado usuário como criar um ato utilizando uma minuta da classe localização de parcela especial', 4, 7, 1419, 0, '2018-11-28 17:04:34', '2018-11-28 18:12:35'),
(1423, 103, 194, 'baixa', 'solucionado', 'chat', 'solicitacao', 'nivel1', 13, 2, 'Criado minuta e retirado duvidas', 4, 3, 1420, 0, '2018-11-28 17:21:18', '2018-11-28 17:53:04'),
(1424, 106, 115, 'baixa', 'solucionado', 'chat', 'solicitacao', 'nivel2', 43, 6, 'ela precisa ver com o técnico', 4, 8, 1421, 0, '2018-11-28 17:24:54', '2018-11-28 17:58:30'),
(1425, 24, 27, 'baixa', 'solucionado', 'chat', 'solicitacao', 'nivel2', 43, 8, 'alterado modelo de ficha', 4, 10, 1422, 0, '2018-11-28 17:25:18', '2018-11-28 18:56:11'),
(1426, 1, 108, 'baixa', 'solucionado', 'chat', 'solicitacao', 'nivel1', 1, 4, 'desregistrado atos', 4, 7, 1423, 0, '2018-11-28 17:44:26', '2018-11-28 18:10:22'),
(1427, 110, 70, 'baixa', 'solucionado', 'chat', 'solicitacao', 'nivel1', 1, 2, 'Desregistrado ato', 4, 3, 1424, 0, '2018-11-28 17:48:21', '2018-11-28 17:52:02'),
(1428, 43, 49, 'baixa', 'solucionado', 'chat', 'solicitacao', 'nivel1', 1, 2, 'Desregistrado', 4, 3, 1425, 0, '2018-11-28 17:57:02', '2018-11-28 17:59:16'),
(1429, 122, 169, 'baixa', 'solucionado', 'chat', 'solicitacao', 'nivel1', 27, 2, 'Criado tipo de serviço e configurado hd externo', 4, 3, 1426, 0, '2018-11-28 18:03:15', '2018-11-28 18:16:52'),
(1430, 115, 95, 'baixa', 'solucionado', 'chat', 'solicitacao', 'nivel2', 38, 5, 'O backup estava vencido, ai foi feito backup novo e alterado horário de backup para 15hrs, pois antes estava meio dia, e é desligado o servidor nesse horário. ', 4, 2, 1427, 0, '2018-11-28 18:12:44', '2018-11-28 18:25:27'),
(1431, 36, 218, 'baixa', 'solucionado', 'chat', 'solicitacao', 'nivel1', 15, 4, 'associado classe à natureza formal', 4, 7, 1428, 0, '2018-11-28 18:43:36', '2018-11-28 18:46:04'),
(1432, 85, 425, 'baixa', 'solucionado', 'chat', 'solicitacao', 'nivel1', 13, 2, 'Retirado duvida', 4, 3, 1429, 0, '2018-11-28 18:45:23', '2018-11-28 18:47:32'),
(1433, 54, 350, 'baixa', 'solucionado', 'chat', 'solicitacao', 'nivel2', 127, 8, '', 4, 10, 1430, 0, '2018-11-28 18:48:03', '2018-11-28 18:56:54'),
(1434, 122, 169, 'baixa', 'solucionado', 'chat', 'solicitacao', 'nivel2', 42, 6, 'explicado como proceder', 4, 8, 1431, 0, '2018-11-28 18:55:38', '2018-11-28 19:04:30'),
(1435, 6, 250, 'baixa', 'solucionado', 'chat', 'solicitacao', 'nivel1', 51, 4, 'desregistrado atos', 4, 7, 1432, 0, '2018-11-28 18:58:42', '2018-11-28 19:01:22'),
(1436, 6, 56, 'baixa', 'solucionado', 'chat', 'solicitacao', 'nivel1', 27, 2, 'Criado tipo de serviço, minuta, natureza formal, alterado variável e tirado duvidas', 4, 3, 1433, 0, '2018-11-28 19:05:05', '2018-11-28 19:31:31'),
(1437, 16, 15, 'baixa', 'solucionado', 'chat', 'solicitacao', 'nivel1', 13, 4, 'minuta', 4, 7, 1434, 0, '2018-11-29 10:41:28', '2018-11-29 11:03:50'),
(1438, 119, 135, 'baixa', 'solucionado', 'chat', 'solicitacao', 'nivel1', 51, 2, 'Desregistrado ato e criado minuta', 4, 3, 1435, 0, '2018-11-29 10:45:45', '2018-11-29 11:03:18'),
(1439, 110, 147, 'baixa', 'solucionado', 'chat', 'solicitacao', 'nivel2', 41, 6, 'feito por SQL', 4, 8, 1436, 0, '2018-11-29 11:08:55', '2018-11-29 11:17:45'),
(1440, 27, 211, 'baixa', 'solucionado', 'chat', 'solicitacao', 'nivel1', 15, 4, 'associado classe à natureza formal', 4, 7, 1437, 0, '2018-11-29 11:15:58', '2018-11-29 11:20:51'),
(1441, 71, 90, 'baixa', 'solucionado', 'telefone', 'solicitacao', 'nivel2', 18, 5, 'Dúvidas sobre provimento 74.', 4, 2, 1438, 0, '2018-11-29 11:18:59', '2018-11-29 11:28:31'),
(1442, 15, 14, 'baixa', 'solucionado', 'telefone', 'solicitacao', 'nivel2', 122, 6, 'o Rodrigo quer gerar a carga dos demais anos, pedi para ele mandar o número inicial e final das matrículas dos períodos que ele deseja', 4, 8, 1439, 0, '2018-11-29 11:34:57', '2018-11-29 11:41:21'),
(1443, 16, 15, 'baixa', 'solucionado', 'chat', 'solicitacao', 'nivel1', 13, 4, 'o usuário havia esquecido de informar o ônus no ato', 4, 7, 1440, 0, '2018-11-29 11:44:58', '2018-11-29 11:45:43'),
(1444, 7, 4, 'baixa', 'solucionado', 'chat', 'solicitacao', 'nivel1', 13, 2, 'Criado minuta e tipo de serviço', 4, 3, 1441, 0, '2018-11-29 11:47:59', '2018-11-29 12:02:43'),
(1445, 13, 426, 'baixa', 'solucionado', 'chat', 'solicitacao', 'nivel1', 51, 4, 'desregistrado atos', 4, 7, 1442, 0, '2018-11-29 11:54:26', '2018-11-29 12:15:53'),
(1446, 43, 213, 'baixa', 'solucionado', 'chat', 'solicitacao', 'nivel1', 51, 2, 'Desregistrado', 4, 3, 1443, 0, '2018-11-29 12:07:20', '2018-11-29 12:08:27'),
(1447, 36, 218, 'baixa', 'solucionado', 'chat', 'solicitacao', 'nivel1', 51, 2, 'Desregistrado', 4, 3, 1444, 0, '2018-11-29 12:13:22', '2018-11-29 12:17:41'),
(1448, 48, 60, 'baixa', 'solucionado', 'chat', 'solicitacao', 'nivel1', 51, 4, 'desregistrado ato', 4, 7, 1445, 0, '2018-11-29 12:25:36', '2018-11-29 12:32:09'),
(1449, 118, 127, 'baixa', 'solucionado', 'chat', 'solicitacao', 'nivel1', 13, 2, 'Criado Minuta, vai verificar a necessidade de utilizar a mesma', 4, 3, 1446, 0, '2018-11-29 12:25:58', '2018-11-29 12:38:58'),
(1450, 106, 416, 'baixa', 'solucionado', 'chat', 'configuracao', 'nivel2', 44, 8, 'configurado modelos de certidão.', 4, 10, 1447, 0, '2018-11-29 12:32:19', '2018-11-29 13:47:07'),
(1451, 15, 14, 'baixa', 'solucionado', 'telefone', 'solicitacao', 'nivel2', 122, 6, 'deixei gerando as cargas ano a ano de 2001 a 2013', 4, 8, 1448, 0, '2018-11-29 12:37:34', '2018-11-29 13:11:51'),
(1452, 108, 273, 'baixa', 'solucionado', 'chat', 'solicitacao', 'nivel1', 13, 4, 'minuta', 4, 7, 1449, 0, '2018-11-29 12:37:58', '2018-11-29 12:59:06'),
(1453, 113, 123, 'baixa', 'solucionado', 'chat', 'solicitacao', 'nivel2', 69, 5, 'Voltado selo para exportação via SQL.', 4, 2, 1450, 0, '2018-11-29 12:47:39', '2018-11-29 12:58:46'),
(1454, 67, 184, 'baixa', 'solucionado', 'chat', 'solicitacao', 'nivel1', 51, 2, 'Desregistrado', 4, 3, 1451, 0, '2018-11-29 13:01:08', '2018-11-29 13:06:50'),
(1455, 15, 14, 'baixa', 'solucionado', 'telefone', 'solicitacao', 'nivel2', 117, 6, 'alterado a consulta de exame a cálculo para pesquisarem qual recepção foi gerada com o exame e cálculo', 4, 8, 1452, 0, '2018-11-29 13:05:38', '2018-11-29 13:12:15'),
(1456, 23, 427, 'baixa', 'solucionado', 'chat', 'solicitacao', 'nivel2', 126, 5, 'foi selado manualmente uma certidão pelo processo apenas.', 4, 2, 1453, 0, '2018-11-29 13:10:49', '2018-11-29 13:28:55'),
(1457, 41, 428, 'baixa', 'solucionado', 'chat', 'solicitacao', 'nivel1', 21, 4, 'permissão', 4, 7, 1454, 0, '2018-11-29 13:21:49', '2018-11-29 13:25:41'),
(1458, 118, 198, 'baixa', 'solucionado', 'chat', 'solicitacao', 'nivel1', 13, 2, 'Criado Minuta', 4, 3, 1455, 0, '2018-11-29 13:22:11', '2018-11-29 13:29:02'),
(1459, 118, 172, 'baixa', 'solucionado', 'chat', 'solicitacao', 'nivel1', 13, 4, 'minuta', 4, 7, 1456, 0, '2018-11-29 13:32:57', '2018-11-29 13:43:21'),
(1460, 153, 100, 'baixa', 'solucionado', 'telefone', 'solicitacao', 'nivel2', 39, 6, 'agendado um backup para hoje meio dia', 4, 8, 1457, 0, '2018-11-29 13:33:22', '2018-11-29 15:16:19'),
(1461, 48, 294, 'baixa', 'solucionado', 'chat', 'solicitacao', 'nivel1', 1, 2, 'Alterado data do ato e desregistrado', 4, 3, 1458, 0, '2018-11-29 15:10:49', '2018-11-29 15:34:48'),
(1462, 28, 33, 'baixa', 'solucionado', 'chat', 'solicitacao', 'nivel1', 51, 4, 'excluido ato ', 4, 7, 1459, 0, '2018-11-29 15:22:35', '2018-11-29 15:36:13'),
(1463, 93, 93, 'baixa', 'solucionado', 'telefone', 'configuracao', 'nivel2', 86, 8, 'reinstalado banco de dados.', 4, 10, 1460, 0, '2018-11-29 15:28:16', '2018-11-29 17:46:30'),
(1464, 39, 429, 'baixa', 'solucionado', 'chat', 'solicitacao', 'nivel2', 126, 6, 'versões diferentes do word', 4, 8, 1461, 0, '2018-11-29 15:44:28', '2018-11-29 16:05:50'),
(1465, 26, 356, 'baixa', 'solucionado', 'chat', 'solicitacao', 'nivel1', 9, 2, 'Não respondeu', 4, 3, 1462, 0, '2018-11-29 15:45:07', '2018-11-29 16:15:00'),
(1466, 8, 87, 'baixa', 'solucionado', 'chat', 'solicitacao', 'nivel1', 28, 4, 'unificado fichas de pessoas', 4, 7, 1463, 0, '2018-11-29 15:45:35', '2018-11-29 15:51:59'),
(1467, 48, 357, 'baixa', 'solucionado', 'chat', 'solicitacao', 'nivel2', 71, 5, 'Orientado como marcar uma pessoa usando indisponibilidade.', 4, 2, 1464, 0, '2018-11-29 15:49:01', '2018-11-29 15:50:28'),
(1468, 69, 80, 'baixa', 'solucionado', 'chat', 'solicitacao', 'nivel2', 127, 5, 'Erro ao navegar pelas páginas de transcrição digitalizada, vai ser criado pendência.', 4, 2, 1465, 0, '2018-11-29 15:53:12', '2018-11-29 16:19:37'),
(1469, 1, 108, 'baixa', 'solucionado', 'chat', 'solicitacao', 'nivel1', 13, 4, 'minuta', 4, 7, 1466, 0, '2018-11-29 16:01:33', '2018-11-29 16:13:54'),
(1470, 172, 132, 'baixa', 'solucionado', 'chat', 'configuracao', 'nivel2', 5, 8, 'adicionaram todos os serviços na natureza formal fazendo com que travasse a recepção quando selecionava ela.', 4, 10, 1467, 0, '2018-11-29 16:03:08', '2018-11-29 16:53:55'),
(1471, 110, 70, 'baixa', 'solucionado', 'chat', 'solicitacao', 'nivel1', 51, 2, 'Desregistrado', 4, 3, 1468, 0, '2018-11-29 16:06:57', '2018-11-29 16:09:42'),
(1472, 48, 294, 'baixa', 'solucionado', 'chat', 'solicitacao', 'nivel1', 51, 4, 'alterado data de registro e data de requisição de selos, orientado usuário de como altera o número de protocolo', 4, 7, 1469, 0, '2018-11-29 16:12:15', '2018-11-29 17:08:16'),
(1473, 118, 198, 'baixa', 'solucionado', 'chat', 'solicitacao', 'nivel2', 1, 6, 'removido vínculo com certidões e repositório, desregistrado e apagado por SQL', 4, 8, 1470, 0, '2018-11-29 16:12:57', '2018-11-29 16:29:51'),
(1474, 124, 173, 'baixa', 'solucionado', 'chat', 'solicitacao', 'nivel1', 27, 2, 'Criado tipo de serviço ', 4, 3, 1471, 0, '2018-11-29 16:22:15', '2018-11-29 16:37:42'),
(1475, 23, 25, 'baixa', 'solucionado', 'chat', 'solicitacao', 'nivel2', 18, 5, 'Feito Relatório personalizado que conta certidão de inteiro teor de matrícula feito pelo pedido; Feito relatório personalizado que conta quantas notas de devoluções foram feitas, e arrumado o tem averbação do relatório de contagem de atos. ', 4, 2, 1472, 0, '2018-11-29 16:36:17', '2018-11-29 18:33:38'),
(1476, 100, 130, 'baixa', 'solucionado', 'chat', 'solicitacao', 'nivel2', 121, 6, '', 4, 8, 1473, 0, '2018-11-29 16:37:07', '2018-11-29 17:01:44'),
(1477, 11, 238, 'baixa', 'solucionado', 'chat', 'solicitacao', 'nivel1', 20, 2, 'Reaberto matricula e alterado permissões ', 4, 3, 1474, 0, '2018-11-29 16:43:11', '2018-11-29 17:03:04'),
(1478, 67, 184, 'baixa', 'solucionado', 'chat', 'solicitacao', 'nivel1', 51, 4, 'desregistrado atos', 4, 7, 1475, 0, '2018-11-29 16:43:31', '2018-11-29 17:05:23'),
(1479, 122, 169, 'baixa', 'solucionado', 'chat', 'configuracao', 'nivel2', 38, 8, 'configurado espelho do backup.', 4, 10, 1476, 0, '2018-11-29 16:56:48', '2018-11-29 17:09:54'),
(1480, 27, 211, 'baixa', 'solucionado', 'chat', 'solicitacao', 'nivel2', 44, 6, 'alterado a norma da certidão, arrumado variável que descreve os imóveis, atualizado descrição dos imóveis, arrumado o texto do RA, quando clicava em mostrar parágrafos mostrava o texto, ao ocultar sumia. Refiz o texto manualmente de novo.', 4, 8, 1477, 0, '2018-11-29 17:08:55', '2018-11-29 18:45:32'),
(1481, 72, 121, 'baixa', 'solucionado', 'chat', 'duvida', 'nivel2', 18, 8, 'Duvida sobre alteração de cadastro de pessoa.', 10, 10, 1478, 0, '2018-11-29 17:25:00', '2018-11-29 17:34:22'),
(1482, 68, 72, 'baixa', 'solucionado', 'chat', 'solicitacao', 'nivel1', 21, 2, 'Alterado senha', 4, 3, 1479, 0, '2018-11-29 17:32:29', '2018-11-29 17:35:34'),
(1483, 108, 273, 'baixa', 'solucionado', 'chat', 'solicitacao', 'nivel1', 51, 4, 'desregistrado atos', 4, 7, 1480, 0, '2018-11-29 17:44:07', '2018-11-29 17:47:07'),
(1484, 19, 120, 'baixa', 'solucionado', 'chat', 'solicitacao', 'nivel2', 81, 8, 'alterado norma de calculo', 4, 10, 1481, 0, '2018-11-29 17:55:00', '2018-11-29 17:56:19'),
(1485, 118, 127, 'baixa', 'solucionado', 'chat', 'solicitacao', 'nivel1', 13, 2, 'Criado Minuta', 4, 3, 1482, 0, '2018-11-29 17:55:28', '2018-11-29 18:00:02'),
(1486, 13, 426, 'baixa', 'solucionado', 'chat', 'duvida', 'nivel2', 18, 8, 'Duvida sobre ato de localização de parcela.', 4, 10, 1483, 0, '2018-11-29 18:02:40', '2018-11-29 18:15:24'),
(1487, 110, 309, 'baixa', 'solucionado', 'chat', 'solicitacao', 'nivel1', 15, 4, 'minuta', 4, 7, 1484, 0, '2018-11-29 18:03:06', '2018-11-29 18:10:34'),
(1488, 119, 135, 'baixa', 'solucionado', 'chat', 'solicitacao', 'nivel1', 51, 2, 'Desregistrado', 4, 3, 1485, 0, '2018-11-29 18:06:02', '2018-11-29 18:22:08'),
(1489, 106, 115, 'baixa', 'solucionado', 'chat', 'problema', 'nivel2', 44, 8, 'problema com o word, mas não consegui identificar o que causa.', 4, 10, 1486, 0, '2018-11-29 18:26:42', '2018-11-29 19:12:14'),
(1490, 93, 136, 'baixa', 'solucionado', 'telefone', 'solicitacao', 'nivel1', 1, 4, 'desregistrado atos', 4, 7, 1487, 0, '2018-11-29 18:32:55', '2018-11-29 18:37:42'),
(1491, 59, 175, 'baixa', 'solucionado', 'chat', 'solicitacao', 'nivel1', 51, 2, 'Desregistrado', 4, 3, 1488, 0, '2018-11-29 18:36:56', '2018-11-29 18:41:49'),
(1492, 6, 3, 'baixa', 'solucionado', 'chat', 'solicitacao', 'nivel2', 116, 5, 'Criado variável para  o título das minutas virem em maiúsculo dentro do cabeçalho de minutas.', 4, 2, 1489, 0, '2018-11-29 18:37:21', '2018-11-29 18:50:35'),
(1493, 118, 127, 'baixa', 'solucionado', 'chat', 'solicitacao', 'nivel1', 27, 2, 'Criado tipo de serviço e retornado selo', 4, 3, 1490, 0, '2018-11-29 18:44:43', '2018-11-29 19:15:04'),
(1494, 67, 184, 'baixa', 'solucionado', 'chat', 'solicitacao', 'nivel1', 1, 4, 'desregistrado atos', 7, 7, 1491, 0, '2018-11-29 18:48:45', '2018-11-29 18:48:59'),
(1495, 15, 14, 'baixa', 'solucionado', 'telefone', 'solicitacao', 'nivel2', 121, 6, 'deixei gerando desde 2010', 4, 8, 1492, 0, '2018-11-29 18:57:44', '2018-11-29 19:14:07'),
(1496, 110, 70, 'baixa', 'solucionado', 'chat', 'solicitacao', 'nivel2', 127, 6, 'deletado as imagens digitalizadas', 4, 8, 1493, 0, '2018-11-29 18:58:04', '2018-11-29 19:13:37'),
(1497, 93, 223, 'baixa', 'solucionado', 'telefone', 'solicitacao', 'nivel2', 127, 5, 'Lentidão no sistema, foi visto que estava sendo executado programas de backups  que não era do IMOB. Ai eles esperarão terminar de executar para testar o  IMOB.', 4, 2, 1494, 0, '2018-11-29 18:58:26', '2018-11-29 19:17:17'),
(1498, 76, 263, 'baixa', 'aberto', 'chat', 'solicitacao', 'nivel1', 13, 4, '', 4, NULL, 1495, 0, '2018-11-29 19:08:36', '0000-00-00 00:00:00'),
(1499, 1, 161, 'baixa', 'aberto', 'telefone', 'solicitacao', 'nivel2', 86, 6, '', 4, NULL, 1496, 0, '2018-11-29 19:14:19', '0000-00-00 00:00:00'),
(1500, 29, 153, 'baixa', 'aberto', 'chat', 'solicitacao', 'nivel2', 124, 8, '', 4, NULL, 1497, 0, '2018-11-29 19:14:42', '0000-00-00 00:00:00');

-- --------------------------------------------------------

--
-- Estrutura da tabela `ticket_module`
--

CREATE TABLE `ticket_module` (
  `id` int(8) NOT NULL,
  `description` varchar(60) NOT NULL,
  `id_category` int(11) NOT NULL,
  `limit_time` int(3) NOT NULL,
  `status` varchar(7) NOT NULL
) ENGINE=InnoDB DEFAULT CHARSET=latin1;

--
-- Extraindo dados da tabela `ticket_module`
--

INSERT INTO `ticket_module` (`id`, `description`, `id_category`, `limit_time`, `status`) VALUES
(1, 'Desregistrar', 1, 10, 'ativo'),
(2, 'Desregistrar', 2, 10, 'ativo'),
(3, 'Registrar', 1, 10, 'ativo'),
(4, 'Criação', 5, 10, 'ativo'),
(5, 'Associação', 5, 10, 'ativo'),
(6, 'Impressão', 7, 10, 'ativo'),
(7, 'Digitalização', 7, 10, 'ativo'),
(8, 'Mover', 13, 10, 'ativo'),
(9, 'Alterar data', 13, 10, 'ativo'),
(10, 'Mudar numeração', 13, 10, 'ativo'),
(12, 'Relatório ', 14, 30, 'ativo'),
(13, 'Geral', 3, 30, 'ativo'),
(14, 'Reverter situação ', 15, 30, 'ativo'),
(15, 'Associar', 15, 20, 'ativo'),
(16, 'Criar papel', 10, 25, 'ativo'),
(17, 'Excluir', 13, 25, 'ativo'),
(18, 'Geral', 16, 20, 'ativo'),
(19, 'Falha ao abrir conexão', 11, 25, 'ativo'),
(20, 'Reabrir ou Encerrar', 1, 25, 'ativo'),
(21, 'Permissões', 12, 25, 'ativo'),
(22, 'Cadastrar', 12, 20, 'ativo'),
(23, 'Alterar', 12, 20, 'ativo'),
(24, 'Liberar transações', 17, 10, 'ativo'),
(25, 'Instalação', 17, 15, 'ativo'),
(26, 'Erros ao abrir em uma máquina', 17, 30, 'ativo'),
(27, 'Criar tipo de serviço', 18, 10, 'ativo'),
(28, 'Unificar', 19, 15, 'ativo'),
(29, 'Alteração de Modelos', 21, 20, 'ativo'),
(30, 'Configurações', 21, 20, 'ativo'),
(31, 'Verificação', 22, 20, 'ativo'),
(32, 'Problema com backup', 22, 20, 'ativo'),
(33, 'Configuração', 22, 20, 'ativo'),
(34, 'Definir scanner padrão', 9, 20, 'ativo'),
(35, 'Configuração do driver', 9, 20, 'ativo'),
(37, 'Norma', 18, 20, 'ativo'),
(38, 'Verificação', 23, 30, 'ativo'),
(39, 'Problema com backup', 23, 30, 'ativo'),
(40, 'Configuração', 23, 30, 'ativo'),
(41, 'Ato de matrícula', 20, 25, 'ativo'),
(42, 'Problema com ato', 20, 25, 'ativo'),
(43, 'Configurar Impressão', 24, 25, 'ativo'),
(44, 'Problema com impressão', 24, 30, 'ativo'),
(45, 'Erro ao salvar ou registrar', 13, 25, 'ativo'),
(46, 'Erro nas partes envolvidas', 13, 25, 'ativo'),
(47, 'Erro na criação do texto', 13, 25, 'ativo'),
(48, 'Geral', 4, 15, 'ativo'),
(49, 'Aberturas de matrícula por SQL', 25, 10, 'ativo'),
(50, 'Aberturas de registro auxiliar por SQL', 25, 10, 'ativo'),
(51, 'Ato de matrícula', 25, 10, 'ativo'),
(52, 'Averbação de registro auxiliar por SQL', 25, 10, 'ativo'),
(53, 'Configurar o word', 10, 20, 'ativo'),
(54, 'Erros genéricos', 10, 20, 'ativo'),
(55, 'Dúvidas', 9, 15, 'ativo'),
(56, 'Erro do scanner', 9, 25, 'ativo'),
(57, 'Desativar', 12, 20, 'ativo'),
(58, 'Assinador digital', 26, 20, 'ativo'),
(59, 'Auditoria de atos', 26, 25, 'ativo'),
(60, 'Funrejus', 26, 20, 'ativo'),
(61, 'Produtividade', 26, 20, 'ativo'),
(62, 'Sisgef', 26, 20, 'ativo'),
(63, 'Visualizelt', 26, 25, 'ativo'),
(64, 'Geral', 8, 20, 'ativo'),
(65, 'Geral', 27, 15, 'ativo'),
(66, 'Alteração de dados', 28, 10, 'ativo'),
(67, 'Geral', 29, 30, 'ativo'),
(68, 'Reservar', 30, 15, 'ativo'),
(69, 'Importação e Exportação', 30, 20, 'ativo'),
(70, 'Erros e problemas', 30, 30, 'ativo'),
(71, 'Dúvidas', 31, 30, 'ativo'),
(72, 'Erro de importação', 31, 30, 'ativo'),
(73, 'Token', 31, 30, 'ativo'),
(74, 'Mudança de layout ou formatação', 32, 60, 'ativo'),
(75, 'Erros gerais', 32, 60, 'ativo'),
(76, 'Dúvidas gerais', 14, 60, 'ativo'),
(77, 'Parcelamento', 33, 60, 'ativo'),
(78, 'Atos', 33, 60, 'ativo'),
(79, 'Cópia de atos', 33, 30, 'ativo'),
(80, 'Criar', 34, 30, 'ativo'),
(81, 'Editar', 34, 30, 'ativo'),
(82, 'Excluir', 34, 30, 'ativo'),
(83, 'Criar norma', 34, 30, 'ativo'),
(84, 'Alterar norma', 34, 30, 'ativo'),
(85, 'Web Backup', 23, 30, 'ativo'),
(86, 'Trocar', 35, 180, 'ativo'),
(87, 'Atualização do Postgres', 35, 180, 'ativo'),
(88, 'Criação', 36, 60, 'ativo'),
(89, 'Manutenção', 36, 60, 'ativo'),
(90, 'Alteração do imóvel', 37, 30, 'ativo'),
(91, 'Distribuição entre as partes', 37, 60, 'ativo'),
(92, 'Desregistrar', 38, 15, 'ativo'),
(93, 'Trocar protocolo', 38, 20, 'ativo'),
(94, 'Mudar número de nota de devolução', 38, 20, 'ativo'),
(95, 'Encerrar matrícula', 38, 15, 'ativo'),
(96, 'Reabrir matrícula', 38, 15, 'ativo'),
(97, 'Configuração', 39, 60, 'ativo'),
(98, 'Problemas de impressão', 39, 30, 'ativo'),
(99, 'Reverter situação', 39, 15, 'ativo'),
(100, 'Mudar protocolo de recepção', 39, 20, 'ativo'),
(101, 'Liberar transação', 40, 10, 'ativo'),
(102, 'Configurar pg_hba.conf', 40, 15, 'ativo'),
(103, 'Configurar postgresql.conf', 40, 15, 'ativo'),
(104, 'Erro de inicialização do banco de dados (Backup_label)', 40, 20, 'ativo'),
(105, 'Erro de inicialização do banco de dados (Postmaster.pid)', 40, 20, 'ativo'),
(106, 'Erro de inicialização do banco de dados (diretório cheio)', 40, 20, 'ativo'),
(107, 'Geral', 41, 30, 'ativo'),
(108, 'Configuração do visualizador', 9, 30, 'ativo'),
(109, 'Erros ou problemas com visualizador', 9, 30, 'ativo'),
(110, 'Timed out', 42, 60, 'ativo'),
(111, 'Falha ao abrir conexão', 42, 60, 'ativo'),
(112, 'Transação', 42, 60, 'ativo'),
(113, 'Erro ao abrir o IMOB', 42, 60, 'ativo'),
(114, 'Erro ao atualizar o IMOB', 42, 60, 'ativo'),
(115, 'Nova', 43, 30, 'ativo'),
(116, 'Alterar', 43, 20, 'ativo'),
(117, 'Nova', 44, 30, 'ativo'),
(118, 'Alterar', 44, 20, 'ativo'),
(119, 'Geral', 45, 60, 'ativo'),
(120, 'Envio indicador pessoal', 46, 30, 'ativo'),
(121, 'Envio matrículas digitalizadas', 46, 30, 'ativo'),
(122, 'Configuração', 46, 30, 'ativo'),
(123, 'Erro ao emitir certidão', 47, 60, 'ativo'),
(124, 'Configurar modelos de certidão', 47, 60, 'ativo'),
(125, 'Excluir certidão fantasma', 47, 30, 'ativo'),
(126, 'Emissão de certidão', 47, 60, 'ativo'),
(127, 'Erros gerais', 42, 30, 'ativo'),
(128, 'Configuração e resolução de problemas', 48, 60, 'ativo'),
(129, 'Configurar modelo', 49, 60, 'ativo'),
(130, 'Alteração ou ajuste em modelo', 49, 30, 'ativo'),
(132, 'Configurar impressora', 10, 20, 'ativo'),
(133, 'Alterar data de requisição', 50, 15, 'ativo'),
(134, 'Consulta no log', 51, 30, 'ativo'),
(135, 'Atualizar Sistema', 52, 15, 'ativo'),
(136, 'Atualizar Sistema', 26, 15, 'ativo');

-- --------------------------------------------------------

--
-- Estrutura da tabela `user_notification`
--

CREATE TABLE `user_notification` (
  `id` int(8) NOT NULL,
  `id_user` int(8) NOT NULL,
  `id_notification` int(8) NOT NULL,
  `status` varchar(6) NOT NULL
) ENGINE=InnoDB DEFAULT CHARSET=latin1;

--
-- Indexes for dumped tables
--

--
-- Indexes for table `administrative_file`
--
ALTER TABLE `administrative_file`
  ADD PRIMARY KEY (`id`),
  ADD KEY `fk_adm_registry` (`id_registry`);

--
-- Indexes for table `authorization_user_page`
--
ALTER TABLE `authorization_user_page`
  ADD PRIMARY KEY (`id`),
  ADD KEY `fk_authorization_credential` (`id_user`),
  ADD KEY `fk_authorization_page` (`id_page`);

--
-- Indexes for table `category_module`
--
ALTER TABLE `category_module`
  ADD PRIMARY KEY (`id`);

--
-- Indexes for table `chat`
--
ALTER TABLE `chat`
  ADD PRIMARY KEY (`id`);

--
-- Indexes for table `city`
--
ALTER TABLE `city`
  ADD PRIMARY KEY (`id`),
  ADD KEY `fk_state` (`id_state`);

--
-- Indexes for table `client`
--
ALTER TABLE `client`
  ADD PRIMARY KEY (`id`),
  ADD KEY `fk_user_credential` (`id_credential`),
  ADD KEY `fk_user_registry` (`id_registry`),
  ADD KEY `fk_user_role` (`id_role`);

--
-- Indexes for table `credential`
--
ALTER TABLE `credential`
  ADD PRIMARY KEY (`id`);

--
-- Indexes for table `employee`
--
ALTER TABLE `employee`
  ADD PRIMARY KEY (`id`),
  ADD KEY `fk_employee_role` (`id_role`),
  ADD KEY `fk_employee_credential` (`id_credential`);

--
-- Indexes for table `log`
--
ALTER TABLE `log`
  ADD PRIMARY KEY (`id`),
  ADD KEY `fk_log_employee` (`who_did`);

--
-- Indexes for table `notification`
--
ALTER TABLE `notification`
  ADD PRIMARY KEY (`id`);

--
-- Indexes for table `page`
--
ALTER TABLE `page`
  ADD PRIMARY KEY (`id`);

--
-- Indexes for table `registry`
--
ALTER TABLE `registry`
  ADD PRIMARY KEY (`id`),
  ADD KEY `id_city` (`id_city`);

--
-- Indexes for table `role`
--
ALTER TABLE `role`
  ADD PRIMARY KEY (`id`);

--
-- Indexes for table `state`
--
ALTER TABLE `state`
  ADD PRIMARY KEY (`id`);

--
-- Indexes for table `ticket`
--
ALTER TABLE `ticket`
  ADD PRIMARY KEY (`id`),
  ADD KEY `fk_ticket_module` (`id_module`),
  ADD KEY `fk_ticket_employee` (`id_attendant`),
  ADD KEY `fk_ticket_who_opened` (`id_who_opened`),
  ADD KEY `fk_ticket_registry` (`id_registry`),
  ADD KEY `fk_ticket_client` (`id_client`),
  ADD KEY `fk_ticket_chat` (`id_chat`),
  ADD KEY `fk_ticket_who_closed` (`id_who_closed`);

--
-- Indexes for table `ticket_module`
--
ALTER TABLE `ticket_module`
  ADD PRIMARY KEY (`id`),
  ADD KEY `fk_ticket_module_category` (`id_category`);

--
-- Indexes for table `user_notification`
--
ALTER TABLE `user_notification`
  ADD PRIMARY KEY (`id`),
  ADD KEY `fk_u_n_notification` (`id_notification`),
  ADD KEY `fk_u_n_user` (`id_user`);

--
-- AUTO_INCREMENT for dumped tables
--

--
-- AUTO_INCREMENT for table `administrative_file`
--
ALTER TABLE `administrative_file`
  MODIFY `id` int(8) NOT NULL AUTO_INCREMENT, AUTO_INCREMENT=8;

--
-- AUTO_INCREMENT for table `authorization_user_page`
--
ALTER TABLE `authorization_user_page`
  MODIFY `id` int(8) NOT NULL AUTO_INCREMENT, AUTO_INCREMENT=49;

--
-- AUTO_INCREMENT for table `category_module`
--
ALTER TABLE `category_module`
  MODIFY `id` int(11) NOT NULL AUTO_INCREMENT, AUTO_INCREMENT=53;

--
-- AUTO_INCREMENT for table `chat`
--
ALTER TABLE `chat`
  MODIFY `id` int(8) NOT NULL AUTO_INCREMENT, AUTO_INCREMENT=1498;

--
-- AUTO_INCREMENT for table `city`
--
ALTER TABLE `city`
  MODIFY `id` int(8) NOT NULL AUTO_INCREMENT, AUTO_INCREMENT=203;

--
-- AUTO_INCREMENT for table `client`
--
ALTER TABLE `client`
  MODIFY `id` int(8) NOT NULL AUTO_INCREMENT, AUTO_INCREMENT=430;

--
-- AUTO_INCREMENT for table `credential`
--
ALTER TABLE `credential`
  MODIFY `id` int(8) NOT NULL AUTO_INCREMENT, AUTO_INCREMENT=441;

--
-- AUTO_INCREMENT for table `employee`
--
ALTER TABLE `employee`
  MODIFY `id` int(8) NOT NULL AUTO_INCREMENT, AUTO_INCREMENT=10;

--
-- AUTO_INCREMENT for table `log`
--
ALTER TABLE `log`
  MODIFY `id` int(11) NOT NULL AUTO_INCREMENT;

--
-- AUTO_INCREMENT for table `notification`
--
ALTER TABLE `notification`
  MODIFY `id` int(8) NOT NULL AUTO_INCREMENT, AUTO_INCREMENT=2;

--
-- AUTO_INCREMENT for table `page`
--
ALTER TABLE `page`
  MODIFY `id` int(8) NOT NULL AUTO_INCREMENT, AUTO_INCREMENT=9;

--
-- AUTO_INCREMENT for table `registry`
--
ALTER TABLE `registry`
  MODIFY `id` int(8) NOT NULL AUTO_INCREMENT, AUTO_INCREMENT=178;

--
-- AUTO_INCREMENT for table `role`
--
ALTER TABLE `role`
  MODIFY `id` int(8) NOT NULL AUTO_INCREMENT, AUTO_INCREMENT=6;

--
-- AUTO_INCREMENT for table `state`
--
ALTER TABLE `state`
  MODIFY `id` int(8) NOT NULL AUTO_INCREMENT, AUTO_INCREMENT=13;

--
-- AUTO_INCREMENT for table `ticket`
--
ALTER TABLE `ticket`
  MODIFY `id` int(11) NOT NULL AUTO_INCREMENT, AUTO_INCREMENT=1501;

--
-- AUTO_INCREMENT for table `ticket_module`
--
ALTER TABLE `ticket_module`
  MODIFY `id` int(8) NOT NULL AUTO_INCREMENT, AUTO_INCREMENT=137;

--
-- AUTO_INCREMENT for table `user_notification`
--
ALTER TABLE `user_notification`
  MODIFY `id` int(8) NOT NULL AUTO_INCREMENT;

--
-- Constraints for dumped tables
--

--
-- Limitadores para a tabela `administrative_file`
--
ALTER TABLE `administrative_file`
  ADD CONSTRAINT `fk_adm_registry` FOREIGN KEY (`id_registry`) REFERENCES `registry` (`id`);

--
-- Limitadores para a tabela `authorization_user_page`
--
ALTER TABLE `authorization_user_page`
  ADD CONSTRAINT `fk_authorization_credential` FOREIGN KEY (`id_user`) REFERENCES `credential` (`id`),
  ADD CONSTRAINT `fk_authorization_page` FOREIGN KEY (`id_page`) REFERENCES `page` (`id`);

--
-- Limitadores para a tabela `city`
--
ALTER TABLE `city`
  ADD CONSTRAINT `fk_state` FOREIGN KEY (`id_state`) REFERENCES `state` (`id`);

--
-- Limitadores para a tabela `client`
--
ALTER TABLE `client`
  ADD CONSTRAINT `fk_user_credential` FOREIGN KEY (`id_credential`) REFERENCES `credential` (`id`),
  ADD CONSTRAINT `fk_user_registry` FOREIGN KEY (`id_registry`) REFERENCES `registry` (`id`),
  ADD CONSTRAINT `fk_user_role` FOREIGN KEY (`id_role`) REFERENCES `role` (`id`);

--
-- Limitadores para a tabela `employee`
--
ALTER TABLE `employee`
  ADD CONSTRAINT `fk_employee_credential` FOREIGN KEY (`id_credential`) REFERENCES `credential` (`id`),
  ADD CONSTRAINT `fk_employee_role` FOREIGN KEY (`id_role`) REFERENCES `role` (`id`);

--
-- Limitadores para a tabela `log`
--
ALTER TABLE `log`
  ADD CONSTRAINT `fk_log_employee` FOREIGN KEY (`who_did`) REFERENCES `employee` (`id`);

--
-- Limitadores para a tabela `registry`
--
ALTER TABLE `registry`
  ADD CONSTRAINT `registry_ibfk_1` FOREIGN KEY (`id_city`) REFERENCES `city` (`id`);

--
-- Limitadores para a tabela `ticket`
--
ALTER TABLE `ticket`
  ADD CONSTRAINT `fk_ticket_chat` FOREIGN KEY (`id_chat`) REFERENCES `chat` (`id`),
  ADD CONSTRAINT `fk_ticket_client` FOREIGN KEY (`id_client`) REFERENCES `client` (`id`),
  ADD CONSTRAINT `fk_ticket_employee` FOREIGN KEY (`id_attendant`) REFERENCES `employee` (`id`),
  ADD CONSTRAINT `fk_ticket_module` FOREIGN KEY (`id_module`) REFERENCES `ticket_module` (`id`),
  ADD CONSTRAINT `fk_ticket_registry` FOREIGN KEY (`id_registry`) REFERENCES `registry` (`id`),
  ADD CONSTRAINT `fk_ticket_who_closed` FOREIGN KEY (`id_who_closed`) REFERENCES `credential` (`id`),
  ADD CONSTRAINT `fk_ticket_who_opened` FOREIGN KEY (`id_who_opened`) REFERENCES `credential` (`id`);

--
-- Limitadores para a tabela `ticket_module`
--
ALTER TABLE `ticket_module`
  ADD CONSTRAINT `fk_ticket_module_category` FOREIGN KEY (`id_category`) REFERENCES `category_module` (`id`);

--
-- Limitadores para a tabela `user_notification`
--
ALTER TABLE `user_notification`
  ADD CONSTRAINT `fk_u_n_notification` FOREIGN KEY (`id_notification`) REFERENCES `notification` (`id`),
  ADD CONSTRAINT `fk_u_n_user` FOREIGN KEY (`id_user`) REFERENCES `credential` (`id`);

DELIMITER $$
--
-- Eventos
--
CREATE DEFINER=`root`@`localhost` EVENT `update_status_of_on_chat` ON SCHEDULE EVERY 1 DAY STARTS '2018-10-31 18:30:00' ON COMPLETION NOT PRESERVE ENABLE COMMENT 'Every employees goes to offline' DO UPDATE employee SET on_chat = "no"$$

DELIMITER ;
COMMIT;

/*!40101 SET CHARACTER_SET_CLIENT=@OLD_CHARACTER_SET_CLIENT */;
/*!40101 SET CHARACTER_SET_RESULTS=@OLD_CHARACTER_SET_RESULTS */;
/*!40101 SET COLLATION_CONNECTION=@OLD_COLLATION_CONNECTION */;
